Date,"GLD,IEF,LQD,QQQ,TIP,VNQ","GLD,IEF,QQQ,TIP,VNQ","GLD,IEF,LQD,QQQ,VNQ","GLD,IEF,QQQ,VNQ","GLD,IEF,QQQ,TIP,TLT,VNQ"
2005-10-03,100000.0,100000.0,100000.0,100000.0,100000.0
2005-10-04,99788.40232468415,99603.11940579406,99728.2430925991,99311.77749479341,99603.11940579406
2005-10-05,99481.84126347816,99055.86876947142,99293.6904739805,98286.83905160878,99055.86876947142
2005-10-06,99330.86040685432,98942.5358737138,99194.86242504555,98312.52209966806,98942.5358737138
2005-10-07,99416.86983055959,98985.62066778519,99246.64349804666,98247.86119112321,98985.62066778519
2005-10-10,99243.87413662687,98754.27230662538,98945.79175947998,97706.08441335418,98754.27230662538
2005-10-11,98989.26261111535,98451.9332279205,98714.33119178316,97407.93404447807,98451.9332279205
2005-10-12,98295.23082929698,97612.84323269462,97857.59882012257,96112.37724966758,97612.84323269462
2005-10-13,98370.39247999208,97816.50234759148,97986.89296794089,96537.6427596703,97816.50234759148
2005-10-14,98615.16091714059,98300.82500570746,98246.57028227934,97263.92868474762,98300.82500570746
2005-10-17,98923.9978971074,98701.77855884444,98606.94940209684,97850.90471859276,98701.77855884444
2005-10-18,98747.95033056401,98360.80763141315,98323.52334683997,97145.22311792718,98360.80763141315
2005-10-19,99005.82386729268,98703.0206429475,98690.61577348126,97782.2658121716,98703.0206429475
2005-10-20,98545.662935377,98128.65712647108,98056.89080943132,96755.29939540075,98128.65712647108
2005-10-21,99123.84842891713,98735.62440068836,98749.92673288764,97618.71854651406,98735.62440068836
2005-10-24,99225.09799417444,99094.46895419384,99086.10008326321,98680.1126950068,99094.46895419384
2005-10-25,98965.1025732978,98957.9907805655,98940.67133567705,98887.82796147747,98957.9907805655
2005-10-26,98579.65536988208,98523.07758524468,98515.96580732778,98327.98212614284,98523.07758524468
2005-10-27,98418.03736413489,98233.65126543479,98103.01144467825,97411.0664210283,98233.65126543479
2005-10-28,98781.31185567926,98793.60485092826,98643.62600909734,98505.97737325392,98793.60485092826
2005-10-31,98905.28442509031,99000.10411912859,98703.36693251041,98656.27638355092,99000.10411912859
2005-11-01,98462.60973851662,98388.89004548195,98111.93134593328,97585.87103443932,98388.89004548195
2005-11-02,99497.98471413653,99423.48982810645,99143.61879353484,98612.02674076737,99423.48982810645
2005-11-03,99846.23954109121,99771.48391406506,99490.63329745473,98957.18060902835,99771.48391406506
2005-11-04,99473.43765095537,99398.96114349527,99119.15915566856,98587.69825152427,99398.96114349527
2005-11-07,99848.80121252572,99774.04366755697,99493.18584539734,98959.71947062164,99774.04366755697
2005-11-08,99894.4849938798,99819.69324512195,99538.70692219734,99004.99647076844,99819.69324512195
2005-11-09,100722.43181413357,100647.0201753931,100363.70497783029,99825.5710202266,100647.0201753931
2005-11-10,101707.84412687397,101631.69470255786,101345.60770650847,100802.20894524411,101631.69470255786
2005-11-11,102172.01552333846,102095.51857042288,101808.12593859281,101262.24722935572,102095.51857042288
2005-11-14,102007.7998566027,101931.42585318616,101644.49513230509,101099.49378499274,101931.42585318616
2005-11-15,101847.65349034462,101771.3993897114,101484.91913352405,100940.77340691423,101771.3993897114
2005-11-16,102808.90016410644,102731.9263708924,102442.74229008149,101893.4608705831,102731.9263708924
2005-11-17,104311.57438591299,104233.47552925955,103940.06467953176,103382.75485949338,104233.47552925955
2005-11-18,104529.352530798,104451.09062201712,104157.0671991313,103598.59384667143,104451.09062201712
2005-11-21,105172.93648770358,105094.19272279607,104798.35900688401,104236.4471514458,105094.19272279607
2005-11-22,105928.25316494847,105848.94388879016,105550.98559457135,104985.03827706724,105848.94388879016
2005-11-23,106015.05901635652,105935.6847480074,105637.48228358243,105071.0711848181,105935.6847480074
2005-11-25,106405.70731205225,106326.04056239962,106026.73927026486,105458.24103847954,106326.04056239962
2005-11-28,106011.82857608647,105932.45672639215,105634.26334865032,105067.86950929459,105932.45672639215
2005-11-29,105885.30732719573,105806.03020490761,105508.19271008065,104942.4748411037,105806.03020490761
2005-11-30,105084.23551681699,105005.5581629904,104709.97394793568,104148.53599889195,105005.5581629904
2005-12-01,107047.20466742963,106967.05762390455,106665.95190800143,106094.02632141116,106967.05762390455
2005-12-02,107099.85800152924,107019.67153605874,106718.41771521528,106146.21081545028,107019.67153605874
2005-12-05,107022.42119600085,106942.29270804636,106641.25670386462,106069.4635289658,106942.29270804636
2005-12-06,107137.1656939304,107056.95129591129,106755.5925348271,106183.1863096904,107056.95129591129
2005-12-07,107208.89697983704,107128.62887606717,106827.06834698482,106254.27888010073,107128.62887606717
2005-12-08,107561.05493170154,107480.52316463675,107177.97207468418,106603.30111875218,107480.52316463675
2005-12-09,108148.43765789772,108067.46611298848,107763.26281458423,107185.4536243445,108067.46611298848
2005-12-12,108426.87232594099,108345.69231491131,108040.70582678894,107461.40903197938,108345.69231491131
2005-12-13,108104.74418810284,108023.8053568215,107719.72496077184,107142.1492134643,108023.8053568215
2005-12-14,107104.57380653058,107024.38381030153,106723.11672469472,106150.88462960067,107024.38381030153
2005-12-15,106862.01696406148,106782.00857195623,106481.42375780085,105910.48758131432,106782.00857195623
2005-12-16,106584.51046010647,106504.70983919824,106204.90560399211,105635.4520731342,106504.70983919824
2005-12-19,105645.12067194216,105566.02337920091,105268.86148888886,104704.42687522082,105566.02337920091
2005-12-20,104870.45456444233,104791.93727001517,104496.95438469078,103936.65861210055,104791.93727001517
2005-12-21,105464.0296287783,105385.06792025677,105088.41540847886,104524.94831751642,105385.06792025677
2005-12-22,106453.90847530842,106374.20563708396,106074.76876321393,105506.01300505355,106374.20563708396
2005-12-23,106542.24310751523,106462.47413249033,106162.78878821184,105593.56108090997,106462.47413249033
2005-12-27,106432.2787750531,106352.59213114713,106053.2160979726,105484.57590171824,106352.59213114713
2005-12-28,106940.82910656018,106860.76170721384,106559.95520780605,105988.59795838284,106860.76170721384
2005-12-29,106518.92097385875,106439.16946028991,106139.54971723635,105570.44661407538,106439.16946028991
2005-12-30,106204.99957171388,106125.48309344893,105826.746358306,105259.3204561763,106125.48309344893
2006-01-03,108701.31716609621,108629.17943818499,108323.66070268933,107761.60319622983,108623.75050395812
2006-01-04,108963.41719549289,108978.89512205916,108671.28079777175,108283.66430672962,108960.28607213448
2006-01-05,108908.7228148755,108875.50984204584,108706.99484017013,108291.5348106756,108852.95219906137
2006-01-06,109302.55783713814,109458.43133973322,109253.91126382325,109200.6094372047,109320.18524866141
2006-01-09,109599.86409491449,109849.17957105595,109609.55078039001,109726.96494018183,109663.47053250554
2006-01-10,109358.97326692517,109625.48636899242,109370.09250896725,109514.94529735566,109342.75089128353
2006-01-11,109369.44477470059,109700.80090005678,109443.00755351319,109718.28287874217,109380.25826812298
2006-01-12,109560.88661376855,109841.12491461643,109553.26549435951,109708.65038960258,109607.7452834287
2006-01-13,109832.62172139186,110095.9208604963,109815.8625965495,109940.18411393625,109918.07962223398
2006-01-17,109791.4688486672,110040.84308611444,109672.34349721475,109723.27548158256,109943.37601678268
2006-01-18,109495.25086146132,109654.61700582631,109292.70534305797,109165.31400115688,109609.08622545196
2006-01-19,109815.18831671338,110089.18233888003,109751.36188069568,109867.16969173966,109932.27190173582
2006-01-20,109448.69327268218,109567.969924577,109189.1111741943,108970.94882809663,109530.6834715113
2006-01-23,109584.5553360061,109664.92346286275,109429.6495832498,109205.34740170515,109608.09338586281
2006-01-24,109533.55948324865,109677.95923828063,109452.52417101544,109362.72233890239,109540.49355956414
2006-01-25,109056.92775889655,109244.06712328734,109050.20906561901,109064.15646113739,108995.348618713
2006-01-26,109013.37170037797,109240.16971416028,109028.36391909709,109113.69137038745,108923.11874914035
2006-01-27,109377.9690695533,109673.54573577397,109419.48562128165,109621.93181420762,109291.5561813304
2006-01-30,109363.4349558568,109790.43885592374,109407.27193767916,109810.69300425057,109374.8601068907
2006-01-31,109413.83958741641,109940.16377058749,109346.25573018246,109843.19858689298,109546.60946711445
2006-02-01,109292.84309703815,109804.69020453143,109297.31045964701,109809.77054306799,109360.14534299445
2006-02-02,108923.27247358797,109433.38878472471,108464.50526409553,108973.06059068222,108990.34713892423
2006-02-03,108730.73417681751,109239.94878050944,107394.98573945952,107898.5264315368,108797.69027757591
2006-02-06,108853.11261789987,109362.9003519937,107574.19405628683,108078.57499876556,108920.14407898112
2006-02-07,107915.56191830602,108420.95885607578,106129.0716861211,106626.67691264438,107982.01603812691
2006-02-08,107943.46677743756,108448.99440099631,106429.29000743247,106928.3028615116,108009.93808099748
2006-02-09,108298.85773548436,108806.04974829999,106915.39771628797,107416.68977372523,108365.54788786356
2006-02-10,107900.54119477095,108405.8677865448,106575.95909279505,107075.65963124084,107966.98606486972
2006-02-13,107501.27273989627,108004.72945256415,105764.67626570618,106260.57295881031,107567.47174152837
2006-02-14,107674.47880736187,108178.746689564,106722.45718191675,107222.84460298259,107740.78446883577
2006-02-15,107875.51396616883,108380.72334885373,107036.69276647599,107538.55353755564,107941.94342456595
2006-02-16,108504.7729871517,109012.9293552075,108024.73736037085,108531.23075610414,108571.58994160252
2006-02-17,109023.1988210143,109533.78311349769,108448.31949277669,108956.79892946554,109090.33502073311
2006-02-21,108719.29983772048,109228.46089139735,108060.64831451028,108567.31008520607,108786.24889724291
2006-02-22,109378.09356856943,109890.33992642554,109140.6500178272,109652.37557061105,109445.44831154241
2006-02-23,109016.1013112261,109526.65236420582,108649.9200106326,109159.34468758183,109083.23314031701
2006-02-24,109207.20627197747,109718.65231971272,108943.31943274253,109454.11976561321,109274.45578300167
2006-02-27,109202.57579179811,109714.00015377774,109165.75208576984,109677.59533411068,109269.82245138477
2006-02-28,109275.45103984723,109787.21669576585,108834.18511837884,109344.47375540258,109342.74257582039
2006-03-01,109505.76015978126,110018.6044138361,109614.66146650701,110128.60950715913,109546.73342344379
2006-03-02,109571.70196056334,110084.85503740142,109846.70627406197,110361.74229849828,109396.64166335844
2006-03-03,109216.80269972644,109728.2936900549,109172.13598186184,109684.00916224683,108969.6467946786
2006-03-06,108900.79924757956,109410.8103106927,109375.97353593256,109888.80244532427,108488.48812623267
2006-03-07,108470.04611438344,108978.03984736752,108432.81887974586,108941.22563902466,108190.39659606709
2006-03-08,108182.64314069434,108689.29089002022,108296.83146394441,108804.60062178408,107968.91555846565
2006-03-09,108200.09938693469,108706.82888844938,108549.28365044904,109058.2364757368,107991.3268586511
2006-03-10,108277.18852835854,108784.27905858234,108869.72701798694,109380.1822995947,107943.39055334018
2006-03-13,108292.85938952953,108800.02331051463,108840.45856848208,109350.77661970409,107932.62406765051
2006-03-14,109117.80057840004,109628.82791577558,110025.7433595127,110541.61883150137,108728.68512478509
2006-03-15,109637.25814319756,110150.71823686777,111410.31998610935,111932.68729445325,108958.14492623255
2006-03-16,110120.22130292613,110635.94324000098,111767.56753517063,112291.60986285421,109570.26541829004
2006-03-17,110268.71844713828,110785.13583536602,112238.36045663664,112764.61018154523,109592.95994025283
2006-03-20,109877.12858223173,110391.7120522083,111447.43594766075,111969.97728086103,109350.24316990378
2006-03-21,109075.55452255766,109586.38401055096,110320.83788113874,110838.0969568276,108613.13263155025
2006-03-22,109237.64927906496,109749.23789940315,110485.42668731156,111003.4574671987,108793.22194044059
2006-03-23,109182.03869837274,109693.36687974649,110504.15436310694,111022.27295106786,108662.77136661216
2006-03-24,109712.05563424069,110225.86602421895,111043.27812807934,111563.92449470572,109260.92574394261
2006-03-27,109380.8052935288,109893.06435110555,110736.85014185535,111256.05976579589,108911.5515615543
2006-03-28,109231.61509834268,109743.17545902668,111038.19782248532,111558.82036918585,108536.22973362637
2006-03-29,110053.11822248285,110568.52589819657,113105.14770734395,113635.46152005979,109004.57295464669
2006-03-30,109919.99024426751,110434.77444667187,113098.04038439706,113628.32087315191,108709.01291079492
2006-03-31,109843.54834658658,110357.97455149441,112900.09053528578,113429.44290059675,108643.34123800645
2006-04-03,109380.14989090773,109892.40587906181,112161.44307916494,112687.33216312535,108285.30326006029
2006-04-04,109284.83584730746,109796.64545474586,112063.70541207836,112589.13623542084,108190.9432676257
2006-04-05,110060.52012612739,110575.9624669012,112859.1136115829,113388.27384922256,108958.86329196148
2006-04-06,110306.07839014432,110822.67074480372,113110.91587442145,113641.25673222532,109201.96362701866
2006-04-07,108976.43334178219,109486.7986192359,111747.46091887327,112271.4089730727,107885.62773395458
2006-04-10,108999.40555807261,109509.87842045253,111771.01726737371,112295.0757697467,107908.3700085816
2006-04-11,108291.59767551022,108798.75568755699,111045.21140945354,111565.86684061709,107207.64696797896
2006-04-12,108488.81534090413,108996.89697510874,111247.44388009238,111769.0475145405,107402.89057229582
2006-04-13,108182.64782549969,108689.29559676575,110933.49120782073,111453.62281874014,107099.78765748894
2006-04-17,108323.47481145554,108830.7821125076,111077.89910984914,111598.70780317074,107239.20502797746
2006-04-18,110427.36663467396,110944.5270140583,113235.28820841946,113766.21220826393,109322.03783018872
2006-04-19,111933.93537701895,112458.15141376527,114780.16563277764,115318.33306807748,110813.52648978248
2006-04-20,110631.76529421819,111149.88292624324,113444.88426986932,113976.79099851727,109524.3905500997
2006-04-21,111104.92420309382,111625.25776264009,113930.0745541959,114464.25618469217,109992.81334883328
2006-04-24,110196.48209357646,110712.56117997605,112998.5327885376,113528.34671804533,109093.4643406137
2006-04-25,110290.88505934668,110807.40625964502,113095.33621111746,113625.60402086985,109186.92237470191
2006-04-26,110529.47155561546,111047.11011917879,113339.98942970783,113871.40434004558,109423.12072630398
2006-04-27,110910.2438044122,111429.66562448746,113730.44386730126,114263.68949344366,109800.08161431787
2006-04-28,111537.55433649632,112059.91401665694,114373.70550670743,114909.9671806556,110421.11304710263
2006-05-01,110643.23365351361,111161.40499487924,113456.64424395608,113988.60611135609,109535.74411622151
2006-05-02,110916.15882072841,111435.60834237962,113736.5092892862,114269.78335424967,109805.93742395271
2006-05-03,110880.10564524104,111399.38632039633,113699.53936197962,114232.64008679455,109770.24512470984
2006-05-04,112180.75258063759,112706.12452721458,115033.25884724336,115572.61295556612,111057.87316301618
2006-05-05,113243.5096080223,113773.85872506187,116123.03941485895,116667.50315523251,112109.99246543889
2006-05-08,113300.83437233992,113831.45195631632,116181.82182004352,116726.56117228839,112166.74343437278
2006-05-09,113864.81365719084,114398.07250437768,116760.14183988923,117307.59274948502,112725.07753752939
2006-05-10,113525.78751828703,114057.45861696587,116412.49502262911,116958.31592764177,112389.44489942364
2006-05-11,111917.33553833768,112441.47383367688,114763.1436972324,115301.2313221282,110797.09280810018
2006-05-12,110798.06933232151,111316.96580986341,113615.41704864282,114148.1233508729,109689.0299587799
2006-05-15,110006.76439915023,110521.9549877271,112803.9909963959,113332.89278174745,108905.64563589229
2006-05-16,109922.60524902755,110437.40169818653,112717.69186684187,113246.18902321448,108822.32888141506
2006-05-17,108408.80777066921,108916.51470839567,111165.4018958406,111686.62086170066,107323.68384223896
2006-05-18,107556.58414044142,108060.29989093449,110291.50811997861,110808.62967781104,106479.99059134611
2006-05-19,107360.86980191413,107863.66897072415,110090.81720245472,110606.99778485141,106286.23526626284
2006-05-22,106697.96313215565,107197.65773481257,109411.05429500696,109924.0476868425,105629.96399730309
2006-05-23,106225.65947012792,106723.14215060936,108926.7410045476,109437.46360647817,105162.38788477701
2006-05-24,105795.90783005925,106291.37787066716,108486.0617390336,108994.71813702722,104736.93786740406
2006-05-25,107310.45368801715,107813.01674491592,110039.11911925803,110555.05730590025,106236.32379523291
2006-05-26,108040.5343501338,108546.51656664589,110787.76410382669,111307.21244702839,106959.09667477693
2006-05-30,106700.93894949595,107200.64748868757,109414.10578074328,109927.11348001809,105632.9100280359
2006-05-31,106671.775150683,107171.34710814022,109384.20041159,109897.06789416682,105604.0381458724
2006-06-01,107806.79352952028,108311.68107633996,110548.07977561295,111066.40431576483,106727.6954957729
2006-06-02,109177.15402721729,109688.45933239235,111953.2854835378,112478.19858320022,108084.33929464067
2006-06-05,109408.10039328906,109920.48728099148,112190.10430046514,112716.12776771272,108312.97399034948
2006-06-06,108109.77697997735,108616.08347792267,110858.76741926919,111378.54867427632,107027.64621670578
2006-06-07,108458.03110207604,108965.96856559986,111215.87686674952,111737.33249358222,107372.41447000067
2006-06-08,107501.85878742438,108005.31824470687,110235.39122332481,110752.2496670017,106425.81301476226
2006-06-09,107695.9983050447,108200.36696871005,110434.46727575942,110952.25912328687,106618.00928219511
2006-06-12,106589.47843223861,107088.66497253493,109299.81107119682,109812.28287918444,105522.56518096106
2006-06-13,103407.18934734313,103891.47239151697,106036.60347445331,106533.77514714743,102372.12939382074
2006-06-14,102636.20915425118,103116.88149555936,105246.01897508217,105739.4838502641,101608.86636940793
2006-06-15,105117.03163543294,105609.32232040584,107789.9232373281,108295.31566484379,104064.85692141458
2006-06-16,105200.54849105782,105693.2303074147,107875.5637402682,108381.35770867356,104147.53781047616
2006-06-19,103908.83530129016,104395.46768530401,106551.00516585383,107050.5887033283,102868.7540949801
2006-06-20,104130.38623080193,104618.05619604452,106778.18964123033,107278.83837394809,103088.0873982683
2006-06-21,105564.31574783506,106058.70118185718,108248.58078683268,108756.12371270091,104507.66391887418
2006-06-22,104704.73039960979,105195.09016953838,107367.1381009083,107870.54822432731,103656.68263750536
2006-06-23,104337.63480232457,104826.27536709461,106990.70808156214,107492.353245182,103293.26150380686
2006-06-26,105251.49724535672,105744.41766811984,107927.80800772397,108433.84693276683,104197.97659041459
2006-06-27,104810.76223278714,105301.61857765676,107475.86608704987,107979.7860011729,103761.6531392123
2006-06-28,104930.99492955834,105422.4143557453,107599.1560330648,108103.65401425787,103880.6823601873
2006-06-29,107692.77592844458,108197.12950087343,110431.16296131136,110948.93931596664,106614.81916015092
2006-06-30,109277.00146876255,109788.7743857473,112055.67182276527,112581.06497918042,108183.18730772399
2006-07-03,111192.47442955786,111713.21800982377,114019.85098759728,114554.45355103652,110079.48723648653
2006-07-05,111265.98611097434,111787.07396576394,114095.23190707008,114630.18790749801,110152.26309868162
2006-07-06,111753.74090406756,112277.11304274012,114595.38921638696,115132.69029424984,110635.13568332633
2006-07-07,111213.46050562071,111734.30236919617,114041.37069275517,114576.07415519966,110100.26325126589
2006-07-10,111427.0277846166,111948.86983988725,114260.36851119445,114796.09878426982,110311.69281682749
2006-07-11,112633.80153171341,113161.29522559413,115497.82782240794,116039.36014586485,111506.38729567936
2006-07-12,113493.70359856654,114025.22443981734,116379.5952804083,116925.26192906668,112357.68212546351
2006-07-13,112851.38749924397,113379.90020539441,115720.94651566575,116263.52497121575,111721.79532449154
2006-07-14,112003.30590692614,112527.8468240953,114851.30010049704,115389.80106253334,110882.20265155222
2006-07-17,110910.82540557378,111430.24994944011,113731.04025728286,114264.28867970688,109800.65739391059
2006-07-18,111402.88536001954,111924.6143499709,114235.61219860084,114771.22639725532,110287.7920471583
2006-07-19,113219.3332899787,113749.56918296704,116098.24834698408,116642.59584998035,112086.05814158141
2006-07-20,111714.41456030411,112237.60252337343,114555.06289143738,115092.17489207812,110596.2029787654
2006-07-21,110001.7720356848,110516.93924371146,112798.87168826538,113327.74947082065,108900.70324376372
2006-07-24,110860.06429385542,111379.25111009504,113678.98840373987,114211.99277169358,109750.40437833396
2006-07-25,111490.49413919702,112012.63342408574,114325.44867358054,114861.48408669372,110374.52390143843
2006-07-26,112026.1536147102,112550.8015336995,114874.72877451757,115413.33958610271,110904.82166394762
2006-07-27,112337.15159145156,112863.25599569938,115193.63473598134,115733.7407954818,111212.70668932279
2006-07-28,113544.67571502949,114076.43527209763,116431.86350407577,116977.77522169465,112408.14403372108
2006-07-31,113324.94452254422,113855.67502069038,116206.54503757857,116751.40030907221,112190.61225270147
2006-08-01,113536.47380623002,114073.36528769539,116428.90313287266,116987.05421729112,112405.11894577854
2006-08-02,113711.26339591327,114240.77123202989,116572.98374218674,117095.38278070472,112570.07669062715
2006-08-03,113744.65307000742,114283.00162788949,116643.97421042365,117204.94818707323,112611.68949531432
2006-08-04,114417.01897997671,115046.00201225872,117293.12353071559,117979.58127400363,113363.53151158514
2006-08-07,114260.39627286089,114865.90924499223,117082.48874288163,117697.2807723323,113186.07248006792
2006-08-08,114166.19965089562,114709.28393284905,116873.56656483005,117310.34833184481,113031.7377079064
2006-08-09,114140.53199571313,114694.67916738057,116818.35337602897,117255.31184854738,113017.34652732256
2006-08-10,113998.32249745536,114500.85046747491,116693.05360407765,117056.45806501815,112826.35244195431
2006-08-11,113647.51245433673,114101.1262877147,116301.37856579079,116562.70262548943,112432.47395982017
2006-08-14,113518.07251088784,113975.79326479239,116226.558790037,116532.35842809785,112308.97384816936
2006-08-15,114050.0706268337,114488.51801058883,116826.98489238613,117133.80670066165,112814.20033896623
2006-08-16,114449.06236582628,114858.31432190727,117310.86337651595,117615.05840260856,113178.5886276314
2006-08-17,114263.93572413413,114621.8730777967,117101.00683863027,117306.09034040425,112945.60517789352
2006-08-18,114578.5290874286,114971.01496860234,117390.03213461976,117631.06544764277,113289.64110307189
2006-08-21,114910.66458368443,115369.8571447949,117745.83263067104,118108.37545018463,113682.6504803481
2006-08-22,115026.06466047154,115500.94296305793,117841.88200961072,118216.27987858327,113811.81925657204
2006-08-23,114845.31177867095,115266.25909140025,117652.18519604128,117933.13083025411,113580.5674788954
2006-08-24,114851.0475447,115274.23710190087,117743.55879021491,118083.12528031264,113588.42881635144
2006-08-25,115015.0503153587,115439.24069353995,117872.17956342586,118187.52087381498,113751.01934129909
2006-08-28,114965.53480050413,115357.74557722574,117944.54027654328,118284.98442467862,113670.71603631905
2006-08-29,115024.26205060461,115409.95687339963,118014.89158107174,118350.6180962746,113722.1637773578
2006-08-30,115208.55649813764,115636.84301980081,118237.55442079618,118666.51790475464,113945.73186627193
2006-08-31,115512.17356237686,115907.6141639662,118571.08441814987,118957.67532340047,114212.5431643364
2006-09-01,115449.46268279999,115876.71523728165,118501.06012322259,118937.6230137015,114160.9366621201
2006-09-05,115288.10767535205,115799.21777514601,118452.60544102793,119110.91663420777,113949.34796655076
2006-09-06,115164.29733936036,115619.14791295787,118301.76706981237,118851.03947895824,113776.49018344171
2006-09-07,114972.58555411518,115286.4164271777,118101.88810621889,118418.52591539224,113565.3248799791
2006-09-08,115049.76171072898,115344.63875259811,118232.96234725737,118555.65455153369,113629.81387831504
2006-09-11,114724.79813176037,114892.50129688751,117889.53031305324,117997.72074955615,113256.61852870778
2006-09-12,115023.68269401114,115247.90515927377,118225.42475825477,118446.18108131686,113653.6977404558
2006-09-13,115292.56353200003,115501.43712214698,118507.61436494907,118707.08269324093,113861.78767007963
2006-09-14,114958.20439326299,115148.10316112827,118036.94700454288,118114.82218248038,113532.23867478759
2006-09-15,114904.19394808971,115103.86133651924,118092.29040529068,118265.39706216892,113478.63549021358
2006-09-18,114859.0864702955,115028.69858453388,118058.46620312014,118191.43212576293,113381.78241453263
2006-09-19,115217.46953304582,115348.62502196961,118460.37324965821,118553.9581550643,113899.63609274192
2006-09-20,115257.20921493243,115323.4885233687,118572.48393368929,118610.77324785107,113915.57345918592
2006-09-21,115878.65091970246,115912.93437377701,119195.50624670443,119169.38141864307,114595.40331740885
2006-09-22,116177.64500456997,116316.8521553637,119478.49805094251,119606.42335644862,115029.7876026222
2006-09-25,116449.43318279635,116632.97413070781,119740.1966078794,119927.74245454154,115447.21747468573
2006-09-26,116212.58283704908,116435.71097393303,119477.8212785056,119716.93163082731,115190.51644075809
2006-09-27,116355.42748252631,116667.32745579012,119683.62110126368,120110.16847792536,115300.70063409064
2006-09-28,116317.25426132815,116597.24673546923,119622.59882881783,119981.21175172758,115205.27260961046
2006-09-29,116211.13103985252,116467.63777696973,119492.05435482577,119796.89484903932,115074.3479090984
2006-10-02,116308.26200051214,116522.90988451417,119584.51096387315,119816.17295556377,115182.48620173748
2006-10-03,116347.11690539878,116545.20113704247,119799.14106347886,120132.19120196102,115171.19434466638
2006-10-04,117087.34933006686,117368.27198318254,120675.37578145046,121235.72213411045,115989.47383418473
2006-10-05,116915.01069492282,117289.01822712045,120503.08998044042,121227.67775071616,115772.59544770246
2006-10-06,116373.06495466999,116796.59559433543,119863.34867171229,120612.03112111258,115150.65439005505
2006-10-09,116456.53335541626,116878.47130873869,120073.94519997027,120913.46585417062,115275.16282159809
2006-10-10,115998.37563643829,116444.04453755537,119604.24569924708,120486.29572937732,114755.62069920615
2006-10-11,115733.95196267373,116178.0814832845,119360.37114519734,120261.16314878095,114478.9014940775
2006-10-12,116051.91338040955,116516.76565030873,119809.52565672835,120837.75542623429,114762.05044230983
2006-10-13,115970.70349628851,116589.63071573603,119772.08835593323,121101.68631642786,114711.6540958472
2006-10-16,116165.28724217399,116744.44200141646,120013.14589168564,121304.71771332053,114932.00686141025
2006-10-17,116145.51605468855,116617.71286689444,119989.54221437665,121093.3001780238,114848.06891229634
2006-10-18,116159.57699250072,116530.53548051961,120106.92134951697,121113.13678242934,114822.8621258758
2006-10-19,116022.86494825181,116498.25529394078,119897.33793597299,121032.67192241331,114757.60674043179
2006-10-20,116030.18822640975,116489.32867848707,119912.48335941232,121025.41203157735,114728.27549794804
2006-10-23,115907.97907470055,116429.48771839375,119872.22383547465,121157.9389855028,114593.99283150827
2006-10-24,115954.53364715943,116408.86739802879,119869.08338224245,120999.460219175,114577.52260758256
2006-10-25,116470.21586369861,116936.42986317114,120393.16474208515,121538.8467780811,115169.78677202124
2006-10-26,117018.77118070854,117565.29841006853,120950.40870392029,122229.4956437319,115813.20113066207
2006-10-27,117128.50813896781,117557.99773333981,121005.24190019086,122037.26752345965,115908.53767470439
2006-10-30,117225.61745866374,117649.89986437779,121227.4385346825,122342.67342673648,116043.51668569795
2006-10-31,117738.92723604699,118159.3318174997,121706.32747745755,122777.23193398373,116620.61936850747
2006-11-01,117888.60635891727,118204.89225950443,121760.32749893701,122576.97876657867,116778.204947159
2006-11-02,117437.41606426181,117637.7144384796,121236.73569493278,121823.53512320196,116231.56582919488
2006-11-03,116632.3241677634,116837.45417395174,120347.09100431748,120904.78908689685,115340.74792256253
2006-11-06,117053.47799578538,117367.05786372414,120813.78087931898,121572.4381690356,115832.04060828887
2006-11-07,117306.56295018156,117559.6274723375,121008.3872353725,121626.11487993435,116081.15168415858
2006-11-08,117559.50860557638,117854.16035165703,121285.97701092645,121983.51703402068,116393.48497621735
2006-11-09,117624.74482153058,117898.8799622353,121291.34333160052,121917.20315883867,116418.97091344022
2006-11-10,117863.23299592183,118108.2184099018,121649.64374238798,122295.40564410671,116677.18643159608
2006-11-13,117885.4847985821,118167.34482743488,121787.69795561202,122564.7710042032,116721.1394268133
2006-11-14,118309.287361458,118680.4240213294,122337.13164628186,123332.28946800911,117219.02655089591
2006-11-15,118100.3656892296,118507.74035195544,122178.18011828097,123268.19206603576,117001.99210000795
2006-11-16,117929.05505089478,118333.53932061464,122194.30983854287,123397.23028901493,116768.011966435
2006-11-17,118157.4665930393,118504.28763915575,122427.62271886169,123532.65492145678,117021.69521763557
2006-11-20,118692.02492475639,119206.6828509012,123179.03379440287,124689.1356057598,117627.67639280291
2006-11-21,119063.56940474636,119656.66448428176,123636.57207284436,125325.23954543,118044.83185096437
2006-11-22,119311.5836099198,119948.9496432402,123931.06061643118,125718.73191610763,118317.38717184354
2006-11-24,119514.67814307912,120158.71051503406,124109.0863399269,125888.77647548603,118524.71556072372
2006-11-27,119010.82267722911,119459.99849656735,123310.34238148108,124587.31278988798,118027.48573700963
2006-11-28,119305.60853322122,119783.59533947507,123568.40218453857,124865.9541844621,118334.67803153356
2006-11-29,119454.59720201332,120029.7971442047,123842.56305480776,125377.5938172492,118489.52610418996
2006-11-30,120004.9484609677,120619.0938945533,124443.21167298516,126064.9509865476,119105.54329768028
2006-12-01,120098.8919219514,120696.23814272087,124428.3582079906,125953.9140999903,119220.47962484288
2006-12-04,120426.65566155135,121043.6301050392,124869.42906415765,126484.2873080837,119540.44646932247
2006-12-05,120284.55007724694,120869.82902817473,124701.59479924291,126254.0255349566,119301.61215402691
2006-12-06,119818.00343035771,120341.3254003234,124200.03867447597,125641.93316007064,118829.27804332155
2006-12-07,119594.71673388606,120017.48810052306,123948.6569613047,125219.1311626873,118548.88251023775
2006-12-08,119234.74372765761,119685.59454234278,123578.16261675571,124892.67981694563,118129.15334815852
2006-12-11,119596.70660407907,120083.3860920196,123984.36629648648,125374.6560155367,118542.11370011269
2006-12-12,119611.6200128645,120012.7123408091,124000.88558136366,125256.35586262475,118527.23408823751
2006-12-13,119150.79406702338,119598.8568477804,123527.8575490863,124857.87809878,118006.7026590554
2006-12-14,119124.34712966782,119602.34432394827,123532.4868191815,124927.57037213784,117934.9598537698
2006-12-15,118790.24264724758,119155.47133542568,123276.25308606749,124541.19576080411,117581.62116817039
2006-12-18,118599.33962895996,118891.9384448286,123086.24687714844,124239.48789316216,117373.1848337235
2006-12-19,118564.25465263125,118852.09053422224,123066.59540514146,124221.36876504066,117313.56039051448
2006-12-20,118586.08301846239,118850.31272193448,123121.6881840578,124257.14598745115,117309.86237860312
2006-12-21,118663.20326443853,118845.13277586803,123137.34544609915,124107.14860791218,117407.18028022643
2006-12-22,118156.27214815651,118290.00802219137,122604.62818755549,123491.53175151013,116798.27361670352
2006-12-26,118344.47026132238,118498.48325082602,122890.23288507239,123860.03455157627,117029.45491396124
2006-12-27,118219.88910508387,118464.16365629784,122866.91590499424,124037.49410268643,116853.0534743606
2006-12-28,118094.8702441372,118380.99369581147,122768.36151281417,124021.93515294563,116739.7332261658
2006-12-29,118171.11858323388,118504.34823109937,122853.36870701706,124185.47174781012,116824.477995992
2007-01-03,118228.69952771474,118675.98477025478,122754.425594539,124179.2645253458,117108.00391567602
2007-01-04,118736.4341436434,119035.78832560297,123423.77862180302,124704.32993946559,117524.36124612633
2007-01-05,118145.80844079121,118242.04603313902,122724.03661383153,123626.01210632386,116787.68498056007
2007-01-08,118238.30744204018,118383.88636462558,122823.1299022301,123805.63186894853,116939.7675871004
2007-01-09,118418.5036339096,118626.37769936066,123098.71698838202,124234.62013012958,117137.93011313566
2007-01-10,118443.75009396195,118722.32109783097,123233.70930266824,124548.05178988921,117125.74896823624
2007-01-11,118382.04982572842,118779.70296263059,123281.65624741481,124853.18887709128,117054.34696476013
2007-01-12,118452.23678455426,118925.7448472616,123540.02277776986,125346.59341543796,117079.69591225118
2007-01-16,118676.20200488303,119186.26126926093,123779.84241944295,125650.5824337531,117335.5218669063
2007-01-17,118565.87190328556,119097.73376887804,123631.70263789647,125515.8419126525,117201.40644591064
2007-01-18,118468.62516145142,118825.86192516424,123469.17459497692,125036.0174708497,117042.20624401633
2007-01-19,118648.90979489025,119103.77485985948,123648.72018846673,125367.51728783084,117213.69331134617
2007-01-22,118554.63823828507,118941.43805655932,123453.92961531256,125003.99879607582,117129.82098667594
2007-01-23,118578.91267570546,119101.85622640637,123491.43422904452,125265.86243713507,117127.47460274393
2007-01-24,118926.8656540038,119566.46423754375,123918.15487833046,125920.8078935762,117503.16361621054
2007-01-25,118493.36608597357,119109.19817252217,123442.2060431528,125388.35293509625,116985.46489758283
2007-01-26,118445.12133244806,119072.41452208655,123408.14705758655,125382.19516030955,116939.32316619263
2007-01-29,118363.60926906123,118980.37439011506,123336.30106808759,125300.99074757332,116820.38581089907
2007-01-30,118622.61514755066,119276.89715505662,123579.82744941987,125590.17513372535,117084.50435681688
2007-01-31,119268.96314029522,119983.68520344587,124264.07408947444,126382.80314316071,117828.5159036407
2007-02-01,119170.76913969591,119865.185254248,124296.47314446075,126468.68278177035,117707.72049484936
2007-02-02,119172.68233195442,119807.02335996604,124298.46862583507,126407.31668833522,117698.08357257894
2007-02-05,119268.8564382742,119870.70331759169,124398.77931703618,126474.50484095377,117783.58753949212
2007-02-06,119743.47918908646,120435.42094515714,124893.81626633143,127070.33334904275,118359.81566905364
2007-02-07,120248.47975877622,121126.98785126554,125420.53762763101,127799.99939415399,118963.53033505827
2007-02-08,120340.47500570788,121196.2048724501,125516.48972076765,127873.02965291278,119037.64543212352
2007-02-09,119819.11077093093,120662.60622433433,124972.70086990883,127310.03450116633,118478.65836789412
2007-02-12,119425.16445497422,120038.70113711181,124561.81036349385,126651.75783480563,117944.9996726647
2007-02-13,119678.83998971978,120474.5089893781,124826.39684321142,127111.57479421016,118215.28749722059
2007-02-14,120356.25156656913,121152.28388428538,125532.94485391444,127826.68901190115,118986.40519689523
2007-02-15,120674.51532165417,121523.70258837953,125864.8975850444,128218.56955809699,119348.04275235104
2007-02-16,120684.84105455317,121472.29847879682,125875.66744237808,128164.33354273769,119405.85671060513
2007-02-20,120839.48794793682,121608.21238947615,126036.9659182468,128307.73509189373,119570.78928541343
2007-02-21,121110.11354804797,122070.96928252405,126319.23150971068,128795.98574272131,119874.21445533246
2007-02-22,120902.67089865096,121840.83551104856,126102.86645739179,128553.17366279691,119550.7013297538
2007-02-23,121032.2790943126,121827.15533199992,126238.04928559418,128538.73982847854,119737.37534774047
2007-02-26,121275.33986944774,121934.8597644663,126491.56444981742,128652.37780997324,120002.2504530593
2007-02-27,120521.96547653555,120510.4679319457,125705.7863544645,127149.51475226477,119273.62505333987
2007-02-28,120588.37484347797,120733.08726400827,125775.0520825813,127384.39841450573,119318.54647381647
2007-03-01,120322.86002108878,120314.46121810228,125525.27892870619,126984.2900944706,118980.34952765406
2007-03-02,120128.89867021391,119904.01007192384,125168.87458504448,126167.6509996418,118747.98043179724
2007-03-05,119630.4804017832,119275.23318513704,124501.80260216101,125184.53174194261,118267.23291473875
2007-03-06,119958.59069174639,119921.83421160378,125018.80483743003,126340.2338140206,118736.20809118026
2007-03-07,119968.48238932529,119890.12530759288,124969.12965265632,126182.9110741846,118790.11172486369
2007-03-08,120180.3993532775,120124.93777094869,125303.29610249156,126631.3708058777,118964.29809155207
2007-03-09,119841.18259650096,119774.5722784531,125023.88740649444,126378.40805642882,118460.85550315198
2007-03-12,120135.5364170631,120084.5070613076,125397.55832029617,126825.0834732098,118794.614967121
2007-03-13,120012.08509415851,119883.15417928755,125054.32036859538,126210.86390125984,118753.64565188724
2007-03-14,120119.95377380442,120080.58103493958,125200.91132860605,126528.136243314,118822.01458398782
2007-03-15,120137.20256733395,120095.79981588427,125237.73212179408,126574.1974066967,118832.15497266421
2007-03-16,119988.4558117506,120077.72754896668,125004.29169479995,126502.34961251193,118812.79056826344
2007-03-19,120051.59234759115,120258.38638455486,125096.76541687694,126806.25468086015,118917.1209307133
2007-03-20,120341.19809479553,120534.21625092033,125493.13624115488,127245.8822744068,119154.15161274088
2007-03-21,120913.78429023696,121195.85541368579,126132.89435480654,128067.36652785515,119704.17637878361
2007-03-22,120588.69986031529,120874.54847722672,125805.41403282521,127749.8952525574,119277.8291478709
2007-03-23,120343.8111774311,120657.42056392721,125492.45315522695,127441.49439320236,119042.6850587754
2007-03-26,120523.86450539647,120819.73720522334,125591.59353628459,127454.63055928344,119200.63844694688
2007-03-27,120348.01561638003,120580.40814970483,125358.45702561588,127081.91045842457,118970.57009588143
2007-03-28,120175.05350266628,120368.27484292981,125175.92583551194,126831.48883612761,118755.74264399613
2007-03-29,120029.83910039211,120222.87886307634,125027.9567737504,126683.77862564464,118609.28537252711
2007-03-30,120084.38206786412,120318.26379177206,125112.6106503007,126854.57852767501,118647.6178324525
2007-04-02,120219.96940330738,120481.99178218965,125286.91758223696,127098.22075336265,118815.0079211526
2007-04-03,120179.88641425976,120453.60980580784,125432.6638228743,127399.10663538521,118765.73460556999
2007-04-04,120468.01554036497,120822.56568673602,125696.48010504515,127779.09152332964,119086.68296490528
2007-04-05,120345.46520780238,120753.53644591336,125530.44824539547,127676.10435207066,118951.82244419953
2007-04-09,119894.28503610475,120276.67367448282,125093.60759853436,127214.15416865429,118426.13250659984
2007-04-10,120238.34986387246,120663.0180244302,125474.51538378252,127688.06743464248,118801.73919878756
2007-04-11,119907.18232726029,120285.40643564396,125074.972586338,127165.07345018882,118481.23667538706
2007-04-12,120006.28834737049,120349.86953987117,125216.69372182626,127276.14287540174,118538.30912863593
2007-04-13,119975.46826530572,120392.86415150357,125288.47549189323,127550.21728550442,118508.45245106932
2007-04-16,120278.33244082337,120783.28560529061,125573.23972906398,127967.095301047,118940.23331633738
2007-04-17,120678.91933061201,121075.84181017413,126118.71143744627,128424.02726633746,119294.99349037194
2007-04-18,120846.22841304615,121301.0307299972,126204.60109017268,128547.36924387453,119582.98492585862
2007-04-19,120751.9649829747,121131.94621111314,126092.87924601966,128295.52030037492,119409.93424850007
2007-04-20,120923.7320636429,121392.54434871396,126320.14646797933,128713.17751240233,119566.49263573684
2007-04-23,121200.01667874312,121638.11451521984,126608.7752830585,128952.35704652166,119842.3329644194
2007-04-24,121356.47968684122,121731.4014534212,126753.71398728363,128976.6919145658,119997.01664786426
2007-04-25,121407.52376837589,121877.1759835715,126822.11274195698,129220.30899823987,120041.27839141032
2007-04-26,121088.48527109061,121531.42791032992,126495.58805305124,128848.38361470777,119607.4741249277
2007-04-27,121144.49520889438,121626.29430808708,126566.49470281258,128996.20727253614,119679.5287817586
2007-04-30,121392.91076200525,121729.86128783438,126670.78369752379,128739.98651829864,119984.98275108762
2007-05-01,121267.77575707999,121582.40222222423,126499.75591051443,128500.0424054397,119880.23888091907
2007-05-02,121361.6401839719,121724.3358881682,126635.90943457131,128738.90231533204,119985.85761235752
2007-05-03,121364.81702550623,121792.2963936553,126748.99013749856,129024.14404267039,119996.90382807511
2007-05-04,121588.53386348474,121990.15315652968,127041.75631129897,129313.23951686504,120240.56589850486
2007-05-07,121660.32341546516,122033.89595515568,127173.32438607376,129434.01758392941,120330.39596556258
2007-05-08,121607.58388339728,121986.66206282056,127046.59491892516,129272.29153224331,120246.73730293293
2007-05-09,121381.66896105101,121747.61850706863,126868.50016584735,129104.72082544515,119971.55812823055
2007-05-10,121145.08097803997,121400.55179552668,126439.40318451004,128381.37743343036,119733.27888523381
2007-05-11,121252.73123177067,121595.15307775234,126668.95695328833,128824.8883477453,119824.13649441607
2007-05-14,121000.43780676664,121294.34517484454,126383.93951375759,128444.13666765792,119525.05207060117
2007-05-15,120706.38294048543,120991.08940837777,126088.23269159235,128136.41721283637,119268.89630173372
2007-05-16,120615.76332046249,120760.66697313011,126004.41598078722,127829.04463185913,119065.83093336552
2007-05-17,120192.05732691872,120312.90424260274,125425.9601593416,127124.19301060536,118616.70105006601
2007-05-18,119998.24458196037,120172.72998750534,125266.65889964136,127075.78578958681,118371.37738239906
2007-05-21,120265.45769322677,120481.16126727995,125533.43659709473,127406.04525645231,118683.48992033825
2007-05-22,119988.165508616,120243.22966229089,125313.41737974457,127288.54884858066,118386.57669979571
2007-05-23,119847.16775747959,120091.47288688873,125119.53360694007,127047.16967360176,118205.45244591076
2007-05-24,119626.19825097945,119732.51733857817,124756.74297292849,126376.46564425793,117928.64137934426
2007-05-25,119730.90440510845,119905.83505271592,124843.02540265331,126562.28674069147,118026.06641866354
2007-05-29,119820.1794737437,120117.14280060973,125098.33411127023,127114.9035093345,118197.41201935719
2007-05-30,120099.28406587653,120467.4849508264,125451.4270395359,127625.26881823593,118525.89535642297
2007-05-31,120207.27729702112,120654.39592827782,125577.11746514402,127889.41327336694,118643.14689795843
2007-06-01,119910.55621477265,120462.9338281441,125305.81183657648,127810.1283700035,118363.33446888847
2007-06-04,120232.3978388062,120786.25804148238,125651.09896240727,128162.31627916847,118681.0233279349
2007-06-05,119734.12852230432,120285.69340733247,125044.34025312205,127543.43111026265,118189.18324624049
2007-06-06,119480.58354156917,120030.98045126835,124289.48042770382,126773.48493000175,117938.90978988261
2007-06-07,117857.9194916119,118400.84146896556,121789.9842477895,124224.03472547476,116337.18318850046
2007-06-08,118133.56509609373,118677.75685707568,122156.71212231222,124598.09189036298,116609.2721013375
2007-06-11,117880.55936982829,118423.58563960032,121894.54322310622,124330.6833785707,116359.53094137767
2007-06-12,116960.32773222886,117499.11488101128,120685.67129726149,123097.65137661844,115451.17317415203
2007-06-13,117827.58388365267,118370.36611759044,122180.71838326727,124622.5779317475,116307.2390048977
2007-06-14,117890.42335681485,118433.49506583562,122232.71254383672,124675.61122876278,116369.26765203719
2007-06-15,118490.62195022167,119036.45852229572,123202.48358515755,125664.76376258444,116961.72180371273
2007-06-18,118268.63242020842,118813.44637967309,122797.23247416677,125251.41344978832,116742.59663392794
2007-06-19,118782.07287617629,119329.25204036212,123171.527793003,125633.18929918899,117249.41209987186
2007-06-20,117745.6188574886,118288.02351294656,121277.77797944676,123701.59168832189,116226.33158429303
2007-06-21,117943.75136388933,118487.06873266022,121821.11277888605,124255.78538011006,116421.90756079224
2007-06-22,118027.0415370817,118570.74258872871,121357.31520402923,123782.71851504354,116504.12302987809
2007-06-25,117797.48077302727,118340.12433456686,120425.95739378195,122832.74692520732,116277.52431868506
2007-06-26,117283.45855352022,117823.73423039816,119523.94971099572,121912.71204384048,115770.13459577376
2007-06-27,117979.89002093792,118523.37386533665,121102.16791312316,123522.47194286942,116457.57991597538
2007-06-28,117948.07323781466,118491.4105156451,121289.01754681254,123713.05588560684,116426.17366900745
2007-06-29,118336.31833136508,118881.44409141883,121265.63517646724,123689.20620368367,116809.40918483229
2007-07-02,119207.8034364495,119756.9437626735,122864.65267556299,125320.18108689057,117669.64940249089
2007-07-03,118976.87261264861,119524.94913747486,122979.41900623176,125437.24109584262,117441.69830961329
2007-07-05,118759.7828546794,119306.85933808993,123146.46479471258,125607.62540089981,117227.40968946663
2007-07-06,118923.87922727012,119471.71163380798,123906.73283802795,126383.08788574031,117389.38870488624
2007-07-09,119314.38582553242,119864.01713209681,124332.9936049675,126817.8677458532,117774.85654492896
2007-07-10,119727.69596327124,120279.23121619926,124005.15912742258,126483.48128727636,118182.83368736619
2007-07-11,119542.80769210927,120093.49124235833,124286.3989696654,126770.34188705999,118000.33105398902
2007-07-12,119931.17423714789,120483.64682909631,125805.78330702921,128320.0920890307,118383.68645419748
2007-07-13,120220.7209013187,120774.52731324396,126261.20467592176,128784.61534431684,118669.49705951413
2007-07-16,120327.54806710733,120881.84658695656,126001.8622286347,128520.08977288697,118774.94582027172
2007-07-17,120445.99319339226,121000.83734023415,126433.68400686496,128960.54178464644,118891.86263344673
2007-07-18,121008.47676945994,121565.91204209688,127163.66641544606,129705.11335703508,119447.08840963367
2007-07-19,121317.30010659037,121876.15799874725,127719.77944366555,130272.3406586519,119751.92695845247
2007-07-20,121654.20722121838,122214.61710307309,127890.18646856758,130446.15337658301,120084.4869160782
2007-07-23,121476.17831675328,122035.76809415293,127816.07980710483,130370.5656462471,119908.75514208332
2007-07-24,121301.72530001102,121860.51144556978,126839.44718926668,129374.4144029271,119736.55311565967
2007-07-25,121340.49927858802,121899.464039595,126414.95887733971,128941.44242147019,119774.8267884694
2007-07-26,120979.83311255758,121537.13643588715,124718.44851655298,127211.02621957858,119418.81434561983
2007-07-27,120457.90425601111,121012.80327212012,123194.92239723957,125657.05145950556,118903.62000605122
2007-07-30,120825.48753720957,121382.0798552429,124265.61368259252,126749.1411927741,119266.46031161811
2007-07-31,120623.99739945418,121179.66153697592,122934.13218082707,125391.04918436133,119067.57002772512
2007-08-01,120553.513415915,121108.8528633024,123490.2507742191,125958.28216237419,118986.13619949047
2007-08-02,120747.60711757919,121303.84067320093,123763.8209183612,126237.31978025104,119194.18208463992
2007-08-03,121067.52005665151,121625.2273169357,124061.28507903557,126540.72895181325,119582.00115804341
2007-08-06,120766.03939027191,121322.35785563906,124029.24173579953,126508.04520193464,119197.51433243343
2007-08-07,120872.82648496378,121429.63687366417,124192.01633182631,126674.07295203366,119272.49060289908
2007-08-08,120700.27657593212,121256.29209961022,124169.55979660602,126651.16760864068,118908.52468940987
2007-08-09,120288.91629522746,120843.03685471507,123297.08028620474,125761.25103900846,118589.71517927146
2007-08-10,120320.49735467463,120874.76339485047,123495.7244109389,125963.86519321329,118574.52227704145
2007-08-13,120594.91878039263,121150.44896491889,123632.74334961863,126103.62254273366,118856.14610432243
2007-08-14,120519.11540021398,121074.29639037779,123431.5049514031,125898.36226683804,118840.69107395399
2007-08-15,120225.83217213352,120779.66212953857,122967.22774638576,125424.80618589646,118530.82973710097
2007-08-16,119878.47410878511,120430.7039333572,122270.40338222754,124714.05534258713,118425.3961993747
2007-08-17,120465.47375746124,121020.40764308699,122975.965313664,125433.71837902704,118845.4841858172
2007-08-20,120664.2160018665,121220.0654096123,123296.21585028863,125760.36932678944,119022.23948680417
2007-08-21,121153.34996481621,121711.45260746978,123834.41780913441,126309.3275948926,119518.81830390554
2007-08-22,121253.66465677842,121812.22940712194,124147.04174220003,126628.19951656186,119573.76953982418
2007-08-23,121216.16661242957,121774.5586250184,124053.97904222803,126533.27689920239,119604.7342923683
2007-08-24,121770.24677828047,122331.1912056799,124843.08477318751,127338.15341125891,120157.7410071678
2007-08-27,121783.93309389628,122344.94056840843,124783.6316622146,127277.51209196118,120264.46519000687
2007-08-28,121602.27815554653,122162.44882198717,124293.44277550616,126777.5264678509,120143.1426707029
2007-08-29,121899.46123029929,122461.00089445579,125044.50677457626,127543.60095975421,120342.9681557068
2007-08-30,122302.93630969699,122866.33461423054,125386.29583595466,127892.22089341868,120802.8430901281
2007-08-31,122707.65078056906,123272.91343483604,126054.6922361961,128573.9756218292,121156.47928389344
2007-09-04,123198.40498672791,123788.05273412072,126782.83263859186,129352.35035941411,121593.93251966556
2007-09-05,123633.66254290877,124209.85179781396,127168.97303516061,129685.6563094805,122110.14361945512
2007-09-06,123667.94168702331,124346.72873331462,127338.59993793526,130109.56512892118,122163.06445319705
2007-09-07,124562.595788195,125317.78484813932,128026.79893759362,130809.84696800615,123257.90884776744
2007-09-10,124907.69186884341,125657.88203900906,128329.25345137336,131078.06211100786,123705.27325629113
2007-09-11,124974.25420706277,125979.87181329953,128427.13074438958,131636.17408284373,123947.35793344818
2007-09-12,124740.599332022,125834.6191347739,128105.02460813498,131417.87246850232,123746.18690578234
2007-09-13,124267.41155529403,125261.88760277512,127700.38068162049,130881.78079048656,123084.20958419258
2007-09-14,124447.75130037068,125390.17647300681,127873.85262365558,130960.20977824931,123219.7397583506
2007-09-17,124710.78885900837,125755.81094570522,128061.03227566756,131281.03665827503,123620.86695678189
2007-09-18,125139.78122614589,126230.86505938508,128653.87822590704,132045.88127990864,123833.80340479643
2007-09-19,124714.30488448634,125888.18590986473,128184.53288001756,131697.02414734187,123350.35743530623
2007-09-20,124076.02444627936,125110.50626501263,127866.67180198619,131324.19574924806,122302.83496075447
2007-09-21,124528.82097332351,125524.48536172141,128316.62063270097,131702.86960743467,122822.71585943573
2007-09-24,124694.48164024188,125544.4737779813,128648.07720907751,131874.94307095418,122902.21478638522
2007-09-25,124705.16382298376,125581.74602193481,128767.7669510423,132103.43049208718,122853.52167947625
2007-09-26,124810.32187871455,125621.72697768295,128868.33480353761,132086.9923865804,122905.84878102242
2007-09-27,125400.58497581379,126303.27170617666,129411.61345312122,132760.38302963894,123606.47280019853
2007-09-28,125547.35369860967,126525.56064651937,129584.60392327604,133079.7064093535,123835.2210819878
2007-10-01,125644.5171190179,126917.5273335489,129606.38072767372,133573.20364004836,124277.33884427854
2007-10-02,125530.72431591201,126804.76049217126,129402.17497682357,133321.5610060578,124252.88039078013
2007-10-03,125399.1033215063,126442.05296982935,129303.95658323925,132869.49236525694,123896.27786245405
2007-10-04,126022.91271190513,126949.33607993297,130107.84910316115,133582.02922261934,124389.37072275447
2007-10-05,125874.48279793179,126919.69829290279,130172.14305177855,133952.91466855505,124136.17410105716
2007-10-08,125938.98083596388,126860.29929572706,130180.44446109014,133730.19382600646,124071.17501653335
2007-10-09,125811.94034663534,126870.96181161876,130161.89725631264,133992.9522188247,124053.32084072831
2007-10-10,126009.24721241367,126989.06564669701,130406.48085806503,134134.6693963195,124161.09344456263
2007-10-11,125941.87524892626,126812.59171869527,130389.80831286573,133969.03520843055,123996.38435880507
2007-10-12,125864.91806585665,126936.92237494889,130341.41444619176,134262.08368830814,123993.45885661597
2007-10-15,125905.59276637272,126861.28360515565,130398.48967360568,134139.48853053164,123937.0765147294
2007-10-16,126015.8232563059,126937.89251621324,130420.15006869397,134058.40230070433,124006.36734758352
2007-10-17,126561.10747491143,127470.1632906774,130905.70897884644,134489.53555329135,124669.79657054014
2007-10-18,127114.37136971635,128205.15851812271,131544.21203007526,135466.90807752011,125383.5516272318
2007-10-19,127303.38752211716,128185.9635739079,131411.274962415,134821.2361088593,125688.35944372238
2007-10-22,127238.09133202276,128098.78069147778,131433.2351042785,134855.02092610658,125619.8984508456
2007-10-23,127459.40928282216,128640.72896931085,131724.80754721587,135701.27604237758,126031.83719732618
2007-10-24,127815.53487095103,128860.42242075791,132046.02942904495,135782.22472582883,126370.23003707873
2007-10-25,127780.5965464168,128912.10806233049,131865.33521625804,135662.4706891666,126338.55198260846
2007-10-26,128199.16038301657,129539.09343341981,132491.348106622,136736.37430451927,126797.72132369202
2007-10-29,128468.11776872737,129800.16276941622,132663.17865067255,136841.68756206962,127093.4958567301
2007-10-30,128297.59192835756,129575.68110034878,132655.98775199123,136836.99416194225,126899.32686093838
2007-10-31,128270.69177270327,129757.69381572917,132841.71595151658,137477.11830693384,126850.85357331642
2007-11-01,128469.1187621653,129701.44352749106,132688.2749267867,136714.50164253608,127087.49143642101
2007-11-02,128982.93812703498,130718.14310018459,133144.64420137927,137954.3124569056,127977.81024287063
2007-11-05,128950.6324989809,130552.10711624863,133077.37817960102,137645.86432704434,127834.32605934542
2007-11-06,129133.21638835582,131107.80516899077,133326.97272816347,138547.54203464833,128169.90427703057
2007-11-07,129087.82410057704,131077.17727578615,133237.03081266562,138453.29671752546,128185.97876976876
2007-11-08,128933.80881017941,130782.32383384733,132880.15021937128,137735.51108599253,127908.79323628632
2007-11-09,129145.31267772615,130858.12770032042,132770.87010298422,137197.58948240036,128164.77893398526
2007-11-12,128277.10746680798,129666.09403077431,131418.29573306753,135014.50532764688,127289.8664549484
2007-11-13,128290.99093196177,129929.67133354394,131874.7463735783,136151.71621866716,127417.47001328008
2007-11-14,128220.95900016384,130040.96068857641,131773.3148519909,136325.47908743363,127532.06379618947
2007-11-15,128114.2070088011,129705.33813253898,131529.01806073802,135621.7168453406,127477.23232669279
2007-11-16,128262.43477631854,129907.2181936395,131642.50100340316,135799.4902447679,127672.28217879642
2007-11-19,128797.65544872817,130277.14365020375,132008.11909753768,135786.85059689643,128119.34140770511
2007-11-20,128929.82764598788,130770.74925532157,132238.45506383342,136662.7177640302,128492.95297035483
2007-11-21,129546.13509562929,131285.58942901084,132703.61141024233,136863.9537444489,129042.06976297533
2007-11-23,129738.4961980274,131800.47816235237,132999.5376928376,137746.12452099647,129526.70455491042
2007-11-26,130949.40724791202,132671.84014078838,134147.90630543488,138297.53344671192,130688.14012802084
2007-11-27,130063.4169088986,131864.16612486457,133344.1810565723,137676.96265901596,129812.0398260854
2007-11-28,129737.25668096023,131753.9997192028,133240.71348445374,138066.46174328536,129565.57640518722
2007-11-29,130077.37597478733,132041.766655614,133427.52465059463,138068.06221954423,129998.04614419403
2007-11-30,129993.11381323426,131680.6051672518,133345.7847664138,137539.192603282,129593.13388913948
2007-12-03,130318.93879837795,132120.00081851063,133643.43394934406,137999.320165061,130131.22473328307
2007-12-04,130428.25237209663,132247.54148063847,133890.7928264584,138359.48943953717,130225.89619687723
2007-12-05,129849.62434358463,131630.27136277608,133616.3029339515,138206.34733613915,129408.18415284374
2007-12-06,129554.5269941778,131561.97747689192,133352.16945794882,138343.1025373774,129104.32702628824
2007-12-07,128728.4132047697,130822.20192586174,132438.35381452864,137525.5030985558,128218.31873362362
2007-12-10,128862.20605489738,130974.70197071033,132697.69232645645,137892.10247896964,128163.99606026687
2007-12-11,129682.8911856053,131659.17838707936,133309.1569486891,138142.0453709231,129243.47972751549
2007-12-12,129456.96493422319,131492.91679917942,133187.3532656166,138184.63763163972,128820.32094331198
2007-12-13,128422.31624382232,130339.14111016961,132025.21392804346,136750.35035266442,127630.18667656145
2007-12-14,127811.80450565183,130013.65937720162,131189.41994074298,136259.37190037945,127251.50105133477
2007-12-17,128302.43631714105,130250.68132918565,131518.454807175,136062.32124911403,127684.50763610713
2007-12-18,128713.60078487513,130674.04965487201,132049.50570442443,136684.04107023403,128190.33939098359
2007-12-19,129496.40912430786,131389.19235139966,132842.82685860395,137366.55747027398,129113.44860826674
2007-12-20,129365.65197766686,131429.92816009655,132715.02103080094,137527.81372358836,129083.10866556938
2007-12-21,129255.11162568576,131326.452582192,132867.98203263924,137852.9431930803,128585.14121571535
2007-12-24,128952.58145868078,131142.13702400788,132593.14186126066,137794.92682946543,128310.86719543135
2007-12-26,128874.64865644362,131022.62171978354,132706.87464495475,137956.33759277876,127970.13759742277
2007-12-27,129443.9398981672,131533.202380686,133178.26059651555,138265.903758961,128667.80552160052
2007-12-28,130266.88273280035,132513.98007456242,134041.7887131352,139414.94902814532,129859.65446607248
2007-12-31,130547.2772698679,132810.21208490245,134101.95846098644,139365.37001292792,130260.04049951825
2008-01-02,131674.62285506516,133811.28184089225,135296.05410541972,140382.45364525696,131438.13536675315
2008-01-03,131922.5890407002,134299.86976411505,135473.22281531434,140918.0255003637,131791.15294504896
2008-01-04,131660.90514734815,133565.54431871886,135115.77126365405,139713.66419667564,131214.26861810617
2008-01-07,131563.77599751356,133488.95836985277,134987.51395741847,139601.56013764307,131263.0314674259
2008-01-08,131585.09796338392,133603.55116858555,134979.00929037065,139730.5930885183,131324.79565952954
2008-01-09,131666.3247251234,133808.52965368005,135133.1255707515,140134.13864276579,131535.60320812793
2008-01-10,131579.46406591282,133823.57748249397,135242.86918201827,140532.49653696548,131206.3827794314
2008-01-11,132124.37818083455,134234.3796306666,135632.473312489,140601.06258508546,131728.5666732536
2008-01-14,132517.7478118203,134959.5563083709,135972.78277807153,141461.3656853619,132397.54411020104
2008-01-15,132547.4639813926,134752.72488777706,135748.06056155512,140687.21917317112,132518.5911224294
2008-01-16,131882.24386479877,133914.6858358361,135113.35906185536,139786.57304476644,131669.02539220446
2008-01-17,132391.0639819867,134393.0731072414,135458.59873900167,139981.07169435913,132376.6780448596
2008-01-18,132437.69654309942,134533.71621435418,135476.6040844833,140137.84948841366,132314.16694313384
2008-01-22,132976.2859122211,135168.6573358568,135845.72729290865,140563.20270509343,133090.10008571128
2008-01-23,132673.44301743808,134695.4395390692,135541.6235683544,139977.45679310357,132655.36415691534
2008-01-24,132392.8106923322,134703.54068385612,135498.29201126035,140554.55753429918,132151.29217677467
2008-01-25,133163.7880968621,135258.24747938983,136167.46678372822,140799.13073125342,133018.56118375473
2008-01-28,133286.39665476806,135438.11951237536,136403.36576458623,141196.9716314995,133065.66946789587
2008-01-29,133007.2484824425,135135.16360001,136027.07784378718,140724.40345046518,132651.44966932634
2008-01-30,133110.6299998253,135284.64965676982,136163.88063568602,140957.16752712213,132603.6835399423
2008-01-31,133712.90350917063,135954.90683897174,136762.40898510092,141663.42354784135,133315.37365677452
2008-02-01,133819.44358838385,135903.41155249003,136883.86985440413,141530.90695708,133427.6175801277
2008-02-04,133221.0753633364,135198.50967606335,136352.86931917447,140861.8475628784,132608.96126849565
2008-02-05,133559.13524085164,135491.7347653957,136559.12491486178,140878.81853201322,133031.41935678583
2008-02-06,133469.31377553134,135658.5779639067,136499.55437719604,141318.70113069363,133089.25913883082
2008-02-07,132274.0412169756,134582.69494687035,135462.35837043799,140640.2883789565,131696.93284356815
2008-02-08,133348.98959688295,135912.19462620968,136445.36796702928,142011.63256141037,133036.19305853706
2008-02-11,133713.39752048533,136268.19339769517,136827.78582403882,142388.11774398616,133422.81758605686
2008-02-12,133150.29244326378,135540.33552382697,136104.0527220108,141238.3445635063,132695.01454148281
2008-02-13,132248.43420161324,134802.0993561028,135326.5023943085,140872.49940798874,131845.53398398298
2008-02-14,131734.47070029954,134185.71569642462,134972.48175460476,140460.38525250222,130994.5522940828
2008-02-15,132044.31378324993,134453.4252190311,135124.75365264682,140406.18622445175,131394.26588124566
2008-02-19,131600.46237889765,134354.431326285,134818.07821171716,140853.663302888,131068.26944075154
2008-02-20,132076.58425369003,134917.12090650384,135321.18086801798,141533.7475148147,131683.9463853758
2008-02-21,132978.24789471822,135834.91908126004,136280.6726626881,142557.99701467357,132672.50092138821
2008-02-22,132633.7228860194,135554.439163858,135939.28236802947,142343.13158778232,132308.23385670804
2008-02-25,131824.9274433678,134743.7224907834,135043.59496475867,141384.7817545883,131412.78188230333
2008-02-26,132628.66025604142,135505.41405390375,135834.33561119542,142076.37655135375,132025.62417543365
2008-02-27,132932.13516120386,135992.62942770103,136183.26503635847,142800.60139453504,132433.649652776
2008-02-28,134399.13297517036,137701.10789871626,137549.67644874242,144518.90541073258,134225.45130203236
2008-02-29,135519.22037942172,138959.25575120223,138560.17733980968,145684.64680980387,135605.61295329852
2008-03-03,135581.23094417038,139051.52938309347,138680.9447644786,145906.3684075602,135613.6137315073
2008-03-04,134728.54857092365,138150.62886445547,137587.40436005185,144534.78450714605,134650.7468417261
2008-03-05,134728.23989487556,138578.92192188514,137621.8385660027,145358.12985540854,134678.90247057332
2008-03-06,134956.48835854014,138999.21169548674,137653.43480508498,145562.0808739969,135147.1672847584
2008-03-07,135064.56483001343,139288.96155819774,137604.07582135874,145700.35041636234,135408.62118734614
2008-03-10,135572.30011102677,140055.43898591516,137916.89298231012,146300.19066012834,136393.84771776551
2008-03-11,134339.19993406977,138925.9275279322,136694.73073951417,145284.87538401873,135281.2322274304
2008-03-12,135819.54883845933,140393.67830074896,138278.26981265043,146917.40790528333,136936.92482563798
2008-03-13,135167.5937592061,140094.60543011455,137705.60726453667,147046.0458038873,136495.63320578885
2008-03-14,135685.38996279857,140904.04626106782,138319.24716870813,148255.23690567614,137456.6800771148
2008-03-17,135882.99237239984,140692.487982386,139189.947657479,148981.76129691032,137492.51904164013
2008-03-18,135022.8692763092,139522.63588084962,138019.15549598227,146995.57121701055,136466.64963968465
2008-03-19,135045.0439177723,139288.24390494576,137820.8976411831,146149.10970035568,136715.12957932273
2008-03-20,134826.68153406293,138638.79696147406,137390.117129844,144773.14179211593,136264.90741088887
2008-03-24,133450.36138151857,136716.0817737136,136394.54435129045,143146.65406411857,134231.9340020285
2008-03-25,134217.32177664846,137576.92050831794,137579.89503689503,144838.99295995146,135023.09097558958
2008-03-26,134614.65134696357,138088.7131057524,137987.4447035302,145454.7176388608,135320.7398370742
2008-03-27,134327.4119102713,138035.36089218938,137464.9216272906,145154.8614812502,135095.96688324903
2008-03-28,134678.60002046448,138228.64251238832,137560.56655157573,144748.95867381795,135500.8185428791
2008-03-31,134659.31357633625,138037.3499869442,137403.41420911576,144171.1233570132,135441.7864225515
2008-04-01,133225.0906880732,136015.70615342408,135832.5234130784,141463.21583585726,133415.59440188814
2008-04-02,133533.55361128424,136365.75237983288,136257.9032397678,142044.98452470847,133747.4624466356
2008-04-03,133991.5997945083,137008.92484987396,136625.98398846076,142648.60861000896,134313.87579759807
2008-04-04,134925.02248399763,137655.50164500234,137637.53055888196,143235.97460955335,135062.12659372
2008-04-07,134720.96962138521,137288.75451611076,137467.37307402754,142822.7671811259,134634.59169703754
2008-04-08,134372.78980649982,136993.49130500067,137071.6032958666,142481.29458547285,134310.24235245484
2008-04-09,134755.08773964603,137727.97231077912,137278.28794168262,143136.44350076647,135161.0347799236
2008-04-10,134520.64982424997,137327.03664470388,137163.59693602758,142839.0396637142,134755.91298889366
2008-04-11,134773.2138203792,137640.57002929036,137151.58343721318,142723.71816103725,135179.76075232847
2008-04-14,134238.003236777,137224.73872774385,136565.04228390206,142299.68420242544,134697.21838815146
2008-04-15,134056.67043721073,137083.84490271262,136491.88405742683,142377.89282478896,134262.01831536824
2008-04-16,134029.3175272583,137385.64893495588,136750.58991988352,143403.15310292528,134245.6349351851
2008-04-17,133834.6375750664,136944.04793957816,136682.6720013222,143023.62388073147,133852.96866739626
2008-04-18,133588.48513942337,136319.77613816407,136387.3445106091,142061.08612292266,133338.64333177154
2008-04-21,133342.89154575282,136152.39681427137,136030.34769636017,141750.8049954224,133309.6203531751
2008-04-22,133347.22781477892,136289.18465735627,135915.97623863217,141765.6580223815,133506.33361362485
2008-04-23,133285.33169090332,136016.31372015685,135977.27547599014,141571.49907384955,133205.0606490287
2008-04-24,132523.1232478804,134978.9610676221,135357.91395389868,140609.68501025945,132167.11278260502
2008-04-25,132510.59055924686,134932.44957411298,135407.77207919664,140650.61128672364,131980.6974941895
2008-04-28,132878.2504752285,135188.8780677203,135835.1843592062,140935.49408008214,132260.88247659788
2008-04-29,132656.38077313945,134679.87431283205,135523.93386061618,140079.65768256498,131956.73020076234
2008-04-30,133155.04652024712,135078.23792532383,135988.88389813327,140348.87390659022,132453.89452852457
2008-05-01,133119.31617954228,134678.93426394145,135973.87750805065,139746.26175767454,132139.5983068594
2008-05-02,132510.42154950992,134140.45738092833,135248.35645520457,139053.77776588878,131371.0115333784
2008-05-05,132647.00673245033,134254.88992888853,135321.0667759428,139036.22525718075,131459.41957002977
2008-05-06,132377.0475364201,134249.7584514844,134980.82402752116,139095.6994267869,131255.4866935001
2008-05-07,132257.19658546385,133910.57946464783,134689.98192149136,138292.76729067502,131112.7241421825
2008-05-08,132957.74307676736,134670.45805368666,135297.64312365284,138921.53780599704,131948.15564336898
2008-05-09,132999.25819216095,134731.59403614802,135219.46218011752,138781.02054583217,132098.2052635561
2008-05-12,133272.90647387784,135192.4828170311,135681.12109625753,139708.9407972683,132412.4798573107
2008-05-13,132541.23142261023,134461.8456186212,135039.2074411768,139147.32824647878,131542.22778015558
2008-05-14,132620.18752526847,134543.4002970022,135102.50209560563,139201.77560491776,131617.3236487343
2008-05-15,133656.49904217725,135665.27321122316,136189.191243794,140466.0466173785,132735.4488128837
2008-05-16,133501.63674670822,135518.18743512672,135972.49570156206,140214.25426298345,132506.42160352276
2008-05-19,133637.48534518701,135707.07466981848,136002.3248409676,140248.24486732803,132688.6992451575
2008-05-20,133765.58335789797,135872.91244323726,135875.9976816046,139980.42168066875,132962.84270853453
2008-05-21,133066.33113606094,135108.54968469383,134844.60202528007,138577.47168091673,132378.8571417734
2008-05-22,132087.92202725302,134339.95664052456,133834.4997056367,137906.32241383492,131455.26191458447
2008-05-23,132491.911440768,134656.18480950128,134202.4397863817,138092.80578751696,131820.8812771907
2008-05-27,132149.50236537214,134518.41157109613,134072.5298539941,138483.0928837617,131526.46879859283
2008-05-28,131361.99916530456,133746.43836149556,133425.84814306692,137983.63767460745,130684.23924659373
2008-05-29,131063.45958552387,133598.35580700703,133200.6973850159,138077.27687412553,130371.56788086881
2008-05-30,131509.44062549438,134017.45609000005,133626.82434355377,138437.22889298774,130875.27612463695
2008-06-02,131644.20800068454,134054.16440352966,133647.26845941867,138199.72922356718,130993.91971536614
2008-06-03,131727.90094745212,134139.38948267134,133773.77590512234,138330.54592444364,131077.1992406572
2008-06-04,131567.13347751435,133975.67890874567,133869.0582679208,138429.07391450525,130917.22592037437
2008-06-05,131724.95787758863,134136.39253523762,134312.32830906037,138887.44317535555,131074.27070879645
2008-06-06,132020.49165245317,134437.33652543792,133957.59942329407,138520.63106968527,131368.34462337065
2008-06-09,130937.75151077623,133334.77510505315,132665.50431283138,137184.5229961315,130290.95293751161
2008-06-10,129995.64219343649,132375.41897969972,131592.52566396125,136074.99520371316,129353.49739614774
2008-06-11,129787.97284827137,132163.9479171962,131157.67822699793,135625.33544833897,129146.85388375133
2008-06-12,128935.5962507228,131295.96721165004,130475.20124099306,134919.61107585896,128298.68780578797
2008-06-13,129389.1205405305,131757.79398420776,131164.66313830027,135632.5582884446,128749.97180308872
2008-06-16,130001.41026888437,132381.2926489338,131929.69500125104,136423.6496255586,129359.23697879713
2008-06-17,129834.62467645033,132211.45378121716,131493.51186127606,135972.60866878263,129193.2752639842
2008-06-18,130105.01868345548,132486.7977801617,131553.3555428674,136034.490820861,129462.33359463983
2008-06-19,130157.46347502992,132540.20265697778,132033.08921204178,136530.56577954572,129514.51932252964
2008-06-20,129870.89613566059,132248.38924712158,131391.76650754016,135867.39753728596,129229.367551582
2008-06-23,129103.6291427941,131467.0762128057,130235.99568407336,134672.25739945282,128465.89065890109
2008-06-24,129590.93487961429,131963.30285544033,130582.03969317197,135030.08879330126,128950.78923161709
2008-06-25,130078.10317824349,132459.38954385952,131264.85535089695,135736.16337376198,129435.55104505115
2008-06-26,130131.57666761392,132513.8419504193,130789.82785761076,135244.954898627,129488.76038923634
2008-06-27,130574.37010045705,132964.741420625,131148.37156935298,135615.71177565694,129929.36653722609
2008-06-30,130498.71739280336,132887.70376994973,130975.68755745344,135437.14558451172,129854.08753435053
2008-07-01,130697.50651335153,133090.1320412145,131256.65278227287,135727.68139896478,130051.89468813916
2008-07-02,131489.7568318035,133896.88576058784,131979.08068275877,136474.71754404705,130800.50577309619
2008-07-03,131344.38470766667,133748.8523687304,130406.71980489486,134848.79693925366,130604.94572339857
2008-07-07,130996.91361134383,133395.02026187693,129230.99935990255,133633.02763088286,130604.84587983102
2008-07-08,130789.07794085424,133183.37982919958,128706.87546483232,133091.05037079172,130784.61573806353
2008-07-09,131592.5733492194,134001.5844977248,129613.46055384526,134028.5166973688,131504.6446249353
2008-07-10,132328.6222808411,134751.10797458104,132489.0361462469,137002.04374968167,131965.1126207468
2008-07-11,132027.6258804186,134444.60135678214,134798.00416352553,139389.662729494,131086.10676791723
2008-07-14,133024.22608522323,135459.44591187852,135860.4095779013,140488.2571286528,132135.29735489923
2008-07-15,133052.25919897162,135487.99221631716,136228.70234026195,140869.09514068213,132137.2842262508
2008-07-16,131938.41473963714,134353.7570643171,133778.0932365493,138335.01031822478,130560.49896898647
2008-07-17,131221.74918452333,133623.97180747482,133466.4525858236,138012.7541730614,129864.80609347229
2008-07-18,130756.80134876455,133150.512362806,133395.62123525987,137939.51007625877,129395.05530072162
2008-07-21,131111.6689533206,133511.87638272851,134741.3412445439,139331.06968714794,129801.07159467733
2008-07-22,129919.9755644229,132298.3671528119,131823.26035739595,136313.58947146538,128818.17197311315
2008-07-23,128376.33811805496,130726.47097023338,128296.07740772545,132666.25919539275,127755.14283231861
2008-07-24,129331.67155277856,131699.29330145178,129372.65125368332,133779.50464900804,128814.53086297504
2008-07-25,128799.1842951822,131157.0580185122,129882.60671717142,134306.83085464264,128006.34718321475
2008-07-28,129632.56263782296,132005.69267590728,129939.26963615308,134365.42389698874,129004.87647012802
2008-07-29,128567.55695542667,130921.19037225937,128324.40346354288,132695.5501288257,128141.57164352233
2008-07-30,128579.09063797197,130932.93519719008,126808.70550466064,131128.22256637842,128195.51298112895
2008-07-31,129181.79626282575,131546.67430617285,127601.97556305701,131948.51398374344,129042.361193591
2008-08-01,129305.09530009406,131672.23052823372,126751.93487966135,131069.51814919732,129218.63742047263
2008-08-04,129084.21087202773,131447.30245973842,126665.5121707497,130980.15160165742,128977.35617325557
2008-08-05,128406.83967428228,130757.53090591276,126017.97197602951,130310.55408123462,128223.60246415314
2008-08-06,128272.26429595628,130620.49191145365,126061.09569760812,130355.14673706648,127983.65566424852
2008-08-07,129530.77710246577,131902.04379459377,127241.0515243515,131575.29569806988,129464.11141281592
2008-08-08,129418.38133066004,131787.59043959447,127183.54766492116,131515.83307010756,129477.97425312901
2008-08-11,128534.25007461988,130887.27375607663,126564.77609189278,130875.9841242256,128497.37473904688
2008-08-12,129286.98485574406,131653.78854342338,127442.58210398351,131783.69106489228,129370.9904735796
2008-08-13,129136.14974082919,131500.1921520613,127169.08406718637,131500.87679517886,129138.8466320956
2008-08-14,129658.60626915087,132032.21307728853,127557.68162871557,131902.71125389496,129745.1604493533
2008-08-15,130062.93791681802,132443.94665822695,128032.53497939029,132393.73965455452,130345.29452062518
2008-08-18,130289.58916076021,132674.74711332584,128349.19846770758,132721.18973149886,130651.47101946572
2008-08-19,130125.8813540523,132508.04237509347,128162.10644784546,132527.7247487657,130395.2058357564
2008-08-20,130582.0994701747,132972.6122887369,128536.24041163987,132914.6029325531,130827.19172656178
2008-08-21,130542.36015457573,132932.1454818223,128262.84252670238,132631.89222619752,130733.50474694281
2008-08-22,130103.84181079235,132485.59936297452,127888.69187093138,132244.9967818505,130390.67007514014
2008-08-25,130789.03007452692,133183.33108660314,128737.77933726016,133123.0069296553,131244.56988097364
2008-08-26,130835.28943361742,133230.43729676536,128780.91975081539,133167.6168460468,131308.69583968504
2008-08-27,131098.56909525298,133498.53671094403,128967.99507870089,133361.0645682203,131561.79817736679
2008-08-28,130806.09266787801,133200.70603783705,128780.91975081539,133167.6168460468,131351.73358272013
2008-08-29,130540.5433357765,132930.29540326816,128622.58800665673,133003.8918075746,130998.60983097073
2008-09-02,130869.91375755629,133265.6954739701,129305.96682360258,133710.5487302914,131569.8516348646
2008-09-03,131075.72613588505,133475.27557490868,129850.47110296441,134273.60059686756,131858.5430587972
2008-09-04,131034.73448671459,133433.5335084667,129935.8943991965,134361.9336884806,132073.49581767633
2008-09-05,130913.17540279172,133309.74909236195,129688.57442833566,134106.18919479553,131963.44303706998
2008-09-08,131560.48529956685,133968.9090253373,130438.96786700533,134882.14347527362,132592.6598153316
2008-09-09,131590.14945384,133999.11622908912,130313.16336499002,134752.05366263445,132921.95194394173
2008-09-10,131418.496083711,133824.32047127216,130056.00781285207,134486.13855577545,132596.93216505813
2008-09-11,131496.8109090517,133904.0689739287,130116.61735470075,134548.81265580314,132641.49258930288
2008-09-12,130734.45636731811,133127.75832096927,129497.38806148915,133908.49039829941,131653.0440955711
2008-09-15,131735.9448979256,134147.58069043962,130672.61828584506,135123.75278752405,133422.30664610714
2008-09-16,131445.6431563261,133851.9645141867,131197.67179856077,135666.6913310621,133190.51237848928
2008-09-17,131676.5126960682,134087.06048769274,131230.1286089463,135700.25372600253,133525.19074872605
2008-09-18,130970.38115642745,133368.00208821477,131357.82981088807,135832.30484633823,132520.87913798372
2008-09-19,130429.3523502509,132817.0688900762,129838.05901446668,134260.76571225488,131120.39288404366
2008-09-22,129697.34010734441,132071.65599993616,128162.09151169275,132527.70930383913,130552.86292340471
2008-09-23,129168.85515749932,131533.4962933507,128275.44355330827,132644.92248476515,130028.31280078209
2008-09-24,128980.58889948296,131341.78352233663,128446.92829848768,132822.24855826408,130015.76664082972
2008-09-25,128887.259981484,131246.74607019918,128319.39081343688,132690.3667315493,129882.36632333053
2008-09-26,129013.47335544186,131375.26998051346,128766.84204539264,133153.05960817783,130199.41413230516
2008-09-29,129406.21432913229,131775.20070177104,129060.48405965498,133456.70402476419,131386.8290233831
2008-09-30,128272.14419941351,130620.36961635282,128802.58181541832,133190.01679104433,129757.26287216472
2008-10-01,129171.43252650723,131536.12084519357,129164.36522316038,133564.12371865963,130835.50173290305
2008-10-02,129894.8110981919,132272.7420110416,129887.70421693141,134312.10199182844,131685.22148201943
2008-10-03,130386.82054426632,132773.7584718023,130379.6867438958,134820.8430442492,132426.23388432528
2008-10-06,131443.00059958277,133849.27358124327,131435.8090128682,135912.94027363093,133988.19296307157
2008-10-07,131341.57657618396,133745.99282993894,131334.39053864017,135808.06715622157,133774.06287305703
2008-10-08,129663.33362248678,132037.02697233876,129656.23940595801,134072.75273635885,131986.98929184023
2008-10-09,128361.28219809601,130711.13942773656,128354.25922017015,132726.42286965478,130740.37810268153
2008-10-10,126856.50774624782,129178.81768854358,126849.5670984263,131170.47603896458,129432.42925276529
2008-10-13,125988.47346332062,128294.89265880876,125981.58030790105,130272.92279449519,128263.01590273148
2008-10-14,125395.2483594144,127690.80762677355,125388.38766087544,129659.52407605265,127577.60945594979
2008-10-15,126422.5822856337,128736.94853288926,126415.66537899704,130721.7942153404,128686.97208838817
2008-10-16,126451.37007237208,128766.2633258061,126444.45159068111,130751.56097904588,128462.09801533936
2008-10-17,127247.30986911306,129576.77406523089,127240.34783949605,131574.568043419,128650.13818605701
2008-10-20,127377.40499453274,129709.25078863537,127370.43584707475,131709.08727175678,129110.4001290389
2008-10-21,128722.87146846615,131079.34816424624,128715.82870705554,133100.30858957313,130224.21024671316
2008-10-22,129706.79034514278,132081.27923935335,129699.69375098422,134117.6872777486,131823.642411097
2008-10-23,129880.35052784122,132258.01671697362,129873.24443775591,134297.14966553164,132294.04239479237
2008-10-24,129330.69049668589,131698.2942855685,129323.61447992332,133728.79752320042,131423.33388762694
2008-10-27,129258.20428323372,131624.48109680248,129251.13223237944,133653.84629449563,131411.61846524852
2008-10-28,128216.55980987204,130563.76766624022,128209.54475008251,132576.77895391017,130038.92652905187
2008-10-29,128404.67224377059,130755.32379714158,128397.646891863,132771.28846660053,129919.76050153062
2008-10-30,127420.81170945273,129753.45213244285,127413.840187101,131753.97010481355,128857.658046967
2008-10-31,127160.41309304633,129488.28650560409,127153.45581777678,131484.71619675047,128077.80665523974
2008-11-03,127363.74454795946,129695.34026588188,127356.77614789981,131694.9622787883,128333.28271922552
2008-11-04,128888.43874801403,131247.9464159235,128881.38692798905,133271.50626212935,130197.89160296119
2008-11-05,129570.89432233752,131942.89542391928,129563.80516340198,133977.16988278113,131208.9051501077
2008-11-06,129178.92535229698,131543.75083906506,129171.85763899815,133571.8713505563,130604.81815049412
2008-11-07,128714.12844927434,131070.44509019594,128707.08616621689,133091.26824935104,129990.57721722045
2008-11-10,128844.86534064043,131203.5753280922,128837.81590462933,133226.4510679625,130311.60754423012
2008-11-11,129324.06447165494,131691.54696062097,129316.98881741929,133721.946169076,130758.9100807241
2008-11-12,130122.73802463512,132504.8415020367,130115.61867290254,134547.77995565397,131578.49501467808
2008-11-13,129178.92535229695,131543.75083906506,129171.8576389981,133571.8713505563,129797.17531433271
2008-11-14,130456.68135157414,132844.89819219286,130449.54372893793,134893.07958547072,131566.3110666181
2008-11-17,131008.50838462636,133406.8272959079,131001.34057010517,135463.67242223257,132131.89312423265
2008-11-18,132024.98229749297,134441.90937887056,132017.75886905356,136514.7132352006,133411.1637832113
2008-11-19,133448.0941163178,135891.07352078526,133440.79282574798,137986.22035807776,135594.15897070622
2008-11-20,136134.37634472892,138626.53241374186,136126.92808070677,140763.85411874007,139932.90495013716
2008-11-21,134885.44147068087,137354.7338023357,134878.0615391177,139472.44711975314,138370.7163029965
2008-11-24,133622.33773807602,136068.50694890326,133615.02691418678,138166.38942641203,136747.93876537704
2008-11-25,135916.6093233332,138404.77882099972,135909.17297390834,140538.681564572,139726.14532496402
2008-11-26,136744.26235937342,139247.58336095975,136736.78072690914,141394.480330132,140327.38715314417
2008-11-28,137020.1800432109,139528.55215641783,137012.68331457608,141679.78105754068,141156.3360931225
2008-12-01,138874.79194744982,141417.11567843996,138867.1937481983,143597.4621498908,144376.90511512398
2008-12-02,139603.1962966108,142158.85462660674,139595.55824447237,144350.6371105276,145065.71495977254
2008-12-03,139821.88846112404,142381.5502986812,139814.23844377135,144576.76626885642,145354.44617492496
2008-12-04,140695.96534549457,143271.62854928014,140688.26750513358,145480.56760356508,146922.1573933916
2008-12-05,139209.89378694136,141758.3520895618,139202.27725340103,143943.95968942237,145090.80229405937
2008-12-08,138685.3626431677,141224.21856975026,138677.77480808363,143401.59098443107,144622.13581056247
2008-12-09,139865.57021859245,142426.03172012797,139857.91781129775,144621.93349774476,146401.9720961936
2008-12-10,139734.40826146965,142292.46863497092,139726.76303038505,144486.31115830268,146192.40975511837
2008-12-11,140579.28062796776,143152.8077325934,140571.5891717296,145359.91482653076,146875.1090585794
2008-12-12,140972.72482622275,143553.45455205863,140965.01184363433,145766.73875457948,147147.62689666668
2008-12-15,141278.83884803162,143865.172477435,141271.10911715287,146083.26269707354,147924.41555785295
2008-12-16,143522.5859505997,146149.9949359061,143514.73345851054,148403.31218277765,150714.56554279284
2008-12-17,144498.6202742206,147143.89711868562,144490.71438076778,149412.53819044778,152772.41683061555
2008-12-18,145474.70460557757,148137.85022467232,145466.74530802504,150421.81590645094,154536.99318688715
2008-12-19,144994.01357710327,147648.35938313024,144986.08057940085,149924.77817340253,154253.92701004326
2008-12-22,144615.1716377845,147262.58214015324,144607.25936750497,149533.05307859406,153586.96275418275
2008-12-23,144542.32703555704,147188.40400173597,144534.4187507942,149457.7312735026,153467.39658810842
2008-12-24,144396.67116959288,147040.08167370618,144388.7708540394,149307.12213554175,153253.8849843153
2008-12-26,145168.790614713,147826.3359921245,145160.84805450658,150105.49879728892,153968.07709879268
2008-12-29,145489.15684130552,148152.56703153907,145481.1967530338,150436.7596146922,154131.09374267372
2008-12-30,145693.70515113,148360.85992319087,145685.7338714909,150648.26393283336,154769.50889020387
2008-12-31,144085.23965851386,146722.94891396936,144077.3563821843,148985.09987363714,152545.5361046813
2009-01-02,141943.07691193078,144585.41603202597,141935.31083886864,146814.6108515943,149776.72451664796
2009-01-05,141781.30745522416,143641.28586186923,141773.55023298762,145855.9242334771,148056.0506227509
2009-01-06,142006.17236112984,143860.18434974703,141998.40283595238,146078.19766323062,147840.05663778936
2009-01-07,140928.9212424397,142845.62229627615,140921.21065645872,145047.99325428717,147215.23435372466
2009-01-08,141950.97331680421,143890.79451433395,141943.2068117093,146109.2797704394,147984.73405316623
2009-01-09,142813.3981227086,144148.4451902537,142805.58443212076,146370.90286327217,148239.00418298936
2009-01-12,142083.99722702947,143417.97902027,142076.22344385218,145629.1744827095,148077.49182622926
2009-01-13,142038.1097516906,143548.75058460087,142030.33847913583,145761.96226210377,148217.91541964395
2009-01-14,141843.11306933465,143646.23779346567,141835.352465553,145860.95251316292,148922.01403297004
2009-01-15,142069.13056968438,143838.45249465952,142061.3575999004,146056.13074987716,149132.8277051064
2009-01-16,142120.0102522486,143924.6813603359,142112.23449870554,146143.68907841324,148607.03002685955
2009-01-20,141657.4521876917,144572.5727849971,141649.70174189738,146801.5695894369,149097.05689298493
2009-01-21,140717.83717297582,143454.08120998825,140710.1381359505,145665.83329021474,147027.69429601595
2009-01-22,140205.69938329136,142939.27179765218,140198.02836664984,145143.08662869723,145907.224800086
2009-01-23,140851.42802652312,144681.8997256558,140843.7216803965,146912.58211538102,146933.71781033993
2009-01-26,140292.25422427608,144590.95138880063,140284.5784719952,146820.2315516144,146534.82825506647
2009-01-27,141626.0075175282,145056.58831430078,141618.25879215315,147293.0475927585,147772.49097819722
2009-01-28,141438.7107520927,143959.45815025733,141430.97227420838,146179.00205131946,145991.80134752495
2009-01-29,140458.97489516868,143450.79156533224,140451.29002116845,145662.49292634352,144744.1987724847
2009-01-30,141269.43459478315,144153.60120990442,141261.70537843544,146376.1383776092,145152.49072920217
2009-02-02,140906.71321615315,144016.31836138343,140899.00384523073,146236.73892408656,145742.91336110735
2009-02-03,140054.63602776805,142940.24279003654,140046.97327619363,145144.07259168685,144082.2995580571
2009-02-04,139916.34683478877,142694.31268020763,139908.69164937397,144894.35077075835,143772.92433594406
2009-02-05,139903.09525675274,143328.7758932945,139895.44079636608,145538.59603618932,144289.0672142981
2009-02-06,139638.35115252118,142467.22393872088,139630.71117696958,144663.76081137563,143521.87041410548
2009-02-09,139255.4481055712,141733.80625072282,139247.82907963617,143919.03540676594,143071.44195661435
2009-02-10,140898.85608043824,143922.82794430782,140891.14713940004,146141.8070867132,145496.9545896225
2009-02-11,142141.7021130041,145600.0124340029,142133.92517264318,147844.8501386236,147238.49358301194
2009-02-12,142387.37320866,145922.32064693896,142379.58282699768,148172.1276480371,147153.5310611978
2009-02-13,141306.81499401704,144819.56001378986,141299.08373249095,147052.3648278203,145368.52112999526
2009-02-17,143475.52182539777,147794.18872161402,143467.6719083087,150072.85588530323,148724.542064408
2009-02-18,143091.3364993907,147574.53720590708,143083.507602075,149849.81781765792,148252.34894171383
2009-02-19,142016.30681427315,146519.96915674626,142008.53673461353,148778.99060698148,146842.3163968719
2009-02-20,142514.12272374058,147626.74197228273,142506.32540728428,149902.827468772,148027.7853344525
2009-02-23,142396.20622665953,147703.40471313184,142388.41536171993,149980.6721834982,148414.35173038908
2009-02-24,141222.13895814825,146125.0178900603,141214.4123294672,148377.9500448338,147171.61382682508
2009-02-25,139538.5438481321,144515.30816994206,139530.90933329635,146743.42207770576,145531.50724156463
2009-02-26,139034.94905401533,144205.32530585065,139027.34209215397,146428.6599473941,144926.70241559326
2009-02-27,138535.55973666869,143942.9254147567,138527.98009768923,146162.21441674716,144526.02645428834
2009-03-02,138782.10151811512,144336.82328474126,138774.50839019677,146562.1853410916,145400.1672910634
2009-03-03,138181.08393970376,143823.51205692516,138173.52369501247,146040.9599628634,144771.3427313515
2009-03-04,137604.2841987137,142837.83969428737,137596.7555122289,145040.09066138568,143860.0749063348
2009-03-05,138883.2835936718,145355.21394036256,138875.68492982027,147596.27738096114,146755.81203155735
2009-03-06,138793.36812967435,144978.1452443594,138785.77438533056,147213.3951001109,146228.01800794248
2009-03-09,136844.10896593856,144298.13832077917,136836.62187060795,146522.90393854238,145500.4497814625
2009-03-10,136643.91321202886,142488.5084896798,136636.43706992603,144685.37352413716,143437.52475368633
2009-03-11,137348.3670209937,143701.54907346366,137340.85233639996,145917.11657362952,144740.0327123814
2009-03-12,137926.73394987677,144814.43354988162,137919.18762133166,147047.15932491154,145754.99402781198
2009-03-13,138454.48118993614,144821.47689412232,138446.9059869738,147054.31126230722,145579.8266366211
2009-03-16,138073.37501646235,144004.41769278608,138065.820664805,146224.65477288424,144395.90208080778
2009-03-17,137623.98863108252,143479.57112767265,137616.45886651726,145691.7162073732,143805.9100904162
2009-03-18,141598.65014592593,148380.5977446874,141590.90291734348,150668.30606890493,148849.94348978793
2009-03-19,141817.4471337458,148550.932764953,141809.68793421393,150841.26728726985,149024.41572828384
2009-03-20,141046.9883613709,148229.8463447654,141039.2713156323,150515.23040800993,148578.13229771462
2009-03-23,140658.44237239004,147218.64110485298,140650.746585008,149488.4345674395,147497.37017016046
2009-03-24,139726.53569754396,146577.6362574157,139718.89089718767,148837.5468097859,147358.1220594794
2009-03-25,139337.17410277118,146377.7776122765,139329.55060539534,148634.6067760211,146718.7788913734
2009-03-26,139778.20694514507,146635.9188311355,139770.55931772108,148896.7279749057,147332.36564229216
2009-03-27,139620.6272441682,146038.14525844727,139612.98823833742,148289.73802488093,147148.23957463808
2009-03-30,139662.09070242356,146187.76514551762,139654.4494280197,148441.66472744013,147400.3675445164
2009-03-31,140314.54583415986,146507.05373410205,140306.86886224727,148765.87605641675,147902.13829455568
2009-04-01,140520.8737648613,147037.94850994085,140547.34976427694,149354.77682827183,148635.013187576
2009-04-02,139537.38238208057,145573.64726069113,139515.7646099714,147489.6144337415,147090.62774712287
2009-04-03,138299.83618644334,144125.67006549993,138151.28818654144,145692.63695802263,145332.31463116742
2009-04-06,137634.88467215287,143183.90368949654,137267.1986108728,144186.44901630428,144445.32225828373
2009-04-07,138001.1220152399,143743.82155366018,137852.2286922731,145255.55873911775,144972.31047938502
2009-04-08,138759.10627816198,144270.3142929069,138639.2993929883,145664.3015033535,145647.03722649082
2009-04-09,138605.8126911437,143654.4598716709,138592.99844032116,144925.0969291547,144795.31009871588
2009-04-13,139762.00764586971,144777.22486797976,139957.6464060252,146371.99133096298,145964.83132744895
2009-04-14,139977.49804571798,144937.1379404735,140231.65624972203,146593.09390839373,146240.94620090377
2009-04-15,140380.30920374123,145068.9309099595,140762.31180140175,146757.53799803735,146300.12516977137
2009-04-16,139859.21628263075,144062.91332490087,140240.76448636394,145428.3641154162,145258.3272459261
2009-04-17,138958.94459653308,142832.90010023204,139527.6730656802,144313.2116412959,143950.12336303724
2009-04-20,139452.77523830885,143862.70285708932,140170.39618292556,145956.996207104,145205.9342335961
2009-04-21,139275.98293435937,143424.86298399622,140109.92003318205,145545.29357819122,144574.5516990645
2009-04-22,139289.72014346506,143589.2371329481,139990.8617663636,145582.2299068497,144541.22970965502
2009-04-23,139778.06035000354,144344.51443852164,140383.6463035185,146346.62199103442,145153.69410965013
2009-04-24,140002.02514119484,144541.70627698113,140576.63207306096,146467.97674387705,145035.99387284086
2009-04-27,139999.0723527319,144610.27241759922,140517.5069899279,146487.66336587616,145210.0115849028
2009-04-28,139392.88173582876,143919.53762377024,139668.15967616282,145324.72144674303,144196.05122540542
2009-04-29,139336.98494003198,143559.06553218293,139819.15288435377,145118.46190226535,143660.0129550303
2009-04-30,138814.36794418623,142839.07434623243,139355.88761233707,144375.29516390868,142968.4430898673
2009-05-01,138319.85194611643,141981.66938425036,139198.2008855493,143863.676473039,142072.9349915293
2009-05-04,139117.17249002232,142963.13311755133,140181.0276286076,145221.72612476876,143055.02960826777
2009-05-05,139138.9249660093,142836.04755266506,140196.15638386845,145006.68730285668,142927.8623529682
2009-05-06,139733.87014188184,143438.07912668984,140806.57032236384,145630.57324879413,143530.28091199917
2009-05-07,138794.54940859866,142614.20983249237,139502.4917949446,144306.41763389757,142705.88203583678
2009-05-08,139199.42903966978,142863.1637418382,140024.75294789713,144654.5689484252,142954.99597238764
2009-05-11,139816.24537735607,143565.8472983821,140618.1576755331,145358.8228677225,143658.13121288337
2009-05-12,140059.76410769048,143764.79748850546,140800.41539698537,145436.78123045186,143857.20928789495
2009-05-13,139906.40564006218,143644.4983054368,140604.84215511978,145269.134888005,143736.83277668917
2009-05-14,140312.64901240353,144092.7426057548,140889.5030353742,145545.23220892268,144185.36520778105
2009-05-15,140386.3026940067,144204.25481214508,140891.44977368225,145563.51927703072,144296.94909405283
2009-05-18,140180.02817956387,143990.96186785735,140630.1520187607,145262.82674318677,144083.51904537572
2009-05-19,140525.09337170373,144268.9914769329,140998.6656156854,145539.90495606145,144361.72737147313
2009-05-20,141263.55583397995,145002.92377453623,141736.16744377033,146262.81038688959,145096.13143967287
2009-05-21,140236.16333713694,144093.18084921353,140823.8175372376,145602.28111042175,144185.80373294206
2009-05-22,140047.2691656423,143898.78173208178,140489.22425394176,145179.45232033782,143991.2796563451
2009-05-26,140022.33765441182,143884.67584414643,140652.46380929754,145464.734991479,143977.16470116584
2009-05-27,139116.19944177198,142975.475182927,139548.8229275316,144254.4834210911,143067.37960710487
2009-05-28,139789.7099456381,143721.19124767,140396.12777936424,145301.6787860246,143813.57501703236
2009-05-29,141744.16075970823,145694.8981251962,142402.74671690384,147347.45271868733,145788.55059042294
2009-06-01,141055.66680502208,144762.27245190035,141856.9460508608,146519.316101258,144855.32542672238
2009-06-02,141850.0768829646,145445.62399277196,142530.2334309812,146760.01525276026,145539.11622495472
2009-06-03,141589.10521244415,144655.15786052175,142148.26776309678,145027.247073601,144748.14198224273
2009-06-04,141583.01875401873,144972.6259459606,142971.05612046647,147594.3364724951,145065.81413569782
2009-06-05,140570.71004102923,143796.61622926028,141677.54744707103,145608.7185316892,143889.04848168933
2009-06-08,140109.1470343333,143232.23254241238,141263.4765306719,145033.36614993835,143324.3020098415
2009-06-09,140995.73448710787,144044.9359631202,142124.1073957409,145662.1537261723,144137.52783510726
2009-06-10,140754.06359641673,143890.46238020688,141697.51728902388,145216.41972920173,143982.9549568031
2009-06-11,140890.7563824089,143843.70667856047,141758.97214766522,144761.58483447717,143936.16920066078
2009-06-12,140896.13985166154,143298.2203759736,141923.50329645883,143864.72452681887,143390.3322602846
2009-06-15,140081.8384611424,142018.19860121963,140716.78427937487,141154.38946445214,142109.4876894253
2009-06-16,140185.08397857926,142221.73441176428,140611.07483547376,141024.2438043307,142313.1543324882
2009-06-17,140060.7570534419,141940.795252097,140951.14411383338,141564.93657035957,142032.03458554423
2009-06-18,139155.40820212266,141483.16147801484,139715.55874083188,140979.97163270554,141574.1066451483
2009-06-19,140110.80654544098,142403.4003844526,140718.4234086906,141928.18983014702,142494.93707979532
2009-06-22,139374.35028066364,140997.31965524214,139409.62340517386,138450.1834174504,141087.95252396984
2009-06-23,140096.03881080836,141514.88821721278,140155.39375416143,138746.13255724698,141605.8537782473
2009-06-24,140229.83744376866,141837.80858670053,140787.53958118882,140367.86965354442,141928.9817204714
2009-06-25,141459.50317709713,143150.43447773837,142266.59978374635,142283.0112009725,143242.4513654924
2009-06-26,141551.0830918703,143254.19413470573,142412.27184803467,142516.5441093219,143346.27771901392
2009-06-29,141507.16146091506,143268.05648947443,142284.97382287265,142422.88082347266,143360.14898448376
2009-06-30,141640.94787142324,143495.97878553998,141940.2584197328,141722.84927435717,143588.21778866445
2009-07-01,141830.9898620363,143892.18025347535,142415.3620455762,142991.51750512782,143984.67393431798
2009-07-02,140657.44069974433,142158.31722419366,140787.45961577617,139836.13345166235,142249.6963804431
2009-07-06,140611.4900549022,141936.7768111651,140898.83169122782,139738.4956878599,142028.01356156444
2009-07-07,139791.54008587007,140992.01873494624,139508.12360966706,137602.8279159453,141082.64819625023
2009-07-08,140025.62013357444,140753.55743146027,139597.48528193636,136612.1000274462,140844.03361019073
2009-07-09,139597.42187012054,140103.81591504146,139554.64117530745,136481.2726536363,140193.87444088527
2009-07-10,140048.09975553828,140508.66548753428,139947.33645523697,136718.5385972133,140598.98425008505
2009-07-13,140579.29177441163,141319.5454542971,141077.25697272038,138915.5820937162,141410.38544929228
2009-07-14,140752.4976593534,141711.1190757082,141406.84348504798,139818.95677392703,141802.21077364864
2009-07-15,141424.3280623847,143282.8490407129,142656.5745078199,143386.31240996948,143374.95104435232
2009-07-16,142264.77006017484,144071.09394359795,143483.84230089103,144069.31698553168,144163.70262989617
2009-07-17,141993.83225008735,143873.6491696101,143092.98702411453,143725.37291065403,143966.13093869935
2009-07-20,143227.28831155857,145421.06578493046,144562.83011021765,146020.21765931151,145514.5422311335
2009-07-21,144033.5902788076,145682.32445187398,145640.4840473028,146209.34536022416,145775.96883476208
2009-07-22,144015.42325694865,145829.71527444528,145823.3881564564,146919.73382371478,145923.45439993634
2009-07-23,144335.73048075635,146410.14220117993,146709.2185702472,148861.90673186336,146504.2544242418
2009-07-24,144439.0044698551,146380.02725660714,146831.58751509432,148721.76545438435,146474.1201218271
2009-07-27,144560.88339568235,146708.43982453944,147173.88259008227,149698.44265805627,146802.74379287282
2009-07-28,144158.4783680682,145861.83373183184,146613.08388656742,148071.32210904307,145955.5935030198
2009-07-29,144208.47360740096,145522.26853764994,146731.3746317711,147443.22946222653,145615.81003683287
2009-07-30,145220.07389282645,146645.03788919415,147866.70082109168,148893.69273941248,146739.30110285716
2009-07-31,146468.72725934905,147602.34434454894,149406.9584725424,150063.61558886254,147697.22291338688
2009-08-03,146309.98725157292,147997.32603937926,149579.8028002268,151696.4304768738,148092.45850186696
2009-08-04,146628.97692220568,148711.5357452021,150428.7967158028,153786.49438747854,148807.12730063338
2009-08-05,146920.11146349102,149104.26742314984,150835.54516190095,154493.840139996,149200.11142592336
2009-08-06,146450.83052914144,148602.77878196342,150207.82689633308,153684.0025106269,148698.30042857942
2009-08-07,147021.57807744367,149404.53637696608,151029.67461479057,155182.90648566824,149500.57339217945
2009-08-10,146708.5356068615,148798.74003297908,150339.376193159,153570.5897873118,148894.38764319767
2009-08-11,146699.7191480277,148504.95992699696,149924.9206879795,152227.5187022539,148600.41869579753
2009-08-12,146527.03432419183,148740.88987225597,149993.4523362121,153354.15785000214,148836.50029647668
2009-08-13,147443.05847576263,149483.5338848882,151200.38844203483,154397.67293540985,149579.62167958287
2009-08-14,146899.973594402,148741.94102506773,150406.11153673055,152996.2759520272,148837.55212496792
2009-08-17,145784.99403059718,147110.03016423146,148245.94396505092,148948.2049870276,147204.59227424173
2009-08-18,146270.84535879391,147915.25257070866,148843.5912482328,150285.5726891077,148010.33227649197
2009-08-19,146852.82160752348,148545.7707234613,149339.75031641967,150801.3467093258,148641.2557253815
2009-08-20,147873.35460718547,149698.1516502008,150463.28757643842,152252.9172133173,149794.3774008779
2009-08-21,148329.29351667,150576.67902430336,151574.2565119535,154747.15645228978,150673.46949107837
2009-08-24,148325.4506774632,150288.80597347062,151243.08653926954,153554.2285445097,150385.4113958739
2009-08-25,148502.1010720486,150437.98630682976,151801.58390064706,154348.63642660662,150534.6876221309
2009-08-26,148931.08806442062,150666.63264155583,152243.96767946339,154365.27867289324,150763.48093038308
2009-08-27,148789.6501791833,150723.80283604038,152345.911800596,155081.0133595696,150820.68787378416
2009-08-28,149296.95999746403,151150.74831625473,153143.91510874347,155922.90237291474,151247.90779392232
2009-08-31,148984.15431186013,150448.95709742332,152710.62764353814,154575.25447616415,150545.66546473248
2009-09-01,148139.04805952607,149562.33532797237,151194.5210090551,152480.3345736939,149658.47377611822
2009-09-02,148803.46435259312,150292.98743614403,152079.5386984946,153568.27362779685,150389.5955463854
2009-09-03,149325.8135797295,150891.69543303526,152773.01219700152,154462.42768261518,150988.68839189233
2009-09-04,149591.2986333662,151204.26187104802,153186.97338557683,155021.21734772163,151301.45574714954
2009-09-08,149907.49440231087,151711.34561273866,153513.67779068224,155676.34971643452,151808.8654415201
2009-09-09,150265.91676948115,152181.50347415064,153825.4673082345,156152.96806034332,152279.3255197106
2009-09-10,151174.3552003222,153079.2512172016,155023.0017732448,157450.9851072209,153177.6503336843
2009-09-11,151883.53821462012,153621.92126222266,155928.40554566885,158147.59293068096,153720.66920620837
2009-09-14,151539.93852548802,153389.0589815734,155574.7400199293,157986.98174947573,153487.65724202924
2009-09-15,151850.54699756604,153809.60157950304,156000.8770815035,158651.99653631533,153908.47016411938
2009-09-16,152744.8102759428,154827.86262852343,157208.78456645334,160206.28234094832,154927.38574983744
2009-09-17,152950.12778589013,154890.0481329046,157425.53620046188,160175.71716854695,154989.61122696893
2009-09-18,152266.1548839654,154272.007690823,156730.2864435576,159602.00984088425,154371.1735094044
2009-09-21,152142.96869000918,154017.7575069306,156623.43946880967,159277.06164152242,154116.75989386952
2009-09-22,152935.55130378538,154936.2796318095,157650.1597766524,160618.52338469544,155035.872443413
2009-09-23,152615.13473608953,154506.57494978604,157003.77076224782,159633.54849749513,154605.8915478549
2009-09-24,152030.16736944593,153692.409701004,156190.45629926916,158325.3769448838,153791.20295485403
2009-09-25,152106.69736836388,153633.80671191134,156198.0503224793,158065.52825991937,153732.56229584658
2009-09-28,152898.69692092616,154542.68102426064,157243.8467589091,159416.89290242345,154642.02083126086
2009-09-29,152640.7552806922,154373.16547171504,156882.2926258861,159165.12500340442,154472.39631436853
2009-09-30,153061.12995315134,154945.16123158165,157251.10693134886,159765.37005360698,155044.7597522644
2009-10-01,152094.40375551733,154128.197938055,155586.99583381572,158052.0373425193,154222.5177032205
2009-10-02,151774.73375011707,153976.76280124672,155245.50866007476,158023.66620128817,153969.85977192238
2009-10-05,152449.24729001176,154624.84990024843,156277.60023897162,159170.0452052427,154548.08302636215
2009-10-06,152869.47855665686,155243.3259228175,156962.90275922653,160354.33321123623,154929.09522909473
2009-10-07,153562.38466737323,155872.92933830066,157688.90355304966,160962.27879121242,155688.7161471868
2009-10-08,153571.04185198978,156107.43697970404,157789.8540285911,161538.461508478,155716.82819825126
2009-10-09,152694.0320552176,155338.45816792734,156836.46166669767,160770.42594255644,154640.3181602369
2009-10-12,153160.96166384857,155797.3301898451,157372.04524278783,161315.76003675882,155073.38385720947
2009-10-13,153641.35693762032,156334.66107003816,157641.76625594532,161576.75459599975,155638.30588014013
2009-10-14,153386.90832423305,156201.09351978893,157622.46238350408,161912.12766299906,155265.4852328947
2009-10-15,153041.71665043096,155767.14592013243,156995.4900586898,160979.06593657556,154802.45825363157
2009-10-16,153216.55198472782,155960.03115754746,156990.8042229528,160913.69544923783,155112.00514824924
2009-10-19,154185.1222980388,156995.0398805558,157978.75853677923,162017.36770745285,156162.2954788045
2009-10-20,154287.49955554426,156868.23522140473,158065.64981596166,161659.09986627428,156143.3082495911
2009-10-21,153818.6941249383,156437.5263281889,157665.82069608438,161376.07114015712,155658.5173535497
2009-10-22,153853.87040961886,156245.3510274594,158164.08325546677,161676.47263402113,155404.39630595836
2009-10-23,153219.44713777633,155656.19865714968,157331.701157827,160843.72910838327,154753.97913859025
2009-10-26,152346.6456837637,154709.67049271366,156332.96234669746,159659.51578119132,153695.4895848245
2009-10-27,153064.2729875162,155283.49630852748,156777.3488700676,159678.59762222736,154434.39452237924
2009-10-28,152311.05651878455,154591.75959498662,155496.40895510884,158266.302249724,153903.18187392608
2009-10-29,152965.33523118618,155376.81298124642,156537.11298669135,159732.26363494858,154413.25955286648
2009-10-30,153233.2168242795,155361.2849760074,156640.07186380978,159210.9617923205,154646.9537418857
2009-11-02,153473.48677631884,155726.93474621038,156857.13491215184,159651.3083495693,154894.69267509886
2009-11-03,153682.1753005046,156168.30828465417,157327.03893935477,160636.1927997374,155096.4767457489
2009-11-04,153782.39336222658,156143.20171405192,157332.38369456047,160379.75779917362,154905.28063654728
2009-11-05,154399.49227907584,156899.68399800907,158122.6525958932,161478.346098061,155566.16758852697
2009-11-06,154760.8406893512,157254.1836236494,158480.6074768456,161816.66540763443,155893.62897104613
2009-11-09,155811.31399705232,158564.74686499173,159679.86509105546,163516.11842410258,157059.68586701425
2009-11-10,155749.43717213822,158512.30417108693,159718.3682165819,163617.6322704599,156979.82147570202
2009-11-11,156554.23583444412,159389.04705872014,160662.4556453439,164736.20548859928,157822.78300689682
2009-11-12,155965.9875643728,158641.21560656704,160129.2084032482,163960.10234578617,157136.51749344027
2009-11-13,156548.35538718628,159265.20705534008,160986.77971066194,165004.8523159952,157767.08267492714
2009-11-16,157873.46209932692,160761.73936742847,162420.5449434358,166764.33997086427,159293.14284058192
2009-11-17,158117.86530720463,161012.45708324917,162584.86555803695,166898.76068964996,159613.98405052963
2009-11-18,157988.01477111733,160978.71029505052,162409.08705475146,166872.3017145511,159472.83113843406
2009-11-19,157693.53460087394,160555.1096058981,161952.49607518353,166120.83776334077,159137.36454643973
2009-11-20,157512.8354305128,160512.87649432346,161677.13792776578,166047.13431199576,159096.51785675084
2009-11-23,158029.96430389656,161170.90109703765,162398.03628455565,167098.0623391554,159646.90171227432
2009-11-24,158305.38503455996,161366.59248396565,162736.3212754381,167320.9861734502,159937.97011383192
2009-11-25,159115.91936424264,162251.1116055505,163660.290148362,168412.1027703059,160797.88928114204
2009-11-27,158735.277216435,161777.77208885193,162908.01462299874,167333.1169051107,160456.75260373898
2009-11-30,159335.4223326498,162341.761066778,163777.48763285376,168252.29875771294,160995.038151126
2009-12-01,159386.50383455967,162612.03042251756,163996.29569367316,168926.7253641991,161015.64667672187
2009-12-02,159647.77673531248,162947.44380745728,164449.61719184322,169599.34867734378,161321.62898003325
2009-12-03,159095.36869905348,162232.45775677235,163869.4752502217,168740.85190349916,160485.42225971082
2009-12-04,157913.23906021906,160871.19840113563,162700.41529552665,167298.23076109667,159091.7829160088
2009-12-07,157767.34987580348,160701.36838180377,162376.00271295835,166844.29564302557,158973.24382817216
2009-12-08,157601.8089927635,160283.88986705866,162166.4327253549,166191.53741865524,158646.64105044058
2009-12-09,157231.3276843684,160065.8538712321,161923.72072090133,166276.44711863264,158362.77785665594
2009-12-10,157020.78250498755,159749.12737746016,161837.2662037524,166078.7405838593,157849.7187845597
2009-12-11,156534.86024012955,159331.07394920883,161099.7095216076,165335.46354970435,157489.1635082765
2009-12-14,157287.1629138642,160063.85331892225,161965.4934004222,166213.04396473512,158142.3358025122
2009-12-15,156749.10888288397,159692.25195440205,161184.96825484338,165598.03136596494,157730.61183932336
2009-12-16,157230.6849177714,160148.50603243662,161771.70324877615,166187.58731203628,158096.39722024536
2009-12-17,157107.16143900523,159786.37050405904,161298.9469948074,165136.93318731128,158131.77276052334
2009-12-18,157305.70198791483,160122.16848358125,161691.66807204235,165854.46416778388,158329.9536367629
2009-12-21,156499.74398564282,159287.8582365106,160832.05720898826,164934.2494148193,157240.91189944197
2009-12-22,156080.54886277652,158931.14036240612,160440.0876024754,164668.3864293345,156818.77091430928
2009-12-23,156353.03015813857,159143.43612046188,160935.03056684523,165171.30572532388,157005.0596981961
2009-12-24,156426.86642703306,159457.20871842955,161225.07809524785,165973.88300412142,157057.55471795972
2009-12-28,156352.78020614263,159484.2932867578,161136.21257345018,166049.25241479144,157022.62934034702
2009-12-29,156381.6885213741,159381.16261133147,160969.71941961403,165558.4620763768,157071.97594451468
2009-12-30,156538.21047845227,159533.65845127087,161094.25499441646,165656.93854415,157339.3055248824
2009-12-31,156066.2335236447,158979.20203208213,160462.92501111692,164813.43146023818,156765.65544731586
2010-01-04,156961.92897726555,159915.70195482948,161598.6298108133,166120.46702467167,157527.35474865677
2010-01-05,157385.00878313868,160180.48185799163,161976.56604118625,166029.42833329726,157788.18015370375
2010-01-06,157154.32036000918,160064.26775012183,161852.67663514707,166331.60196950886,157673.7017080388
2010-01-07,157358.29696037885,160276.6896627312,162038.67587358368,166504.93216520842,157882.95109115102
2010-01-08,157754.20456706965,160706.02888953022,162487.9212769389,167081.39641888972,158305.8781199589
2010-01-11,157834.54116594276,160744.86489475003,162846.5461620907,167680.29135876815,158344.13410793568
2010-01-12,157500.20634121532,160081.61999666627,161815.71254463348,164984.16695231665,157690.79479810863
2010-01-13,157604.6461395838,160574.35621731685,162445.0742750877,167200.80200620412,158176.17198420796
2010-01-14,158018.4168962141,160916.49181631935,162875.5596328749,167452.74613007082,158513.19777478004
2010-01-15,157738.91382921298,160520.0444650826,162075.01658534646,165729.71211534983,158122.6713800982
2010-01-19,158362.60352622537,161403.61339501006,163195.1316344902,168064.76052355394,158993.04417381476
2010-01-20,157696.23518788154,160438.38305065344,161921.7409114133,165331.54074629053,158042.2295820583
2010-01-21,157260.3835426157,159560.4285974448,161000.36859492643,162756.26379427226,157177.38741263314
2010-01-22,156240.58420019093,158129.13211828054,159397.4428266856,159507.71989506396,155767.46740185458
2010-01-25,156262.5262478772,158169.95681779686,159690.4125717388,160166.21093024136,155807.6823829015
2010-01-26,156236.638994166,158340.3398782542,159341.92638007406,159905.8184511504,155975.52076574773
2010-01-27,156014.02907364845,158287.52353030388,159238.43949109226,160362.4425981484,155923.49323200094
2010-01-28,155408.62651352506,157479.33439813327,158099.7861167648,158128.68724423466,155127.37443584038
2010-01-29,155490.72568819494,157100.77552119253,157867.7958557009,156423.85951131026,154754.46935039767
2010-02-01,155911.7528880249,158094.3403677569,158609.20292132188,158885.09844931672,155733.19526747335
2010-02-02,156514.58395515694,158744.09415124095,159367.83137281987,159796.0425449397,156373.24495302007
2010-02-03,155972.3166646847,158062.621569643,158859.1469916631,159085.88133881785,155701.9501908385
2010-02-04,155220.52672127978,157044.7419443923,157564.7034930641,157041.07314972344,154699.2726372385
2010-02-05,155454.9389130554,157527.69714858008,158034.87166739345,158063.79834611548,155175.014886735
2010-02-08,155006.80919409584,156866.24507756456,157483.69974129045,157102.06342467145,154523.44162803443
2010-02-09,154797.0517667197,156704.66365328434,157416.08990754856,157205.9459399645,154364.27342858785
2010-02-10,154219.69939800145,156337.06975009365,156775.4064876185,156905.67654418497,154002.1695545873
2010-02-11,154636.45819838584,156780.05950389564,157554.58489074578,157928.46353413753,154438.54323924836
2010-02-12,154903.5698057033,157081.55742898502,157947.7352603096,158446.08580274804,154735.53828114207
2010-02-16,155972.16752596776,158324.01541647155,159319.17773672452,160260.10435029396,155959.44011043446
2010-02-17,155697.2655453591,158131.50167062727,159049.38789108777,160144.47919562814,155769.8015648452
2010-02-18,155810.0332601871,158321.84523125621,159276.90476676458,160570.49401806414,155957.30233701944
2010-02-19,155843.55607597844,158174.18307044008,159448.93238367577,160510.93454118643,155811.8455162977
2010-02-22,155682.87885063642,157923.96027400813,159388.99577538177,160361.31835612358,155565.35980702777
2010-02-23,155832.67531504956,157998.19347244705,159391.5785428455,160140.7813146032,155638.48432977113
2010-02-24,156122.57890895696,158159.63665145633,159956.38184239823,160636.84682507362,155797.51634864524
2010-02-25,156332.61163233672,158502.17153383815,160267.24524396737,161229.79038423797,156134.93545928385
2010-02-26,156891.49131665673,158905.44224295986,160950.58458711926,161698.89527047484,156532.18330473622
2010-03-01,157262.49620486912,159340.12078523703,161491.741225859,162439.97474410964,156960.36990613866
2010-03-02,157589.28159781566,159670.5252628037,161931.02455959257,162945.32193772832,157285.83978002818
2010-03-03,157662.0148912608,159654.46218712901,162072.9712558006,162965.6559768543,157270.0166070112
2010-03-04,157817.5184062603,159840.27708314182,162227.11167850153,163169.03746645633,157453.05635035085
2010-03-05,157886.5662010811,160002.3846534519,162508.99621611895,163753.2244238174,157612.74283781595
2010-03-08,157838.51276571833,159847.78352691283,162504.41925875162,163582.05399122086,157460.4506850932
2010-03-09,158047.63900244684,160184.9969169791,162686.9868476319,163975.86664525018,157792.62778011023
2010-03-10,158023.8530146696,160100.18801088948,162735.01258729323,163958.06015390932,157709.08549831982
2010-03-11,158142.84250950592,160283.31404578427,162825.35432410034,164144.01735727736,157889.47653878646
2010-03-12,158430.9173555035,160560.9394864127,163059.99170181435,164315.3861388218,158162.95563269983
2010-03-15,158403.90260417594,160534.55542627274,163033.84408047394,164291.900000331,158136.96561952058
2010-03-16,159400.9121208718,161637.53243907643,164264.2087188977,165829.61642174143,159223.46962789254
2010-03-17,159793.68995314089,161968.67160690195,164697.98303890537,166161.99527445398,159549.6632194134
2010-03-18,159464.22445833872,161629.37609175162,164515.8168792939,166066.95369172795,159215.43509593114
2010-03-19,158931.3590821079,160944.54968479284,163850.95468801438,165056.65437025862,158540.83659790052
2010-03-22,159397.920758078,161491.49460871326,164382.75919548862,165761.29528630935,159079.61287818552
2010-03-23,159358.78043790912,161474.75269237763,164384.4438384625,165831.55083272926,159063.12100301922
2010-03-24,158082.5389294795,160148.21071168897,163071.23922551097,164447.33066957144,157756.3909782218
2010-03-25,157786.49651966302,159943.45573677964,162724.23007313634,164246.79842910025,157554.69402679795
2010-03-26,158193.95359457185,160331.4824582527,163250.30056891963,164798.0246762269,157936.92555414798
2010-03-29,158135.7808108708,160299.24854426295,163261.43721398636,164903.19693572665,157905.17305491288
2010-03-30,158190.83647336302,160342.91733163752,163276.41870944746,164869.65442141163,157948.18964725567
2010-03-31,158459.82211836893,160683.57843266256,163341.67238854733,164927.99882549944,158283.76296153467
2010-04-01,158596.894070611,160749.82701346782,163566.28873441383,165072.93923235382,158349.02211721815
2010-04-05,158203.87479104628,160876.92728810312,163647.8082833108,167035.03003279018,158474.22414432606
2010-04-06,158933.316300971,161792.55182408282,164468.14915535567,168386.9889919471,159376.17379237618
2010-04-07,159484.4515866872,162228.40445093627,164652.4455909604,167796.71337390342,159805.51694335626
2010-04-08,159401.20509321685,162252.4553938712,164613.62153723327,168085.0334361274,159829.20868452635
2010-04-09,159906.05041764653,162963.944030791,165360.50393393546,169612.4191191097,160530.07121108027
2010-04-12,160096.3745780485,163026.0807691623,165385.11612307763,169098.91729179656,160591.2799348559
2010-04-13,160710.28556274937,163669.68114355492,166338.57227706624,170503.59333847943,161225.26811271446
2010-04-14,160874.665601696,163986.377275213,166754.12373510358,171600.56094356917,161537.2343753728
2010-04-15,160955.2837293274,163972.75918273372,166579.6734376616,170867.06225391306,161523.81966963244
2010-04-16,160429.54713531578,162988.06241974194,165433.0280502214,167835.00935217747,160553.82939095754
2010-04-19,160179.39525512463,162811.8970290848,165264.37695085752,167964.18810639644,160380.2950372371
2010-04-20,160791.11978443593,163564.2946028555,166048.42608713993,169268.92696689433,161121.45552408462
2010-04-21,161596.25194049437,164504.59776905322,167090.33155199862,170886.1048119841,162047.71522605405
2010-04-22,161545.27072257688,164607.8194811634,167313.76070632788,171835.43603092496,162149.39531789356
2010-04-23,161947.41668159835,165232.19613663916,167990.53192434303,173385.36417961557,162764.4468838223
2010-04-26,162036.28790861793,165329.1194404576,168048.78595384455,173420.1611297561,162859.922634342
2010-04-27,161840.28220776253,164978.84868152541,167077.47569088129,171105.9185437545,162514.8831827691
2010-04-28,161818.06274015992,164809.28495643075,167255.99878139384,171163.41532249548,162347.85189848012
2010-04-29,163194.91736677822,166691.1381743067,169035.54036779402,174615.29376454555,164201.5995656165
2010-04-30,162960.5332425239,166001.05921793162,168281.68407254724,172076.60470885749,163521.82696519865
2010-05-03,163569.82248560427,166904.39886807668,169525.48585013553,174810.27729788318,164395.36567750346
2010-05-04,163106.01092164428,166166.4022628292,168784.77272099617,173446.6410766503,164199.7801949992
2010-05-05,162891.59206161438,166142.00921351634,168456.4718643629,173359.97638023476,164318.6590103522
2010-05-06,162209.39387197705,166247.91616548828,167232.87492375847,173086.1077931569,165140.06413709765
2010-05-07,161574.30932414316,165131.16501229396,166474.68177441883,171474.4449839229,163893.0499789178
2010-05-10,162827.02961178593,166506.85963688558,168386.60123448973,173992.2905722664,164572.05936291424
2010-05-11,163397.66038315938,167251.06109748431,169072.63909705685,175025.54382130536,165140.72221287995
2010-05-12,163894.95434571552,167984.00357486462,169695.59469536188,176107.10604239334,165579.00040679067
2010-05-13,163651.82919385936,167444.70412230585,169304.3608470629,175134.85849047548,165281.2421701294
2010-05-14,163371.13504711937,167063.6623257922,168737.37116840068,174218.55109936456,165373.29669454682
2010-05-17,163173.70971584736,166671.84985552696,168668.10051799254,173921.59305735092,164953.39564892658
2010-05-18,163364.4579181713,166734.37621657926,168626.8190365178,173511.31547483994,165371.17241238
2010-05-19,162594.23806242872,165603.86161962632,167930.10810873323,172294.0974053873,164491.04350610205
2010-05-20,161666.4414988951,164434.7443304087,166639.48597006584,170394.48394869713,163997.14586664457
2010-05-21,162020.28126567227,165044.33288277435,167094.08701653217,171321.8377236816,164541.52174364417
2010-05-24,162046.60990181702,164911.53088155494,167191.84185389624,171206.4971799674,164346.2674408365
2010-05-25,161949.93218988628,165083.457531922,167251.57648703086,171808.39624420938,164608.8178075277
2010-05-26,161910.0254811499,164984.2204303019,167084.21294753952,171461.22960269856,164456.73266617145
2010-05-27,162314.42732493032,165892.17334306226,167865.7610763091,173301.59670850454,164693.36045416948
2010-05-28,162465.24823791356,166192.69011895073,167745.63075866757,173242.45212099666,165057.44086265005
2010-06-01,162167.71665102482,165823.2872651618,167442.94739034664,172827.4157533074,164907.58920356704
2010-06-02,162164.86353635523,165591.16067792944,167529.90340621572,172529.42229638176,164511.09965573894
2010-06-03,161719.58592272046,165167.65647712722,166787.7040310062,171610.39060667838,163993.66963619154
2010-06-04,162675.63608070606,166132.1445031918,167734.4341530783,172530.59547682732,165379.24800477305
2010-06-07,163354.41392351576,166825.69147912078,168725.75102550088,173774.60529074256,166141.3520589945
2010-06-08,163144.8271820278,166528.1667497306,168620.68812008365,173585.66363016475,165779.33731903485
2010-06-09,163202.59900692507,166585.67188388726,168619.9443979634,173535.54287815435,165806.41166108078
2010-06-10,162310.91166297672,165590.05516679861,167866.28510632014,172718.35843563764,164570.9326639189
2010-06-11,163266.85136337,166707.22570354352,168862.55676593556,174032.43679552354,165802.38498587988
2010-06-14,163172.30303472446,166695.67445174587,168713.64080802738,174009.36916190153,165686.78278740248
2010-06-15,163265.72512688403,166908.196283068,168977.54667841288,174644.107582693,165787.02138101417
2010-06-16,163443.45475266315,167093.00806093984,168981.57195342748,174515.76197745485,166064.99531431464
2010-06-17,164429.93624073922,168063.73939007815,170109.25798475265,175687.95339632657,167077.71050773133
2010-06-18,164360.65429080353,167971.46339974718,170150.58751089463,175774.7983477889,166963.48946762216
2010-06-21,164093.51919148202,167425.86120091096,169679.1827280312,174591.93215184897,166429.0614548382
2010-06-22,164630.88311257373,167869.95022208465,170316.7853658569,175103.07443003586,167061.5342020369
2010-06-23,164925.85347266772,168013.40147539272,170764.7833584899,175359.31915157055,167327.43944546836
2010-06-24,164457.29247634183,167611.48827058583,170277.2716628046,175007.46095277875,166853.43868594288
2010-06-25,165163.2357048861,168501.85803843956,171080.36748473384,176229.52790155337,167713.73770729662
2010-06-28,165513.86213011883,168638.3739640013,171423.8034544419,176125.57865777455,168028.0635432112
2010-06-29,165512.90537545638,168667.4642976882,171346.88294876,176048.40802313216,168280.64044405025
2010-06-30,165698.2572183539,168668.10531319396,171706.04094754707,176169.7966465226,168421.61697606012
2010-07-01,164727.65688101668,167222.18973785322,170688.1630281528,174202.16966985803,167189.63201068685
2010-07-02,164596.95457551436,167234.63201851823,170661.7419797303,174590.1241387761,167025.59221066753
2010-07-06,164702.8867441032,167095.11312691862,170722.6260637599,174067.08275969906,167084.96788066917
2010-07-07,164521.17118417766,166788.3369773732,170838.6555492205,174190.45755239693,166561.75343535596
2010-07-08,164327.29472600186,166683.51866496168,170368.22771710737,173670.75288429303,166331.58867906776
2010-07-09,164363.82662847274,166820.05558105282,170352.81429895092,173824.78577282195,166325.3368085616
2010-07-12,164314.4540993071,166664.827917704,170337.6371106815,173611.76282929152,166182.07705031923
2010-07-13,164212.02873526138,166478.7257693974,170282.46940130767,173421.53596077336,165834.00605581506
2010-07-14,164788.52596098647,166998.49355958987,170946.79992480422,174016.2519208084,166502.87287667175
2010-07-15,165144.1239403121,167387.48685163053,171408.61960758615,174632.05199713717,167057.56053322565
2010-07-16,165108.02192728178,167213.09990674054,171585.56737664161,174702.62043634124,167013.38930674145
2010-07-19,164632.74429054456,166543.05538495778,171191.85221114627,173977.73397785908,166297.18218090208
2010-07-20,164921.28713343357,166880.38942068786,171553.30551730708,174499.49621106655,166622.50377227555
2010-07-21,165620.77661619819,167545.11557609536,172183.19260930934,174958.37815213043,167569.49944359483
2010-07-22,165418.41324072483,167344.30529231342,171944.7627140318,174699.622457964,167140.7809943352
2010-07-23,165092.73310447016,166787.25202711092,171664.58175942354,173968.56948708268,166424.75342478705
2010-07-26,165070.7052675227,166691.95062643508,171590.34816277103,173687.7878975145,166304.9212195517
2010-07-27,164409.48512364412,165979.98344828922,170643.58806213786,172402.0309088348,165477.55780435086
2010-07-28,164991.57866846555,166565.91703727355,171270.04610755373,173050.98076697378,166055.5013320333
2010-07-29,165237.58186016817,166892.8434343812,171551.77510660817,173530.3146436237,166332.05405369282
2010-07-30,166080.43512762696,167775.951160412,172578.7819935451,174773.58170059204,167436.3710811343
2010-08-02,165951.09868950225,167742.22318071694,172189.82849370065,174361.72440202942,167098.6035136674
2010-08-03,166442.89681229732,168276.75438239184,172531.69492217296,174642.736816138,167684.76115712698
2010-08-04,166198.12960691832,168150.9838552257,172417.01985464987,174858.8894504698,167415.59906500613
2010-08-05,166560.29478564655,168543.87147765263,172684.20819532033,175092.05277914632,167855.21997681257
2010-08-06,167180.3732454931,169019.90434847324,173531.74675626968,175837.37469179337,168497.883302518
2010-08-09,167421.31320805947,169126.47564888475,173922.600019555,176094.53412804735,168513.53819148455
2010-08-10,167724.3910721717,169664.27282949607,173915.3440336458,176255.75957623834,169026.88711436078
2010-08-11,167424.3357553894,169232.32480325134,173478.85497367205,175479.38977363647,168931.59174808816
2010-08-12,166804.69965627362,168592.81785984116,173050.14156927637,175190.6913711032,168320.71592478402
2010-08-13,167215.7778574993,168900.40503177294,173465.30004439523,175404.92535281763,168850.44957360678
2010-08-16,168324.70021889126,169689.83516979197,174863.97588614395,176412.21224167457,170066.59550691704
2010-08-17,168241.28798398774,169689.9025495297,174906.28245288818,176710.56921078183,169945.78065009217
2010-08-18,168319.49650982706,169736.28099941553,175063.71101127774,176870.34555480664,170043.13889624097
2010-08-19,168223.43918624197,169515.03732701016,174914.40412870835,176452.5844844444,170178.45833914078
2010-08-20,168083.95659112954,169176.84488377182,174797.79302126536,175995.7565930454,169857.2199554932
2010-08-23,168085.9965271954,169018.50143009904,174800.81611039874,175706.19055313864,169721.9621856137
2010-08-24,168504.67638519307,169452.8139997134,175171.73395455113,176052.59167826438,170441.88040945953
2010-08-25,168753.8240887782,169674.23575445963,175540.82513941886,176456.98145112372,170568.15176533558
2010-08-26,169030.019623919,170008.597147488,175547.75479096442,176346.82659050185,171061.7703655333
2010-08-27,168090.7973882146,169327.29835346233,174599.49016594136,175895.83520053205,169859.6575451511
2010-08-30,168758.2079736319,169807.02405979703,175255.92829111748,176176.41471719366,170685.72982110365
2010-08-31,169378.15850472468,170453.42959650842,175966.32445410555,176984.17185800214,171489.78011818737
2010-09-01,168989.76841303034,170465.3623712085,175712.96614530755,177577.4042733553,171057.60478170268
2010-09-02,168940.02330768053,170476.5062868304,175790.0386854767,177856.40432063342,170874.53016536948
2010-09-03,168374.82957763108,170173.90489026436,175056.3043756396,177513.58668330207,170377.39220111366
2010-09-07,169297.85264731423,170983.93370045774,176007.26230388985,178243.40779722677,171474.24837009786
2010-09-08,168975.6729042277,170663.00012343272,175759.9285285858,178060.6338253567,171041.2120845309
2010-09-09,167998.36020223523,169639.03182308446,174450.19243243017,176466.18030880974,169763.93596065562
2010-09-10,168077.19110373294,169702.5380283846,174486.60677447997,176442.3687147928,169737.7607977355
2010-09-13,168809.1365013567,170632.7826764322,175047.14376465537,177228.82551756053,170657.41694163543
2010-09-14,169588.5741636873,171416.37853471667,176318.20416429112,178821.63651381354,171532.94001123763
2010-09-15,169352.23955577804,171191.69268268402,176133.1213862474,178701.51934941544,171060.29402410693
2010-09-16,169061.11795789714,170988.96864119652,175856.77294756265,178609.5714828275,170698.91012748273
2010-09-17,169145.55613185532,170898.2094528259,176223.41550989499,178843.38140110148,170691.82190466768
2010-09-20,169833.59741382176,171773.71962846568,176953.23919479357,179929.4987343022,171578.67174681355
2010-09-21,171277.2395613517,173290.34365272665,178100.22452373896,180958.1003274178,173186.24294499727
2010-09-22,171273.75277886447,173325.99494076424,177980.09140999208,180829.737859004,173383.99843118398
2010-09-23,171081.5891045278,173012.1267609787,177747.84037976238,180349.4230140816,173156.69554358814
2010-09-24,170899.3582352738,172903.21098176276,177889.5998471712,180858.364113557,172810.72678915833
2010-09-27,171447.4723195876,173330.08627931864,178482.11239371984,181237.54437129112,173512.84268328967
2010-09-28,172291.7205897565,174388.5620180425,179189.53069960428,182221.52637801337,174585.96845941225
2010-09-29,171854.65118633627,173843.84986622783,178897.0180326269,181843.72056967078,174021.51171606567
2010-09-30,171847.25216861724,173648.397981331,179070.05404485736,181791.9447985666,173834.43280191623
2010-10-01,172011.74685131168,174197.49658840068,179103.15361762245,182451.42732980096,174234.6741938093
2010-10-04,172092.80417497727,174220.5710615327,179124.82169340987,182355.08125687318,174297.86873922276
2010-10-05,173617.6765557175,176118.73562512724,180854.29653076341,184722.16074344193,175920.00368522
2010-10-06,174460.73704826305,176888.1573801841,181501.63182631115,185148.53990157292,176824.0652583108
2010-10-07,174133.0613665113,176470.64353124035,181182.54531831067,184702.1009491286,176307.39804148267
2010-10-08,174837.10765027447,177448.4632691407,181766.30876232288,185635.8834403893,177119.66970721338
2010-10-11,175060.61381168076,177696.18119287316,182073.67566590855,186015.24792214928,177346.88436162335
2010-10-12,174886.01289270545,177545.71867933875,182012.573034202,186047.65851108308,177046.13274207534
2010-10-13,175877.3444876892,178880.81783797662,183023.3961872514,187575.7592052009,178226.53981446993
2010-10-14,175595.66969548285,178939.06913283246,182450.80654770936,187392.89724669975,178028.804742713
2010-10-15,174981.05892571688,178464.261164751,181983.90907847107,187222.71875136104,177396.40318346774
2010-10-18,175752.78087561598,179117.87117920103,182913.8858952131,188031.77268133117,178119.73470920254
2010-10-19,174613.45434076243,177605.21299020876,181313.71171710282,185660.38586916466,176857.91783317027
2010-10-20,175322.32439246975,178446.9160001099,182303.04859792738,186971.504020542,177653.25814615135
2010-10-21,174602.94700391815,177638.43476550723,181313.58158059767,185731.4349701686,176725.77585433592
2010-10-22,174848.93783406843,177897.0916684028,181635.798588547,186104.24647317867,177071.0722893756
2010-10-25,175480.5739006702,178542.2359343905,182325.46987086112,186829.7220263351,177700.4886337173
2010-10-26,174773.6073845713,177892.297451399,181673.92438425505,186305.5144310975,176856.5078210838
2010-10-27,173848.63382817208,176807.28530952448,180764.81444886135,185176.65763230258,175733.0686472204
2010-10-28,174728.60978612167,177756.73738231816,181764.60946694246,186322.3959329231,176633.00103486903
2010-10-29,175395.46799142397,178533.58657131568,182487.12470471975,187226.9772453921,177487.55028642045
2010-11-01,175324.42078665792,178460.45892885706,182301.98703239663,186983.09962732196,177348.16209590787
2010-11-02,176157.72584251023,179315.10761569312,183287.78861569907,188063.64492656096,178369.82020063465
2010-11-03,176036.36336092255,179352.56880475755,183218.12469487733,188260.01543652918,177979.50367378053
2010-11-04,178074.11839061408,181559.56354946992,185809.9593258663,191354.62112763958,180075.99545600818
2010-11-05,177839.42898832244,181437.10179221153,185673.51593432247,191443.32097027628,179609.36688125058
2010-11-08,178059.61943310068,181705.85659551303,185897.82007236755,191737.77702203125,179938.2812027774
2010-11-09,176025.64435875922,179381.07843245126,183650.24918005095,188984.20372921435,177442.43833016817
2010-11-10,176675.77495777432,180404.751921322,184393.15694077383,190320.74802169146,178365.154315738
2010-11-11,176241.27649118163,180080.95531028835,183807.6947890207,189829.16175970456,178071.49405707544
2010-11-12,174291.39703739563,177836.9585348973,181626.58653836855,187125.94335700868,175998.8243935133
2010-11-15,172442.4729746344,175971.66925222517,179798.51874604978,185323.94817205923,173940.18993337784
2010-11-16,172002.11421995048,175045.07087816924,179117.59446725654,183797.603398348,173633.34517834688
2010-11-17,171992.66905068484,175032.1431581761,179095.73281982195,183764.19853082695,173510.67947439261
2010-11-18,172684.49220426413,175935.02198830535,179935.22696368117,184981.3583274698,174383.91694905199
2010-11-19,173130.8766269914,176336.8528098035,180387.29120369462,185360.5774155274,174860.54874817707
2010-11-22,174092.76510139843,177318.08373133856,181494.85313970342,186553.90808771786,175806.72640766142
2010-11-23,173889.1321703853,177006.07067106623,181204.3856874178,186059.97898711194,175634.53434276165
2010-11-24,173579.81675021403,177083.26334421005,181060.3912639397,186586.06531754212,175337.5794071563
2010-11-26,173607.69513804713,177043.81879873114,180948.66544352684,186298.5297807423,175586.36767910002
2010-11-29,173805.46713376592,177254.1599041513,181157.01127929974,186527.063090315,175945.34971356342
2010-11-30,173691.75282530222,177192.38887175272,181070.13973492823,186534.4340682225,175997.7708407935
2010-12-01,173350.527452592,176861.46846408755,180950.1087547779,186553.54380494697,175238.12808391114
2010-12-02,173582.8199713708,177301.33026364644,181294.71281972303,187278.64761740513,175673.95256868846
2010-12-03,173848.92408911727,177824.76804580961,181669.9814545938,188111.05281187437,176192.58592569517
2010-12-06,174684.77208532134,178554.3541760775,182594.23180471876,188895.86866414992,176915.47547792172
2010-12-07,173007.56468451265,176822.70885866004,180859.77653969702,187083.66008204524,175199.72423733355
2010-12-08,171659.3616602545,175367.23430972305,179566.25021506168,185681.34513530118,173757.60890466973
2010-12-09,171732.03239091448,175328.44210976342,179739.5973966667,185730.9335115856,173719.1727627321
2010-12-10,171271.78127551914,174969.03059570314,179388.1327868769,185607.27839417968,173363.06014259675
2010-12-13,171826.0225141764,175508.09688665144,179803.16747877272,185910.96547141034,173897.1785605839
2010-12-14,170687.9517518256,174316.1231114028,178786.02194511608,184899.59930127842,172716.1454338455
2010-12-15,170009.134427318,173750.755474316,177655.83859414476,183723.1823005093,172155.96707921178
2010-12-16,170687.56580751337,174394.4502563137,178339.14087793438,184338.7244482243,172793.75364535442
2010-12-17,171849.79050047387,175450.28246032275,179556.695836208,185391.50235477218,173839.8947896525
2010-12-20,172122.49118085887,175855.9142626625,179941.28551009516,186038.70196541047,174241.80346060617
2010-12-21,172671.6934633411,176477.82346808809,180605.47411059582,186866.28024646413,174858.00441123362
2010-12-22,172591.273076431,176416.5201825038,180537.96683534796,186837.71027445924,174797.26380388442
2010-12-23,172157.3958042942,175802.61746994941,180156.22835765276,186209.80461091016,174188.99585774602
2010-12-27,172714.84664615954,176446.10384531203,180804.40120962125,187029.34637554313,174826.5759301344
2010-12-28,171966.58248855465,175890.00419575072,180207.3225306605,186834.00092965935,174275.58049589128
2010-12-29,173092.09158202072,176983.88665202426,181389.57532320687,187970.42396005458,175359.42264447172
2010-12-30,172914.93826737025,176717.34849451308,181198.64422627454,187634.74479284036,175095.33093364962
2010-12-31,173585.82079253424,177482.39703252865,181719.07743990223,188207.84449664335,175853.35739842706
2011-01-03,173913.46449753645,177702.93679399713,182486.72613200615,189034.81230863396,176071.87291400786
2011-01-04,172615.97247424492,175324.79865245445,181125.2727666963,186505.02351987764,173715.56274725433
2011-01-05,172454.0313583131,175920.17904468504,180955.3485796419,187138.3705130566,174305.4783820074
2011-01-06,172284.53618966963,175454.12208733632,180777.4979542731,186642.59373498525,173843.69917427195
2011-01-07,172548.1597053901,175301.31536220107,181054.1170904293,186480.04273202165,173692.2950006898
2011-01-10,172954.34072040833,175786.3704615951,181480.3212596223,186996.02913791654,174172.89797415558
2011-01-11,173119.73865909124,176122.93905642122,181653.872677429,187354.06025602735,174506.3773410372
2011-01-12,173622.2679535116,177056.87041831212,182181.1747238183,188347.54715550868,175431.73652208378
2011-01-13,173674.28839111573,176628.72914504286,182235.7595679404,187892.1038933196,175007.524985593
2011-01-14,173484.7957759628,176873.71537366015,182036.9256992382,188152.71256181085,175250.2625840199
2011-01-18,173997.48615585564,177816.3913039996,182574.88973334176,189155.5016590229,176184.28607063356
2011-01-19,173181.14020816874,176505.60200470232,181718.3010855627,187761.12510206102,174885.52797981788
2011-01-20,171951.1554242695,174919.6036494438,180427.6828056357,186073.9897805123,173314.0868664241
2011-01-21,171721.7866389916,174353.22548535123,180187.0070257404,185471.49444826538,172752.9072600061
2011-01-24,172277.80459497552,175245.67746926812,180770.43451797782,186420.85688603856,173637.1677856283
2011-01-25,172943.0916265807,175790.26107546425,181468.51762894608,187000.16785096077,174176.7528776427
2011-01-26,173091.6665883927,176709.21259509912,181624.41676214195,187977.71966394116,175087.2697103884
2011-01-27,173061.06964428606,176458.3821166341,181592.31150694628,187710.89406570763,174838.74150413572
2011-01-28,172283.26448086565,174974.13724796622,180776.1635551402,186132.00091272645,173368.11992294982
2011-01-31,172555.6413494524,175764.86417405197,181061.9675506278,186973.151423555,174151.58908418746
2011-02-01,173464.59788209194,177586.4512987281,182015.7321272632,188910.89869115452,175956.45659231185
2011-02-02,173222.56614838325,177338.66842420623,181761.769164521,188647.31503843842,175710.94801726978
2011-02-03,174178.47658998807,178317.29314162198,182764.80229635962,189688.34532817264,176680.59033148253
2011-02-04,173937.60625396133,178070.69926183103,182512.05798371637,189426.02649077057,176436.25983786635
2011-02-07,174807.84119804992,178961.6126666624,183425.19214714193,190373.7522363545,177318.9959064025
2011-02-08,176065.2070583985,180248.85596500535,184744.54128476096,191743.081295783,178594.42411554902
2011-02-09,175960.10966571004,180141.26125555934,184634.2629968082,191628.62541749267,178487.81697472412
2011-02-10,176213.5534336868,180400.7273362945,184900.20056300104,191904.63729865302,178744.90152052237
2011-02-11,176867.2036261016,181069.9095180131,185586.07318358254,192616.49232144366,179407.94154778123
2011-02-14,177287.9596394563,181500.66350578095,186027.5708421985,193074.714907395,179834.7418177137
2011-02-15,177381.3485953136,181596.27156335398,186125.56351263679,193176.4197612628,179929.47232732858
2011-02-16,178002.69682833357,182232.38422881992,186777.54181207044,193853.09646955432,180559.74637014163
2011-02-17,178405.11956166002,182644.36930246567,187199.80243080985,194291.35327315942,180967.94999827587
2011-02-18,178621.92426236795,182866.32570102584,187427.2947653253,194527.4635305333,181187.86914820553
2011-02-22,176474.3135671291,180667.68363345021,185173.8151631996,192188.61703718675,179009.40753305316
2011-02-23,175902.85063137533,180082.6416361301,184574.1813133836,191566.2677043545,178429.73540123622
2011-02-24,175445.01829248955,179613.93031782532,184093.77960968568,191067.66730032524,177965.3261958578
2011-02-25,177823.78091400067,182049.21692727727,186589.8060346604,193658.2488373605,180378.26028768814
2011-02-28,179487.55104883248,183752.52144952002,188335.5936067662,195470.1707812272,182065.93086187704
2011-03-01,177456.82441711187,181708.30687940042,186232.9226999412,193374.80981917886,180040.47931620953
2011-03-02,176888.55117940772,181334.91519830015,185616.46376244913,193124.66897248398,179670.51484737213
2011-03-03,176896.77712720732,181763.4858508174,185840.78522295566,194410.39962345653,180095.15182201125
2011-03-04,177389.36644529458,182169.66764143953,186050.37650472537,194110.2645655627,180497.60543312578
2011-03-07,176821.84271134462,181517.7983606474,185267.20898155528,192961.26910261638,179851.7193986297
2011-03-08,177075.97788711288,182046.27767235407,185596.05144018593,193895.43395468814,180375.34801100526
2011-03-09,177315.1711279063,181914.64788003705,185844.30849766286,193407.81980608805,180244.92639568096
2011-03-10,176987.56220876542,180998.9817671552,184903.15712875457,190666.77045237715,179337.66481425927
2011-03-11,177241.26676032544,181488.0361644209,185410.8416042461,191887.73822707223,179822.23037764794
2011-03-14,177219.70402600817,181346.00599485583,185262.87196419292,191370.2750909709,179681.50384596092
2011-03-15,176391.83684176824,180051.1569109315,184050.33993690426,188885.2993259737,178398.53966168387
2011-03-16,176338.99930390433,179388.1069515453,183412.17075316407,186450.2223066777,177741.57557155172
2011-03-17,176862.47827034813,180269.5599119003,184032.46552037756,187829.09969296903,178614.9380292314
2011-03-18,177230.88436483126,180785.30789615665,184636.00293173088,188939.9019551913,179125.95216989756
2011-03-21,177546.13751460658,181591.9596031409,185439.75991479467,191186.36264351584,179925.1999448662
2011-03-22,177353.69506699935,181109.50476493454,185347.526279905,190646.4658971892,179447.1733658351
2011-03-23,177335.80315388474,181143.9627959042,185450.6493431972,190980.34891781505,179481.315120379
2011-03-24,177465.65052848254,181670.05402138422,185571.98424506155,191858.4001005202,180002.5775658122
2011-03-25,177336.46525116343,181610.45462935144,185747.93935667057,192503.2865487622,179943.52521265994
2011-03-28,177136.633347715,181259.46309300404,185405.81941606596,191724.18417797142,179595.7552866441
2011-03-29,176959.94568786325,181457.65710585518,185301.62116509964,192441.89383726224,179792.13015625865
2011-03-30,177808.20713828545,182461.80467460488,186292.3713509715,193840.7918635798,180787.06105780453
2011-03-31,177999.88137289614,183081.63056999398,186549.74749837935,194999.5262578719,181401.19782026153
2011-04-01,178364.58957111742,183194.18377650887,186888.6946210638,194791.06423733552,181512.71794610235
2011-04-04,178797.37271868283,183649.67497038253,187175.57153747324,194948.8078574575,181964.0283692618
2011-04-05,179137.54617346122,184125.79348012342,187831.77863042612,196171.52622445868,182435.77677844136
2011-04-06,178770.5225130694,183859.14637265643,187717.77772568728,196533.34812816104,182171.57711767132
2011-04-07,178583.36147559,183707.23623138032,187295.66626412896,195949.614229129,182021.06129856515
2011-04-08,178664.21995768519,183884.9901230399,187246.7512433886,195952.19230385046,182197.1836586505
2011-04-11,178385.62141467465,183443.02759486143,186888.36261940317,195208.9879953236,181759.27772699783
2011-04-12,178510.61388548528,183307.2534323977,186670.06392608446,194123.89932896112,181624.7497810358
2011-04-13,178920.2395884089,183778.76178575098,187106.5893855233,194684.53134964657,182091.93034860145
2011-04-14,179305.08495573667,184609.84591814244,187784.54043009534,196504.28553005762,182915.38629355814
2011-04-15,180460.35888224992,185910.7696631488,188925.10607387038,197847.21601357393,184204.3693820431
2011-04-18,180427.9486340375,185729.3858213083,188854.5653192571,197448.8753949982,184024.65038963154
2011-04-19,181011.5255809261,186436.9531170611,189441.1120083843,198246.42595035565,184725.72320938078
2011-04-20,181607.03797923075,187320.40233558416,190611.31418445436,200533.4375944054,185601.0636023766
2011-04-21,181886.22930674115,187667.9423231576,191178.57358836383,201517.34007847696,185945.41365999836
2011-04-25,182295.16652176675,188209.21821274684,191569.47100540999,202125.7072535129,186481.721395608
2011-04-26,182948.97110552675,188781.3018563701,192268.67579941647,202672.91396405088,187048.55411325177
2011-04-27,183547.74259161256,189837.94404363632,193369.42708827168,205161.89401306838,188095.497806296
2011-04-28,184250.5771617394,190627.44052173043,194180.08194262302,206215.67568671072,188877.74781332986
2011-04-29,184840.96904525033,191364.92273284646,194896.69299824446,207321.6515654515,189608.46097145
2011-05-02,184668.08228952726,190870.47128479232,194500.4997461254,206070.4098434405,189101.29366492428
2011-05-03,184542.103315861,190723.24133485902,194218.16906880224,205648.00660507902,189108.95810309643
2011-05-04,184382.28625336083,190385.10896551845,193935.5745804849,204990.16171045272,188922.46426752242
2011-05-05,184085.44302746202,189702.32576416677,193594.9441309289,203990.89229285344,188557.35263208707
2011-05-06,184252.56416049297,189941.9200427128,193806.02092894897,204346.716552495,188660.7645431643
2011-05-09,184848.48845514684,190722.88909840703,194507.8702112453,205409.08634109408,189313.48921447448
2011-05-10,184786.88464900613,190937.19755810875,194596.4270518034,206058.63907688623,189328.24441656354
2011-05-11,184410.93230565876,190275.0305591679,194273.27791779462,205309.76291644113,188891.4105056422
2011-05-12,184277.99843435633,190259.13962071284,194162.71965031498,205412.25378488677,188726.7658196452
2011-05-13,184096.7403860326,189776.24194070374,193919.8113821388,204632.71086361702,188523.14150206005
2011-05-16,184074.27305114898,189529.35840545307,193870.70089055813,204194.88765535786,188441.49289718876
2011-05-17,184250.87151264254,189682.17843286804,194066.012406813,204358.5580601583,188818.04586501297
2011-05-18,184275.83630128886,189904.8752049241,194136.1645876854,204785.56340023509,188695.9194228363
2011-05-19,184402.9466529005,189959.81094750922,194484.72113793777,205163.29815941193,188733.60159620206
2011-05-20,184345.54582444346,189931.04939233846,194427.50974485397,205155.34347450637,188721.15310295697
2011-05-23,184014.3158283977,189503.17426730526,193955.796132185,204436.705534556,188464.64076325373
2011-05-24,184397.0156649479,189957.8551406958,194164.83111900356,204634.34734330725,188949.14733714808
2011-05-25,184445.32509734968,190174.32591428794,194215.12738971188,204962.3543664914,189025.65736514548
2011-05-26,185257.65926092054,191017.3947865539,195197.69961667238,206088.92192182256,189962.32248075676
2011-05-27,185734.80453598837,191621.27986171583,195762.53145501475,206909.7134910555,190477.1182676319
2011-05-31,186172.7397182174,192256.56709072777,196548.22842210773,208249.4092354603,191083.73401035642
2011-06-01,186289.59275369928,192050.29076270977,196242.04998022105,207110.54769611277,191230.4856561646
2011-06-02,185262.6939122006,191296.36997497437,195035.51908830952,206260.9101406731,190107.75197296057
2011-06-03,185501.18570485388,191466.92845125363,195269.88172933733,206368.03672543933,190395.84904840353
2011-06-06,185099.70770250584,191013.9842039541,194675.8797874682,205547.38334164582,189817.8063583895
2011-06-07,185545.1815448482,191385.57034886404,195206.8882916737,206005.49271973368,190251.9480487503
2011-06-08,185455.4602617002,191197.4354630483,195086.7732466671,205697.90887841815,190280.0959779322
2011-06-09,185042.44421373846,190812.32750208428,194583.55151966712,205185.0566188762,189847.52440692304
2011-06-10,184383.47611477575,189928.53941975257,193681.85801879046,203733.96745728693,189268.746043755
2011-06-13,184276.88482156082,189677.2302988437,193538.18812317043,203320.78520178812,188927.7384199823
2011-06-14,184158.37795110815,189753.94287031825,193548.38203167001,203765.86593579038,188627.22120464116
2011-06-15,184663.11872783522,190037.23909919418,193920.70937078603,203640.96517591196,189313.54735867292
2011-06-16,184661.61454649962,190196.09425179067,193965.58380897305,203992.58518047415,189562.00084404816
2011-06-17,184801.40778605195,190373.8219930552,194197.00225028204,204355.50659180834,189601.13817307143
2011-06-20,184878.87422076953,190474.04336218833,194482.4831878673,204841.64050507575,189718.3244798596
2011-06-21,185428.09627641476,191316.5522730605,195094.22691549562,205978.79044542936,190341.38452037505
2011-06-22,185254.39759358318,190940.9566118309,194998.20121995927,205609.62384905556,190030.99186337696
2011-06-23,185566.47848463478,191183.26083327254,194962.29606115713,205166.81376676718,190428.2656835475
2011-06-24,185478.9216468798,191006.3879080255,194586.2432604161,204414.34375390393,190171.6377927401
2011-06-27,185321.4340345241,191048.3148856859,194470.9995141391,204673.55240985609,189872.53305212056
2011-06-28,184774.25097142928,190825.46441957902,193962.0874122009,204760.8815839712,189482.90652548755
2011-06-29,184724.94112098013,190945.68878724505,193869.53577629273,204921.46352450486,189425.09368316745
2011-06-30,184699.7124702548,190783.390206093,193980.7156873272,204911.72435890697,189246.00338594458
2011-07-01,185005.27142821407,191241.91318676106,194343.9403896047,205560.78964112487,189602.40468062184
2011-07-05,186010.7155925526,192413.97106060275,195746.720819191,207506.69031798266,190676.6150394005
2011-07-06,186654.52084731718,193177.3947573266,196468.84393418505,208475.95327228846,191459.21618409286
2011-07-07,186891.11267917065,193493.2384215422,196849.3007677411,209092.60765345595,191667.19848280874
2011-07-08,187936.5927957232,194515.70704705303,198036.61252766426,210302.22443968357,192882.4031567311
2011-07-11,188402.28618217006,194936.46539627225,198274.33456592387,210279.7055384624,193594.62438971663
2011-07-12,188822.51442027805,195473.66737247832,198569.69518871047,210680.9721383767,194143.20957861858
2011-07-13,189230.64173846843,195870.92810441114,199022.27006245704,211131.14579940416,194555.06093339386
2011-07-14,188162.88849826436,194803.98803603373,197926.10930501405,210054.36997622228,193290.6518514847
2011-07-15,189004.78648411442,195835.53148683032,198920.26648972454,211466.86206934517,194230.57914757653
2011-07-18,188860.67744309708,195910.25171138035,198633.33901044575,211475.76723617365,194071.95642590683
2011-07-19,189771.83526426041,196852.2821845336,199577.21043316554,212465.60025970443,195374.8543478719
2011-07-20,189389.7720294367,196479.17459964278,199476.4534540936,212596.6857895253,194773.20768876994
2011-07-21,189033.36741696196,196083.80729289816,199115.2717921919,212174.95090144878,194249.1770498793
2011-07-22,189937.59733405357,197074.7452388011,200187.8284203376,213491.71201172585,195288.69645373113
2011-07-25,189658.92652393464,197024.61487312103,199685.54719845616,213249.97899712998,194990.4763283171
2011-07-26,190175.70914270007,197438.4961887378,200423.82481915565,213944.40805675686,195510.28605461368
2011-07-27,189275.01619462235,196374.028600961,198930.88002463363,211761.46197257953,194584.28292830073
2011-07-28,189733.4180599323,196868.59480545935,199276.22621398876,212073.949801347,195103.21829311113
2011-07-29,191352.81992811296,198516.65829526054,200725.76413149617,213394.6933376104,197001.98939183177
2011-08-01,191443.78994300214,198429.31763866398,200637.37528376008,212858.7965667235,197162.61153475064
2011-08-02,192220.55884555922,198920.14958238852,201267.11899865323,212883.4812758679,198299.21164563252
2011-08-03,191932.66277671044,198538.5617377912,201309.21746167974,212997.04110516724,198010.9047303313
2011-08-04,191639.57975006785,197596.05284089342,200247.8627828471,210334.0487438028,198024.756604392
2011-08-05,189698.64351592903,195757.30273574346,198312.13496933854,208629.06775512625,195719.6278961928
2011-08-08,188920.6327316691,195342.6883179083,196334.11239586948,206491.40696449394,196092.61270032063
2011-08-09,192295.67365692512,199470.57284685536,200520.7829242288,212368.63226577736,199812.3826639849
2011-08-10,194013.4707412963,201249.3243499933,201618.06198500426,213100.9154449602,202091.49432728268
2011-08-11,192309.86857283453,200349.7175832599,200730.64084815542,214147.42266514216,200078.1910872976
2011-08-12,193466.6741927884,201157.32688756974,201960.6007189954,214804.84966630398,201261.65088130828
2011-08-15,194210.80372414755,202077.20668506873,203392.10621417506,216975.22758528806,201828.40289742337
2011-08-16,194793.16935305536,202635.70538334217,204057.59063673185,217639.23692729144,202718.7071336614
2011-08-17,195474.50232854398,203400.67608816858,204647.0147371235,218286.28853642047,203816.55163495283
2011-08-18,194320.2658353583,201659.94011303838,203567.32623682442,216302.62448460088,202780.62926320377
2011-08-19,194186.7815321668,201561.85796128408,203127.17661594396,215718.86756693473,202889.2097340206
2011-08-22,194595.9134670357,202416.5090743753,203729.77723482178,217190.01382557757,203585.71774971735
2011-08-23,193673.31362762727,201952.87050874127,202872.275721607,217180.0606955327,202839.653969872
2011-08-24,191444.02822679366,199651.02330781805,200775.36099936694,215121.07103743928,200115.02406396868
2011-08-25,191906.88739400412,199905.90951385046,200865.60864351885,214586.96115629538,200598.64521046454
2011-08-26,193457.6812457846,202081.3525899599,202861.9919833985,217895.86546229338,202757.28268955776
2011-08-29,193571.07597698853,202002.72230525673,203460.69287663008,218502.2679816898,202352.96150622374
2011-08-30,195244.80932964588,203997.8282184895,205425.3934210009,221162.5489632919,204501.37017600265
2011-08-31,195056.3373273589,203501.2395328766,205493.0722859626,220889.64575304478,203685.51386200768
2011-09-01,195478.1864888245,204047.5386528564,205419.50694405596,220670.28941633517,204682.74773641312
2011-09-02,197714.1934206207,206855.31040050474,207808.72553557233,224109.60329646152,208037.0686463911
2011-09-06,197780.1777232952,206421.79751201373,208363.33222849917,224191.17125908175,207965.82227663448
2011-09-07,196631.2795383506,204519.0468626123,206908.96799050574,221180.51928261746,205760.8038188163
2011-09-08,197857.74901004086,206435.03410676046,208220.360008574,223736.5709218139,207676.84842190368
2011-09-09,198113.7838630907,206723.59819440986,208496.83518881167,224077.28254334643,208237.23059753832
2011-09-12,196814.17451250856,205323.49207984915,206885.7525178779,222078.31829906817,207055.61698207844
2011-09-13,196670.72870817283,205123.94814347225,207011.60308498924,222339.379256147,206469.12547735678
2011-09-14,196423.5387039115,204792.6600076751,206747.90445845833,221922.538187744,206427.7268440462
2011-09-15,195277.7697356774,203384.00237422503,205245.3980466491,219698.40891294213,204764.24433206036
2011-09-16,195642.05512354668,203930.29024248928,205744.63484119464,220619.11369395614,205445.91522911147
2011-09-19,196185.1697453649,204250.82292511774,206335.72989636622,220831.72667836476,206273.14667135978
2011-09-20,196880.20698560582,205253.00009336308,207006.08604968592,221997.2583156709,207264.69346747606
2011-09-21,197042.18558046644,205288.58828349703,207106.7440519508,221814.2901683001,208257.7820197591
2011-09-22,196907.6008635045,204911.4693991222,207092.18650703883,221476.25145572744,209027.23626529993
2011-09-23,194359.74807666242,201649.29588905495,203858.71464446178,216505.06856565585,205620.93385051953
2011-09-26,193410.94605422212,200396.93281673116,202855.15926022665,214959.94765543359,204059.86809962825
2011-09-27,193423.0304819863,200696.56641328454,202733.83687756766,215234.9105986124,203883.83894387307
2011-09-28,192489.40228623425,199655.39856594123,201422.69346559516,213460.00993945927,202964.74438339708
2011-09-29,192497.4449689583,199761.6114908569,201670.06614196193,214077.20728802137,203254.70083672027
2011-09-30,193110.07918141526,200236.72030936222,202689.7598048018,215166.65546154123,204386.68920288223
2011-10-03,194711.25560632316,202464.47894639333,204253.35181889575,217740.43662055756,207129.7405896296
2011-10-04,193518.52679925828,201485.9784261784,202469.0263875892,215839.54413730212,205910.34441008428
2011-10-05,193707.95721817744,201368.58929287005,202796.83415422417,215730.70544939302,205607.36637938005
2011-10-06,193154.12632458747,200909.6454711305,202001.78821851136,214905.46205630133,204691.9101288947
2011-10-07,192469.64054053123,199935.3592300573,201273.655615021,213641.37129050586,203629.48549917515
2011-10-10,192068.1071892355,199125.34968643353,201222.92432620176,213201.69358081013,202528.9847396814
2011-10-11,192430.6253292134,199421.55187854232,201565.75508433772,213386.56045140795,202698.7909879762
2011-10-12,192233.26181704007,198965.8982790395,201603.75079577902,213186.821219418,201901.75127656298
2011-10-13,192450.5397138251,199213.80214269523,201871.44768946976,213547.41889788923,202389.57920082638
2011-10-14,192163.90824934337,198832.2421146637,201570.99826940033,213074.68576848408,201659.02669304772
2011-10-17,192613.65953010882,199597.70953892596,201931.69286606257,213905.44431145827,202799.39957598416
2011-10-18,192946.23760550615,199768.333127597,202041.5054162434,213490.6954751688,202780.27450757974
2011-10-19,192902.30449523524,199444.9226086161,202099.23806167213,213137.58354803207,202486.614706601
2011-10-20,192702.8278748335,198917.64630919148,201796.71346594024,212150.4827306707,201829.54191606565
2011-10-21,192945.42593783047,198968.83358679892,202228.92821270553,212400.3175904276,201587.57241922934
2011-10-24,193569.84779438618,199426.19367976088,202903.93100144746,212787.87192622438,202034.19179728837
2011-10-25,195369.52935347572,201710.30081736614,204815.57468572684,215597.14587690058,204727.07896333563
2011-10-26,195042.03902794654,201275.03810458293,204408.60458353255,214935.28586288146,203864.20776335546
2011-10-27,194244.75347969067,200063.2902399724,203699.39509512528,213593.1968313996,201873.4583944952
2011-10-28,195037.9948440247,200902.41215225874,204578.56385400874,214597.1202474595,202891.6054122339
2011-10-31,196212.5612711967,202484.45548579795,205583.60541121176,216128.6718580051,205355.5088945783
2011-11-01,197889.3854099945,204574.9109670608,207051.59024026422,218081.61549659073,208110.14167755572
2011-11-02,198348.9341459707,204886.34385919507,207694.76672657556,218627.4426373704,208137.73191003574
2011-11-03,198329.48544257192,204790.32587725672,208239.31091797393,219704.60153388488,207766.05909771938
2011-11-04,198753.0025626576,205244.97097650656,208415.45104099027,219613.71940329316,208206.32261813286
2011-11-07,199230.41543291043,206523.20992353218,208699.7356921008,221200.46178655658,209505.6019972637
2011-11-08,198264.7505527229,205685.72223357751,207833.81613635216,220772.41911455715,208474.16073457134
2011-11-09,197789.0258470509,205219.58347665562,207151.85907354075,219888.27975794644,208477.9522942628
2011-11-10,197253.59968564264,204945.55731080112,206208.36664004493,218993.08019451133,207918.77198307827
2011-11-11,197271.38353844077,205191.50681253945,206484.43124774136,220030.85360082134,208017.54719143792
2011-11-14,197436.67897310003,205477.39636857001,206614.21723706016,220342.2021156448,208610.79025535748
2011-11-15,197268.32601485038,205316.68603422228,206682.16289112746,220728.6430838505,208435.60896016852
2011-11-16,196633.19082095235,204650.69263439748,205984.55177876662,219936.2175435811,208015.34592258467
2011-11-17,195432.5493734868,203619.43063053896,204236.2056016162,217924.22292254772,207236.9264852906
2011-11-18,195355.7633282048,203295.28212979206,204103.390766289,217242.92710738306,206934.59501509013
2011-11-21,194450.93419666836,202289.10687528216,202929.6365821307,215600.7292696222,206134.35117306077
2011-11-22,194750.67501623667,203102.76568498576,203117.56610829427,216633.43172859895,207109.60863848779
2011-11-23,194385.5910025709,203116.70060758246,202248.54409030123,215905.64101330086,207324.00630940968
2011-11-25,193449.00420321824,202034.7498415889,201141.32907118765,214367.3569289632,206030.3680305305
2011-11-28,194421.26347448357,203603.98553881038,202293.11864355678,216834.64707909702,207461.57049756145
2011-11-29,194102.65728111437,203346.6390813491,201850.98944741968,216379.36954289794,207056.48494371295
2011-11-30,194834.1245099445,204019.26999794767,203144.50282239466,218210.09056706092,207352.333299213
2011-12-01,195023.7724043645,204055.99018238805,203448.1132498933,218346.78371174386,207281.55176006927
2011-12-02,196022.01603522414,204719.56910480894,204533.7695010803,218843.10673842268,208199.01234076347
2011-12-05,196384.5276375264,204466.52919831045,205070.38193873997,218396.94038732414,207923.8191602168
2011-12-06,195827.81180478894,204169.57667990105,204461.05566129903,218248.72827833408,207438.31416117714
2011-12-07,196486.71967731847,204529.97525932593,205546.91026752896,219206.3784909897,207845.583699149
2011-12-08,195891.25466552132,203949.46024223368,204651.5022738926,218044.30182826152,207603.19188331283
2011-12-09,195313.05651940493,203447.17602301502,204233.2156650251,217977.0308813286,206682.08330922955
2011-12-12,195084.04504177353,203067.0736339557,203537.36783484818,216497.21277850485,206589.16841952372
2011-12-13,195115.08578450227,202735.92451330237,203367.84257966874,215429.54370406945,206499.05723156792
2011-12-14,194669.29578230088,201827.59913160856,202571.66617171274,213416.88861883656,206100.27689871108
2011-12-15,194510.24070011065,201393.12906261056,202535.15552464343,213009.95997181954,205621.64717660352
2011-12-16,195624.2777199862,202560.06085639942,203966.781574952,214816.94915833612,206944.67950071694
2011-12-19,196054.83983473183,202856.39238441954,204273.65218421482,214717.3723426716,207500.42786481604
2011-12-20,196308.37100563722,203342.31487393982,204592.37412006056,215522.94506066194,207378.6474771161
2011-12-21,195500.43215450857,202518.76312922832,203734.58278500932,214628.0593200269,206315.73901565888
2011-12-22,195869.06581360087,202527.30975329535,204305.97279926698,214726.89381460377,206417.9807055976
2011-12-23,195567.82227909894,202388.73434652697,203965.02857892035,214662.9110349841,206041.7790453256
2011-12-27,195592.97378163665,202005.24165225006,204215.3334721981,214392.66028020892,205800.67873794815
2011-12-28,195511.74924379165,201668.19469503654,203896.60110679318,213349.2653807333,205909.79812693092
2011-12-29,195490.41620524766,201693.02528962572,203932.68989556254,213532.97077414402,205973.33298119323
2011-12-30,196070.58871653286,202150.37075342285,204796.5704372668,214437.24229251052,206461.95866888942
2012-01-03,196425.43232026356,202832.36300190532,205345.76483758303,215765.49816601234,206744.4525724953
2012-01-04,196231.5375182129,202502.2162208818,204920.8279275382,214884.19082514744,206174.10602131498
2012-01-05,196373.59924608222,203015.72092564806,204935.8179167976,215562.89957478642,206598.83818499604
2012-01-06,197007.3777746255,203622.91326706673,205584.9864184154,216136.9274848019,207328.42143600475
2012-01-09,196924.78417298663,203616.45262224184,205332.54820488408,215912.23546090332,207282.1514979079
2012-01-10,196990.64771440937,203502.41148325568,205792.6336110782,216308.172834694,207140.30541935377
2012-01-11,197557.9040037067,204312.26637461907,206421.98789713814,217462.26317404278,208170.92967425895
2012-01-12,197431.64505289844,203966.6217844158,206393.51368080062,217061.30986086887,207825.02630195196
2012-01-13,198014.6267860395,204521.87731051215,207018.96411884294,217633.0693605471,208556.1808650504
2012-01-17,198517.0844310794,205002.60712521762,207720.4533022183,218421.4007462134,209098.8505407417
2012-01-18,198470.46859225995,205084.9572605219,207733.35010232645,218752.56747118433,208894.60499231523
2012-01-19,198036.07423749726,204493.78228504697,207449.65117716414,218283.75905017526,208042.1670376008
2012-01-20,197645.60435993498,204131.71810536116,207049.4832114361,217955.1485025564,207454.7235212789
2012-01-23,197378.21804887,203865.4727922987,206850.65481351592,217826.8225358016,207069.3214414467
2012-01-24,197695.83103358245,204047.901487176,207360.23765515367,218190.2080992712,207275.4268714192
2012-01-25,198981.25728860556,205602.2246129864,208567.83110918538,219832.6109528703,208625.37351448284
2012-01-26,200021.80206854022,206484.87786019084,209733.13090780086,220713.65486343513,209727.11237243598
2012-01-27,200445.90684963102,206971.23431722925,210178.26088140815,221283.90857545278,210239.32917405452
2012-01-30,200702.22283125424,207427.54126971881,210209.55180933507,221541.50310381842,210924.52143293121
2012-01-31,201468.80997425196,208285.87429828302,210897.08509030403,222318.4496117387,211969.6722696585
2012-02-01,201680.24027206405,208285.6680144141,211317.93190812034,222461.16748960584,211700.7655926326
2012-02-02,202050.90670661457,208652.50998922487,211875.83877756694,223121.75837295142,212030.32067168035
2012-02-03,201331.1283298566,207760.40367395963,211566.89733874786,222796.49390103255,210781.2531741569
2012-02-06,201753.8930068799,208162.90924206405,211791.31472441458,222839.45278892206,211348.1136171245
2012-02-07,201347.06847036866,207734.03509130186,211520.21185436798,222631.5348617963,210707.59299659234
2012-02-08,201434.78480369606,207782.6021856076,211675.93417321902,222757.9185383358,210767.52466373914
2012-02-09,200916.3606158549,207290.1584387123,211244.71703056083,222448.9277317593,210167.00610583613
2012-02-10,201054.06051680972,207546.9448326823,211022.51497967436,222201.60604294797,210659.09558336457
2012-02-13,201679.497372404,208168.9426047253,211778.84763313958,223015.4598943274,211256.51458638956
2012-02-14,201659.3390009669,208086.54888203583,211748.44006277865,222866.63626614382,211285.67573897916
2012-02-15,201593.21852996008,208092.08146864283,211477.40331020422,222593.27073863547,211255.3964747755
2012-02-16,201559.42976605156,208166.5777242249,211659.3688973877,223112.8623848101,211165.4089489229
2012-02-17,201198.26340284178,207776.48309848856,211332.68707333878,222769.30439816028,210801.74192344362
2012-02-21,201009.18527523358,207630.34421737166,211101.92895290046,222595.4777818262,210448.4692866688
2012-02-22,201767.73612072095,208241.95689362925,211724.26495623586,222835.8830426924,211258.59413296168
2012-02-23,202243.01269068688,208801.89793627898,212409.59685189562,223794.676873185,211773.33769647166
2012-02-24,202353.46170914033,208899.95721678378,212552.78251681774,223933.0470033792,211992.84958333115
2012-02-27,202741.7086125733,209175.89390312615,212990.5475979542,224186.6029442628,212422.67844828553
2012-02-28,203156.43770538268,209525.00359476183,213600.81653854618,224791.62732347535,212678.3555021869
2012-02-29,201916.42638655298,207746.12129845118,212150.3309303681,222272.46238870954,210920.5164303905
2012-03-01,201911.9886691128,207909.43353377408,212382.729109751,222956.12647580702,210883.70917386655
2012-03-02,202036.51222161777,208059.24985536363,212547.88034410684,223183.49108310032,211222.7224685425
2012-03-05,201504.33638866243,207445.1726737742,212112.02291323445,222693.96968006724,210491.55039471347
2012-03-06,201007.2531536655,206860.87524599285,211245.128321305,221468.8062448911,210220.5585281191
2012-03-07,201380.703925302,207423.80714295234,211615.73789650365,222125.88685786398,210602.4859068858
2012-03-08,201555.48141335192,207658.4174308268,211881.9835841109,222539.5038400413,210600.71736764794
2012-03-09,201861.10755733502,208132.57554713852,212186.8158910432,223101.14435761713,211075.20786887378
2012-03-12,201854.64999523482,208278.50273175957,212096.73606484768,223198.35920955113,211204.32854325196
2012-03-13,201959.31805110257,208643.65544911992,212396.82121445762,224030.6497977025,211156.6211289962
2012-03-14,200221.10445802356,207106.9805226336,210612.346678331,222583.14153245703,209216.29045388644
2012-03-15,200314.352454288,207410.3418072391,210653.25200713755,222919.88371290162,209524.16627166318
2012-03-16,200516.258492285,207581.9676542345,210891.86623549933,223128.6699187927,209722.1992953575
2012-03-19,200398.1590198392,207523.0475945787,210898.34426448823,223312.492675672,209412.6964519538
2012-03-20,200254.2286143087,207365.67512606014,210760.8821554854,223162.00393338318,209355.74666665297
2012-03-21,200787.7568335063,207770.60392138342,211372.60020708718,223605.68262161742,209964.903525109
2012-03-22,200441.55838521823,207406.87423038558,210826.99440568133,222913.33499813106,209704.1168390497
2012-03-23,201037.7508001365,208195.28228281604,211437.51950129107,223820.25526966644,210622.46080553764
2012-03-26,201870.17525936963,209211.65834924075,212762.62352406842,225731.4127773558,211435.1192526173
2012-03-27,202656.41370994734,209722.7348421787,213612.0488810918,226162.77013743017,212054.32850744267
2012-03-28,202153.7457188499,209156.4102621116,213004.02876102386,225399.8680692292,211509.7068656767
2012-03-29,202409.0469899014,209363.3170900299,213245.04385893483,225547.72216267476,211859.8794426816
2012-03-30,202079.12871267286,209084.24382186137,213005.50508736385,225456.38556924823,211239.86779142384
2012-04-02,202976.70367842974,210160.11500797007,213911.5945073048,226625.35256250162,212313.75180537105
2012-04-03,201659.57365847426,209131.64450408283,212628.319395529,226183.70572482754,211274.74194713423
2012-04-04,201055.4786995784,207963.96731900776,211620.0900329114,223377.6669964977,210095.09887332164
2012-04-05,201457.87754866737,208417.83964830745,211968.2293489528,223741.98640147797,210553.62230470916
2012-04-09,201699.60903787546,208083.2874798399,211825.10730317258,221736.65378852122,210215.64177943554
2012-04-10,200947.73370127444,206965.76606995775,209926.44652584277,217617.76342410056,209086.66845713838
2012-04-11,201502.0705498811,207950.21525447996,210639.4747311399,219466.87617587455,210081.2058831372
2012-04-12,202155.42722649797,208931.85399232025,211914.1576707668,222213.02929948294,211072.90406212068
2012-04-13,202177.2487509831,208442.57777871986,211456.85284197287,219964.62479445754,210578.6139415872
2012-04-16,202148.18475217733,208396.8450117763,211478.30986756814,220012.61618165634,210532.41252354046
2012-04-17,203299.48090711358,210066.4688119189,213092.08682927708,223295.20171856938,212219.14596056
2012-04-18,202929.70233505167,209502.34256876804,212628.668959633,222295.28520201653,211649.23877731225
2012-04-19,202419.6413521952,208622.735525694,212104.65573842375,220941.2919438582,210760.6178730917
2012-04-20,202832.78456816226,209300.98467455435,212480.94941653553,221849.7605778404,211445.81744793904
2012-04-23,202335.210071681,208498.3143126861,211544.42852056833,219703.22447641476,210634.92164125966
2012-04-24,202468.35035834744,208906.01193917604,211731.06215452382,220576.69951616545,211046.79718995234
2012-04-25,203751.69119671502,210737.44855857268,213862.10181574395,224912.79216318758,212897.0016392747
2012-04-26,204402.86604414214,211583.9971125455,214477.33322097914,225880.91182262602,213752.22528422065
2012-04-27,204825.49332132644,212089.05741354602,215283.91014646986,227327.90619487382,214262.46124116855
2012-04-30,204393.79491545964,211473.83537347414,214709.07653539872,226179.78260403188,213640.93465171047
2012-05-01,204601.78340565038,212021.14924006388,215007.669937063,227387.5438751868,214176.96662509043
2012-05-02,204965.48654466108,212277.65659876328,215454.5151482179,227681.9880091638,214578.6286431158
2012-05-03,204634.2600631878,211756.65303045497,215072.53153165645,226925.79785609216,214105.8074617176
2012-05-04,204334.996035842,211240.40881164395,214421.81432982726,225626.1445012344,213835.09852632682
2012-05-07,204577.14676860048,211448.31207239247,214795.25269292868,226022.78583472958,214025.67762088828
2012-05-08,204823.91755347108,211601.0634838054,214994.20385357057,226002.2433591748,214292.8382784523
2012-05-09,204565.56387124403,211370.0910332118,214714.5613354498,225768.6770508283,214102.0936104412
2012-05-10,204351.21252777998,211229.14186665422,214406.66132374416,225536.46047857145,213903.67977981022
2012-05-11,204742.29067692562,211546.27440005567,214949.76002072063,226038.3760205619,214389.9576799581
2012-05-14,204803.77474855175,211613.31797525688,214600.1353851167,225393.25572581892,214791.98891025945
2012-05-15,204643.15783691657,211487.3167045866,214248.07069497625,224971.06532981314,214777.77789196937
2012-05-16,204218.88264146913,210841.96991842057,213796.86070898492,224112.86552045433,214267.6647146838
2012-05-17,203153.66185190607,209920.21044259763,211886.9937830107,221894.13937748087,213870.55519432493
2012-05-18,202547.7778617442,209365.45961255927,210761.2241248328,220508.07348044196,213375.7543099834
2012-05-21,203568.42268883582,210730.14010983132,212166.5107082022,222775.0691658212,214556.92899976607
2012-05-22,203210.11716588098,210432.6425632951,211822.12410419004,222567.21827482656,214016.04549948138
2012-05-23,203536.71225334916,210705.48560471067,212304.198296449,223051.52845143992,214431.2047724891
2012-05-24,203324.3847803493,210388.8586962405,212117.04508916504,222701.61689297095,214052.5775425461
2012-05-25,203550.48368238506,210511.7373135757,212363.5866682423,222764.9537308003,214254.70116628683
2012-05-29,203956.93569787408,210974.22338004765,213244.61968693865,224078.55652245737,214596.43223954673
2012-05-30,204144.10308596032,211172.28985257985,212980.4757595828,223494.15381028055,215395.85656029137
2012-05-31,205086.09501991325,211951.54744009636,213945.4722248545,224138.3496429036,216384.43935523584
2012-06-01,205024.69550482917,211373.27308754736,213462.42078556825,222412.3545117356,216447.3011102909
2012-06-04,203990.6899022529,210553.76307459205,212015.28022436218,221075.89728047827,215500.75045416123
2012-06-05,203922.3055998772,210658.11349654951,212001.92610364637,221501.13272238063,215238.9824740209
2012-06-06,203373.40149909613,210113.77344739815,211669.12821761428,221439.7818982516,214221.09283576903
2012-06-07,203515.97085211403,210129.0302455388,211919.02377191713,221513.1134329038,214274.86793907883
2012-06-08,204054.24807564882,210582.7994913724,212701.4439595059,222328.4255341339,214674.2027147662
2012-06-11,203847.76436681693,210288.60467638655,212377.06662251972,221702.67990037406,214531.74894694946
2012-06-12,203361.740395426,209838.8027955526,211844.83129391744,221234.3799160885,213887.62676168396
2012-06-13,203958.66726267632,210389.11949309357,212546.66561672022,221903.0997793646,214639.64974274245
2012-06-14,203858.42616952705,210354.12440747497,212540.80496382635,222145.03493133374,214574.70821320897
2012-06-15,204915.812373443,211547.782575816,213508.7472705054,223248.00366942261,215789.51474870607
2012-06-18,204960.26641291723,211656.14184035687,213639.26557684457,223605.38560669828,216029.54569321184
2012-06-19,204700.5280754291,211356.299732141,213346.06429378194,223206.66916093984,215413.34283024506
2012-06-20,204517.14183499242,211038.68938348774,213205.69724340554,222828.83786385434,215260.82478467003
2012-06-21,204180.42541785337,210382.9724920167,213159.58688896507,222407.63334009133,214815.50773489513
2012-06-22,203553.04399555232,209514.4475128179,212712.28939635147,221659.3111947896,213684.80392518925
2012-06-25,204263.99588480408,210335.09578147362,213324.1395825143,222362.21385816575,214802.09448271908
2012-06-26,204213.83898364418,210161.0329015147,213321.41469140362,222139.66155866007,214541.87955363237
2012-06-27,204505.9145314851,210467.97179476902,213677.0332009376,222574.0653638256,214858.43415268217
2012-06-28,204966.60664340455,211011.5738876455,214375.1784209418,223669.15296587883,215409.86271478748
2012-06-29,204914.10621150184,210957.32735415624,214566.26251629772,224112.60016564603,215015.8836419981
2012-07-02,205804.3037798139,211781.38731453102,215761.96230342117,225422.4459696378,216025.53731049056
2012-07-03,206058.26727838963,212076.44039472408,215972.64025214745,225664.8593052393,216103.7292920679
2012-07-05,206411.94163956368,212367.90596831922,216295.0448476787,225817.8935411599,216492.4324978061
2012-07-06,206692.5962480985,212553.3128041999,216574.28307211158,225891.33532103084,216888.53486259867
2012-07-09,206987.46779592775,212922.55959416903,216831.31436038273,226249.00789952322,217439.6870154129
2012-07-10,206873.97252342766,212779.78317720973,216378.71469076807,225455.07103567536,217360.54515923664
2012-07-11,206797.79469303705,212520.74347994415,216365.67861767198,225136.27695667275,217156.74794636827
2012-07-12,207259.03430099145,212747.00245616108,216874.0561181116,225193.90127866293,217536.24763010605
2012-07-13,207670.92735084548,213315.0292284923,217464.53763705405,226223.62626323965,217986.19847110764
2012-07-16,208013.14708204294,213568.2429209031,217875.4876863109,226498.0171993247,218330.60449531264
2012-07-17,208009.82596992355,213563.42411436135,218012.26654140398,226750.3924807379,218131.27174291876
2012-07-18,208525.23063769884,213824.81229531183,218792.13057209182,227221.52580234112,218381.4084503855
2012-07-19,208633.12844315646,213827.07796089497,218863.08138159188,227045.24052988293,218319.8914627764
2012-07-20,208820.39457920034,214032.4072695683,218817.7055879929,226830.45937947807,218808.75964588305
2012-07-23,208364.5252663897,213657.81315766444,218193.25914909955,226249.40273079107,218608.83790528929
2012-07-24,208431.27564052484,213615.15685485885,218235.60412670052,226050.5484571479,218765.72177617275
2012-07-25,208396.45134921168,213396.1649314439,218296.37501832648,225827.7929128214,218631.02677866758
2012-07-26,208565.34615381915,213501.82829146044,218711.35531662664,226314.40367135988,218499.59572537435
2012-07-27,208206.83460300165,213399.05918053602,218461.6786424086,226682.5268041536,217938.17953721067
2012-07-30,208772.36191102723,213991.03862610925,219044.38465078143,227303.1760599773,218659.07304818078
2012-07-31,209322.75008409316,214333.9608571152,219630.19643469673,227477.1270843393,219019.55457957496
2012-08-01,208981.81339199352,213945.92743856116,219053.55696264267,226623.13247072778,218543.4216951697
2012-08-02,209127.9763302214,214099.26688304805,219295.53143855403,226960.94082361576,218825.44570862027
2012-08-03,208971.3356743394,214103.07377663892,219240.52970229634,227329.50110493388,218419.72629918542
2012-08-06,209214.1555361487,214335.44177815958,219546.91027223968,227661.14593756167,218639.24494353845
2012-08-07,208392.80394596793,213622.70736685142,218501.38868959824,226667.70409981586,217670.5158967294
2012-08-08,207827.07048806865,213054.3528840693,217934.71996473413,226126.91173266945,217024.2084092931
2012-08-09,207608.61688880637,212792.4713473,217792.97803102183,225983.26865570285,216770.28865617403
2012-08-10,208003.7033254226,213104.70128212517,218334.0368923055,226474.30758519933,217177.99701229902
2012-08-13,207766.03207550631,212954.31362084445,218103.43342006355,226438.0283185122,217000.46807066057
2012-08-14,206918.89020953432,212128.71584865992,217247.37629632265,225664.62527021667,215916.04179908987
2012-08-15,205991.99549834264,211199.98828492424,216574.30603895814,225280.33664483638,214728.63236085905
2012-08-16,205797.94010628932,211197.95566560212,216522.13472286347,225758.36089438855,214514.81843135806
2012-08-17,206091.5083225296,211506.50376952096,216838.99880859038,226110.6242781206,214913.08216103175
2012-08-20,206239.01030715954,211454.5593180274,217118.30480586155,226106.5261306785,214917.61291393475
2012-08-21,206416.68313083242,211555.98219259048,217324.53224408833,226176.56168668732,215119.09652520323
2012-08-22,207731.06045317813,212967.14672624352,218525.65383039514,227389.3779400595,216799.1461726889
2012-08-23,208020.1341346434,213326.74961457224,218493.40300336215,227177.36503414006,217227.79999918686
2012-08-24,208191.66895015826,213476.8106396503,218775.133476724,227510.6970496981,217338.71772578973
2012-08-27,208680.3868682763,214086.68860802928,219197.08864395,228084.08692393822,218034.97786803127
2012-08-28,209018.59368262909,214454.00580873256,219455.05589981817,228304.9330397228,218426.10084302456
2012-08-29,208619.5095371972,214061.51215719897,219188.05690509142,228199.03240228258,217962.03157670065
2012-08-30,208513.3671043125,213868.8576830552,219100.96088843013,227962.86704823255,217919.6046793741
2012-08-31,209718.7555987599,214992.37598732294,220484.3206555498,229282.27379330996,219288.62434243763
2012-09-04,209432.53009550512,214809.73839894994,220188.00901832574,229215.36044428317,219097.05242372392
2012-09-05,209437.72003447317,214789.99170270652,220074.62981995035,229003.34754646124,218975.53001063637
2012-09-06,209303.1796955293,214893.17212193014,220283.64394704826,229761.20668777695,218705.0294391596
2012-09-07,210084.61305294634,215800.8045452772,221142.3899289453,230839.9445472987,219434.2932831704
2012-09-10,209676.46050409856,215261.9223712551,220382.48527403965,229705.89339506545,218994.3719438021
2012-09-11,209704.28220674457,215245.5314172812,220493.74902054374,229788.63846911138,218841.78134316788
2012-09-12,209231.4115566221,214743.76483973218,220187.74900243155,229531.60373757023,218109.55107462412
2012-09-13,211021.37266226063,216786.43564758607,222084.1390508629,231838.86782700912,219890.52159481836
2012-09-14,210827.05869997662,216913.6132661191,221563.57448215643,231666.4702309016,219421.3078244168
2012-09-17,210801.51229665388,216658.10176238534,221594.04794444644,231363.05355301642,219452.51404923268
2012-09-18,210938.76114955882,216642.2831259497,221882.59278323533,231483.1496931162,219548.2145654827
2012-09-19,211084.72863274364,216729.71893236839,221996.3658475577,231484.9573566589,219772.32229040697
2012-09-20,210468.6061024876,215962.0898458215,221381.26268624072,230645.59422538299,219126.38945219677
2012-09-21,210768.38030799953,216243.9189378242,221740.64939227884,230999.57778764298,219409.0201894467
2012-09-24,210603.27787819837,215928.0323149059,221557.756337927,230573.6468290315,219292.34971355824
2012-09-25,210293.50787435862,215388.11566502906,221027.13291713965,229576.9195660709,219015.85063027937
2012-09-26,210479.89069370172,215455.8374538026,221119.25596082318,229431.1948316316,219313.65250192033
2012-09-27,211009.78608210664,216191.66087479825,221872.43763781627,230606.69838329306,219831.3010728065
2012-09-28,210847.7963501886,215832.9734308842,221693.9421554167,230113.7526058705,219515.51257926156
2012-10-01,210996.521995531,215861.6896849045,221761.96319569982,229946.9200907771,219623.21058920812
2012-10-02,211412.25101118183,216401.2320359851,222065.0728513097,230369.92543184228,220089.12355563356
2012-10-03,211767.40459464246,216836.11774288173,222477.07506131244,230923.0395747082,220495.1129531338
2012-10-04,211824.50722196168,216970.85338756858,222461.50840067628,230985.91081047335,220349.8220488864
2012-10-05,211243.68933409947,216293.27431693452,221806.95415182653,230160.9017792107,219449.84058080622
2012-10-08,211317.79913971748,216210.10458425296,221758.0121884156,229811.1281036318,219554.38263943084
2012-10-09,210599.82444222318,215164.36873325863,220949.56656121268,228480.17804572263,218557.65357648683
2012-10-10,210730.24440041123,215215.45670342955,221191.66471237811,228656.84793670275,218755.20029862993
2012-10-11,210869.33316800676,215176.2666018845,221435.41305074815,228682.8122441904,218867.3236206526
2012-10-12,210641.23893158446,214789.25604051794,221179.33688423762,228178.9744419601,218565.82951004631
2012-10-15,210930.4562745465,214964.9439434477,221574.26455713317,228450.33472468605,218678.84424860825
2012-10-16,211077.41905452372,215208.0266728736,222039.78817821902,229216.46693075277,218606.29879027003
2012-10-17,210484.99943391,214544.60722170238,221426.21493643057,228498.1953082465,217800.26987884674
2012-10-18,210233.30328571884,214334.82713777074,221091.52748442878,228190.33866967776,217477.71248059568
2012-10-19,209727.31840916516,213528.71136730394,220196.59913721136,226659.61297377737,217028.38131616282
2012-10-22,209434.3500893292,213296.846071478,219904.39125899677,226465.63028312067,216679.7739091891
2012-10-23,209109.40590935966,212741.3971015391,219333.03903342466,225432.55193057065,216473.75393513782
2012-10-24,208640.070068897,212294.39873434862,218798.18936734425,224908.5477161378,215854.6171398631
2012-10-25,208267.5510497503,211988.8749748486,218480.46881292862,224726.12472851024,215466.6129965773
2012-10-26,208855.32345668643,212444.02518015532,218965.26642137885,224948.71272618618,216194.31884876938
2012-10-31,209692.59555038836,213358.02274621744,219735.19359631278,225782.4651885141,217157.60693137115
2012-11-01,209646.0187742769,213602.5589859921,219746.54500423695,226260.5023723511,217193.1519084162
2012-11-02,209097.580711382,212990.38967290748,219027.88269936436,225350.79041294442,216570.6922185996
2012-11-05,209328.4359181233,213275.25592143,219255.13233422826,225655.11202384596,216860.34698061488
2012-11-06,209231.61882465106,213530.58921951032,219305.2140795006,226359.0203790866,217119.9723524292
2012-11-07,209531.9009934233,213786.75628059907,219317.2101891271,226112.4439054242,217380.44550255017
2012-11-08,209589.60520353416,213948.13985835336,219018.66295070286,225755.91118239812,217544.54188831028
2012-11-09,209254.26565121202,213675.9890446816,218812.19595844613,225739.32379392092,217267.8163036711
2012-11-12,209327.11788692803,213765.29130709302,218724.3753905199,225575.59518788167,217358.61970948122
2012-11-13,209170.86187789394,213511.54117795062,218588.46467579104,225302.13412778123,217100.6041191848
2012-11-14,208641.2952574298,212598.31464633567,217926.11838669304,223963.88602941073,216172.02653214918
2012-11-15,208186.6298006259,212118.0131662706,217350.24046916523,223285.7215737615,215683.65133282184
2012-11-16,208448.31080544397,212459.53776541387,217665.5908998346,223753.0175706683,216030.91685480025
2012-11-19,209350.54543435943,213476.5912918938,219040.0888401492,225574.61143384044,217065.06673635775
2012-11-20,208969.01478360474,213192.4021932511,218713.33664237146,225447.40691243354,216776.10050690226
2012-11-21,208843.79625044717,212956.0110073616,218706.48502638997,225340.8552513617,216535.73565832348
2012-11-23,209464.42969998324,213796.4104694143,219616.3432162275,226761.7761284788,217390.261975292
2012-11-26,209865.5584187076,214228.09717027275,219975.32837791543,227131.55959674504,217829.20519601693
2012-11-27,209727.95053063473,213987.34911662803,219784.88634620357,226747.75548674827,217584.4102420841
2012-11-28,209747.81877790144,214028.68751289343,219645.3251994412,226542.65876340153,217626.44352399954
2012-11-29,210221.89217857123,214636.4408173683,220174.43030089763,227305.0155230473,218244.4129734681
2012-11-30,210171.35085757714,214571.8566157647,219995.33006379125,227024.91133085685,218178.7431314196
2012-12-03,210417.01436024395,214828.74132477702,220125.7497899893,227092.75269738564,218436.64491043985
2012-12-04,210361.37694541193,214650.1219232841,220018.12582436285,226721.73213004752,218425.74483888564
2012-12-05,210435.5082293972,214548.83004469055,219975.23799154925,226258.9987042738,218322.49893966824
2012-12-06,210716.2121551466,214991.15603891545,220210.24617875522,226730.10967415018,218775.00998722392
2012-12-07,210335.6694973241,214661.99521736655,219763.21182400564,226333.58978887813,218240.64711728357
2012-12-10,210636.8107543423,215024.5548475309,220095.68682064855,226789.713853248,218679.75792697511
2012-12-11,210305.73665459245,214907.62251382423,219862.64097718676,227040.04639474963,218378.27972118085
2012-12-12,209697.4695978965,214301.726987373,219243.30255339952,226442.61872045277,217535.51086147374
2012-12-13,209042.95982041338,213471.06575467408,218530.08775732986,225391.95145516458,216810.96246738965
2012-12-14,209084.13753862053,213456.46096037587,218501.09037060945,225199.62525785647,216990.20822276486
2012-12-17,208641.46983101638,213118.83691205006,218175.01716731407,225183.50956082885,216303.39541997327
2012-12-18,208066.30612437963,212503.14740429778,217583.10639018603,224530.25454640252,215491.8510312844
2012-12-19,208329.34404732622,212499.44550772427,217894.6889820467,224395.50076875658,215573.14040945427
2012-12-20,208210.5458193902,212216.9769597076,217682.3092345571,223813.71502684243,215324.70031016791
2012-12-21,208530.7009540112,212522.91832844602,217912.99196682972,223926.5169196981,215876.4283304207
2012-12-24,208377.42901227533,212359.00243568796,217786.99900260387,223812.18020173136,215683.65526889876
2012-12-26,208531.91826493177,212446.01261427972,217901.8007162012,223765.01401301415,215853.35290489334
2012-12-27,208938.27465849268,212728.33365604279,218392.85841485538,224090.5843309264,216191.93837362673
2012-12-28,208954.45459472196,212522.8976173403,218443.3980383936,223774.98829187825,216153.8574511956
2012-12-31,208510.3801573452,212395.06328915159,218305.9732154916,224486.98986549757,215597.55541312243
2013-01-02,209005.66276049629,212905.96070317816,219069.6700166918,225491.11198540265,215688.3572461307
2013-01-03,207744.3547180327,211548.15070689717,217831.07266701918,224160.19710765828,214312.80248672914
2013-01-04,207626.49764781923,211419.5817194858,217691.8330404919,223979.66567033945,214182.55327437283
2013-01-07,207883.50906092624,211629.86009900772,217738.33504153157,223648.373837065,214395.57971146112
2013-01-08,208144.6863680398,211937.9827395864,217996.43691558897,223985.35150950222,214707.72910341455
2013-01-09,208358.4038358119,212321.88605383603,218138.79420546253,224389.74268051988,215096.6495212289
2013-01-10,208684.99784510394,212786.11340276955,218735.9036621432,225592.9250218283,215566.94370157734
2013-01-11,208749.20919389525,212665.60388246307,218741.1828206431,225123.82229143864,215444.85928279653
2013-01-14,208695.63185746086,212823.06773132208,218624.34344238942,225385.3326601036,215604.38097384683
2013-01-15,208876.07655102533,213215.23329379564,218834.58225515726,226074.44868269164,216001.6716164341
2013-01-16,208906.52230004495,213264.2732069283,218907.12754479106,226237.18017477446,216051.35241573228
2013-01-17,208916.21473160465,213494.1651130536,219101.15760205084,227133.28836843063,216284.24870202027
2013-01-18,209135.3804967549,213724.79101706165,219268.69104752713,227245.64851872824,216517.88857856303
2013-01-22,209366.72668234273,214097.8549240842,219643.03879049866,228088.05370546263,216895.82793257528
2013-01-23,209490.1093837952,214143.1062241446,219816.54878113038,228147.12563176834,216941.6706066885
2013-01-24,208906.69606939564,213376.19630804902,218974.86460365108,226626.28556767968,216164.73820229687
2013-01-25,208377.30391955312,213085.17925888975,218593.04011884425,226978.43589788844,215869.91794899598
2013-01-28,208268.76574623902,213012.52668592837,218562.277213453,227130.32579790603,215796.3159039429
2013-01-29,208157.88540117195,213110.62426543274,218579.47110028012,227767.82795896824,215895.69548778934
2013-01-30,207842.3820487228,213012.40963670707,218057.13451657738,227477.28734944048,215796.19732504457
2013-01-31,207765.33415734145,212794.97782553377,217629.82792818084,226308.46485352083,215575.92397050755
2013-02-01,207439.6629983541,212710.82597757797,217732.99682721938,227494.49467707615,215490.6723702947
2013-02-04,205824.4799777047,211054.6002131251,216037.66704106738,225723.15914855406,213812.80194720405
2013-02-05,206612.8913932915,211863.0456232054,216865.2001066696,226587.79252673296,214631.81265901073
2013-02-06,206833.18088597685,212088.93280054646,217096.42055274366,226829.37914568884,214860.6518800581
2013-02-07,206340.98581151012,211584.2307618011,216579.80233692977,226289.59968341092,214349.3540597612
2013-02-08,208321.09826773088,213614.6590318978,218658.16966994683,228461.14526018567,216406.31731544863
2013-02-11,208536.41873762177,213835.4509206734,218884.1745260575,228697.28246164197,216629.9946593144
2013-02-12,209230.1511958672,214546.81152581482,219612.3305833265,229458.0835193976,217350.65179745093
2013-02-13,209420.9733140277,214742.48254543572,219812.6214585018,229667.35391984403,217548.87997595436
2013-02-14,208840.3892642582,214147.14551590706,219203.22833069196,229030.6402214568,216945.76268659928
2013-02-15,208676.2999133878,213978.88655880472,219030.9967256265,228850.68705619135,216775.30480965922
2013-02-19,210280.32130916102,215623.66707497503,220714.61103751173,230609.78187734683,218441.58041035887
2013-02-20,208245.74213292473,213537.38805369916,218579.0742991605,228378.50385226615,216328.0365087703
2013-02-21,206442.18013946633,211687.99649672705,216686.01801415064,226400.57726681922,214454.4758742501
2013-02-22,208516.03285680703,213814.54702272208,218862.7770803686,228674.92571661327,216608.81757533672
2013-02-25,205055.22588459094,210265.7989242695,215230.24190069505,224879.5351826176,213013.6920790493
2013-02-26,206237.46306562124,211478.07744248305,216471.14270368344,226176.06857550633,214241.8134583412
2013-02-27,207957.82128959717,213242.15097360013,218276.8665768735,228062.74742549105,216028.9410743617
2013-02-28,207667.0165598935,212943.95672588798,217971.6318672972,227743.82830425157,215726.8498261089
2013-03-01,208257.2537124828,213568.7505515622,218606.9075435743,228452.27536355154,216359.80887259176
2013-03-04,208199.82177497828,213554.23242539086,218762.18972842634,228847.14213189218,216345.1010139022
2013-03-05,208505.1412899996,214161.43170515494,219212.74823675238,229913.3622123437,216960.23557725965
2013-03-06,207927.90776796624,213582.6789285243,218565.01915070656,229228.20554786423,216373.9192748376
2013-03-07,207273.554514987,212921.244175344,217920.7952351433,228602.72444055192,215703.84045286482
2013-03-08,206700.86013399684,212404.09393005088,217354.60757648095,228156.34455797067,215179.93174458673
2013-03-11,206814.77627315818,212509.73210648439,217553.4334964546,228403.485325836,215286.9504708928
2013-03-12,207010.86623084018,212611.16390778043,217692.99562848322,228330.41649750524,215389.70785035647
2013-03-13,206925.26441198983,212570.97769070993,217553.0485287479,228228.4491303777,215348.99645310274
2013-03-14,207274.95320504578,213048.80099522742,217916.38543123196,228808.57618431837,215833.0642700155
2013-03-15,207599.4205664141,213403.0969199874,218275.34749748555,229233.9951156149,216191.99036930405
2013-03-18,207848.27333504477,213543.07396193856,218464.68859321973,229182.32916643214,216333.79672423608
2013-03-19,207999.84476191754,213610.10278255664,218604.0073845635,229162.73855479955,216401.70152201393
2013-03-20,207692.0751378637,213429.76522793702,218381.25089178723,229234.05255956991,216219.00719641958
2013-03-21,207619.0116453692,213227.2493418199,218240.2744953797,228821.8041542931,216013.84469815707
2013-03-22,208047.36557335107,213852.80872778117,218714.90816799496,229653.50463566504,216647.57930977741
2013-03-25,208021.85942624742,213815.0627965814,218672.5677629982,229578.01630884598,216609.34008967146
2013-03-26,208458.27537465107,214397.8775352207,219246.19679734687,230493.23299386096,217199.7714385203
2013-03-27,209120.95588395215,215047.97476762932,219952.2774360522,231188.51987016943,217858.3645734676
2013-03-28,209103.80055252914,215077.68114787518,219959.33214023773,231295.14782016227,217888.45917642655
2013-04-01,209040.8319754284,215211.00166937333,219838.78756166884,231471.3704105118,218023.52201907392
2013-04-02,209176.6425670607,215350.8209247135,220142.06200234688,231790.6923608047,218165.1685253347
2013-04-03,209315.23326456506,215493.5023451332,220021.86195791955,231664.13203305006,218309.71460134978
2013-04-04,210526.55147539944,216740.57452251847,221448.71743969826,233166.48836155926,219573.08434646734
2013-04-05,211051.5818725816,217281.102019547,221763.2712363669,233497.68650539135,220120.67581593766
2013-04-08,210880.1704301115,217104.6310981343,222091.15635127135,233842.9213828483,219941.8986552818
2013-04-09,211012.34927810993,217240.71141320205,222446.6447234675,234217.22012052743,220079.75735831464
2013-04-10,210988.83326247724,217216.5012852966,223196.87688857564,235007.1501838695,220055.23083637323
2013-04-11,211484.2321771484,217726.52267989586,223656.06188364507,235490.6325632055,220571.9175294004
2013-04-12,212270.3860986142,218535.88117367015,224431.11526452334,236306.69723588237,221391.85325768543
2013-04-15,211181.70006009267,217415.06085048456,222569.72789967398,234346.81613853222,220256.3853098763
2013-04-16,211756.53028528875,218006.85809595682,223805.87761711088,235648.37566904692,220855.91655492515
2013-04-17,210994.38256854613,217222.21438788218,222510.32166285763,234284.26647111765,220061.0186015791
2013-04-18,210047.23355624086,216247.10877936485,221864.28093884757,233604.0410505437,219073.169665138
2013-04-19,211205.8935704402,217439.96847042948,223318.78517371631,235135.50914244496,220281.61843914652
2013-04-22,211683.21570391106,217931.37951913453,223770.19854904118,235610.80867337406,220779.4515739151
2013-04-23,212121.00423573825,218382.09006962148,224457.71139212517,236334.70067500198,221236.05230931472
2013-04-24,212337.3668634541,218604.8389813749,224621.1746212217,236506.8134221217,221461.71225183475
2013-04-25,212346.76891783334,218614.51855221082,224531.86841699595,236412.78165590073,221471.5183217332
2013-04-26,212705.8308038368,218984.17871581553,224626.07918322267,236511.97750485805,221846.0094499473
2013-04-29,212992.9635237681,219279.78661062015,225508.07014362246,237440.6382683102,222145.48054511443
2013-04-30,213526.32542264444,219828.89152674944,226515.08376968116,238500.93716565782,222701.76152909693
2013-05-01,213268.86055789367,219622.11528923712,226123.03458088334,238173.98031369454,222476.1692575699
2013-05-02,213563.27098399927,220062.53235364147,226625.25543182253,239083.88232031648,222837.85033642288
2013-05-03,212384.50339880786,219234.67199972091,225475.69799362792,238616.5647387649,221490.87562174108
2013-05-06,212394.08720085092,219265.43325382416,225604.73575263363,238879.83552786807,221455.07214423374
2013-05-07,212367.689399568,219299.55092736156,225573.51071701926,238950.704847385,221386.16117933512
2013-05-08,212470.39413401167,219363.43383962856,225887.02084653548,239365.63272286934,221483.55052374228
2013-05-09,212138.91753374052,219079.38185914714,225445.79586298182,238931.29772752535,221164.07978530694
2013-05-10,211513.6207013677,218658.03203799072,224771.75080272276,238598.99719521106,220513.91965993066
2013-05-13,211202.34179742425,218445.7301776425,224558.96819566967,238653.392678021,220129.80724433108
2013-05-14,210742.66025636406,218018.7675861077,224231.05848186108,238512.25577842726,219473.65817253423
2013-05-15,211367.11326528675,218610.7833340546,225097.8920341239,239495.36210313803,220170.15991543114
2013-05-16,211958.07140735706,219045.41457291442,225722.79665235372,239849.09235812954,220821.1830103538
2013-05-17,211387.4034395163,218616.17692718824,225295.56694942564,239812.82889490025,220116.46993299903
2013-05-20,211277.95838376234,218567.10290373856,225158.3691139442,239762.91945773287,220042.42805723206
2013-05-21,211913.14886111816,219150.4945616466,225905.13541866918,240483.04554805494,220761.55329307064
2013-05-22,209832.1749492599,216807.05968533992,223621.7145189817,237668.30784628214,218295.16139672993
2013-05-23,209551.76251928075,216287.60108868784,223200.70163760203,236726.73600034244,217951.53452163722
2013-05-24,209513.55609167647,216295.77776502268,223081.11511333313,236622.548883499,217993.25599669895
2013-05-28,207709.81134507555,214533.01682054752,221194.52055319378,234820.31031387244,215784.91034884285
2013-05-29,207362.6610571185,214053.17964903943,220749.74315093015,234079.5487570921,215637.38165363125
2013-05-30,207158.1115447585,213623.58280147536,220735.72706462952,233840.23442776632,215194.04536268447
2013-05-31,206321.34497490694,212851.8113457566,219466.3531372766,232365.98570981238,214421.9786230953
2013-06-03,206151.41595846153,212946.8876485167,219368.18250836545,232794.57170373164,214612.90843681042
2013-06-04,204247.6385730367,210980.35510195623,217342.3502675366,230644.74877382987,212630.99043832056
2013-06-05,202040.50111922208,208700.46267814192,214993.70895678754,228152.35930435578,210333.26094623495
2013-06-06,204076.34893517062,210803.41915853604,217160.07891923422,230451.3215412352,212452.67021094495
2013-06-07,205583.63607004867,212360.3917491565,218764.00115163383,232153.41153837193,214021.82400191738
2013-06-10,204804.91816808222,211556.00458155465,217935.3581367562,231274.0515804329,213211.14359491738
2013-06-11,202303.65395600488,208972.28995280908,215273.73303160927,228449.52220108706,210607.21490091807
2013-06-12,199773.14458764988,206358.36614514922,212580.98780657392,225591.96800064837,207972.84068212204
2013-06-13,203538.4811185779,210247.82133750137,216587.72735518057,229843.9393051502,211892.72558996404
2013-06-14,203171.3487703448,209868.58702301534,216197.05744104256,229429.35851089202,211510.52428094458
2013-06-17,204493.7968867222,211234.62765460598,217604.29026747038,230922.72076320127,212887.25232907844
2013-06-18,205879.8202049167,212666.33914902163,219079.17422503585,232487.87472166592,214330.16502553498
2013-06-19,201716.99536378434,208366.29304153487,214649.46262080464,227787.04343480087,209996.47688512248
2013-06-20,195253.80292270373,201690.05117240868,207771.9023944546,220488.54340187693,203268.00247170104
2013-06-21,195927.3187662207,202385.76845376758,208488.59864316083,221249.10491244547,203969.16279787885
2013-06-24,194472.2454683079,200882.73085079796,206940.23777794171,219605.9769057312,202454.36596273736
2013-06-25,196747.0753825136,203232.54711525407,209360.91144382392,222174.80745736352,204822.56635474978
2013-06-26,199074.43591164864,205636.6255874348,211837.48356409947,224802.95771799196,207245.45348272054
2013-06-27,201381.26182701005,208019.4925531516,214292.2045567411,227407.91945674535,209646.96315293727
2013-06-28,200950.88055300651,207574.92440708695,213834.23070570137,226921.91540052704,209198.9168636542
2013-07-01,201317.851544408,207953.99204585582,214224.72891810883,227336.31398408188,209580.95019294496
2013-07-02,201402.0828544405,208040.99991446824,214314.36046056618,227431.43140858217,209668.63878020723
2013-07-03,202216.1760864889,208881.92850675771,215180.646786452,228350.7386294445,210516.1464990183
2013-07-05,203760.32159379616,210476.97445067586,216823.79045292438,230094.45060130052,212123.67151567704
2013-07-08,203956.88511136064,210680.01738926544,217032.956038303,230316.4181277968,212328.30299007634
2013-07-09,205192.13489357138,211955.9853246168,218347.40007647552,231711.3124711605,213614.25364519868
2013-07-10,206371.18288078308,213173.89885723873,219602.03911372033,233042.74145953282,214841.69570057146
2013-07-11,210469.91649761208,217407.74106950834,223963.55048112656,237671.1983266428,219108.66199001303
2013-07-12,211396.38952550324,218364.75388876285,224949.4214892231,238717.40938815905,220073.16213753584
2013-07-15,211873.6764881986,218857.77389907246,225457.30824350333,239256.38125766505,220570.03936123464
2013-07-16,211592.95304306777,218567.79682735237,225158.5870746017,238939.37691465535,220277.79361193517
2013-07-17,212126.39421245144,219118.82208340362,225726.22819052017,239541.76040049488,220833.12989380883
2013-07-18,211592.95304306777,218567.7968273524,225158.5870746017,238939.37691465535,220277.7936119352
2013-07-19,209403.1769237771,216305.83802836965,222828.42016715824,236466.59257093762,217998.13805098998
2013-07-22,210020.75422657173,216943.7728390575,223485.59154695505,237163.9860039616,218641.06383697645
2013-07-23,208476.7752783521,215348.89894459708,221842.62511799604,235420.46211740831,217033.7122158293
2013-07-24,209150.55437614577,216044.88815801436,222559.60149872053,236181.32090542366,217735.1466015653
2013-07-25,210469.91649761214,217407.74106950837,223963.5504811266,237671.1983266429,219108.66199001312
2013-07-26,211592.95304306777,218567.79682735246,225158.58707460173,238939.3769146554,220277.79361193525
2013-07-29,211200.0163611818,218161.907578125,224740.4584610027,238495.6568162945,219868.7288294355
2013-07-30,212322.81496508364,219321.71755102946,225935.24185803017,239763.56671101743,221037.612743484
2013-07-31,212715.9420002126,219727.80342820854,226353.57302878733,240207.50176401,221446.87569228263
2013-08-01,214877.49825122688,221960.61213335677,228653.71083754313,242648.41908358727,223697.1530994163
2013-08-02,216084.766106715,223207.67575981325,229938.3789734756,244011.71509610006,224953.97330860066
2013-08-05,216225.12782928042,223352.66429567325,230087.73955792643,244170.2172676049,225100.09618325043
2013-08-06,214933.6762520706,222018.64195759234,228713.49051882612,242711.85756924973,223755.6369283785
2013-08-07,214540.69198187388,221612.703551377,228295.31126593752,242268.0837322309,223346.52260430405
2013-08-08,215607.45534986432,222714.63117100968,229430.46689955064,243472.71635726516,224457.07131411455
2013-08-09,214737.20791112765,221815.69733297866,228504.4262120266,242489.9975200693,223551.1045371287
2013-08-12,215242.57197716716,222337.7199661591,229042.19014712592,243060.67519774204,224077.21128991494
2013-08-13,216449.76845018915,223584.7098571337,230326.78232412413,244423.890602268,225333.95718673724
2013-08-14,215635.60383567467,222743.70752936238,229460.42003930404,243504.5027734188,224486.37515556414
2013-08-15,211985.9135191092,218973.7106550739,225576.74100784556,239383.1238823453,220686.8831652224
2013-08-16,211901.7535915429,218886.77652194336,225487.18542432252,239288.0870658319,220599.26889032222
2013-08-19,211536.82263053494,218509.81616010485,225098.85803260826,238875.99216765087,220219.35932454784
2013-08-20,212463.20048180455,219466.7306653835,226084.62776212578,239922.09575185127,221183.7603889212
2013-08-21,211733.38614809944,218712.85909869443,225308.02361798688,239097.95969414717,220423.99079894714
2013-08-22,213810.85385401352,220858.80740619398,227518.6818021539,241443.9208051979,222586.72824354275
2013-08-23,215242.57197716724,222337.7199661591,229042.19014712598,243060.6751977421,224077.21128991497
2013-08-26,215354.76141976696,222453.60756517248,229161.57227217863,243187.36408376435,224194.00555232784
2013-08-27,210947.22725446292,217900.785658312,224471.46255505164,238210.19706547784,219605.56398449937
2013-08-28,211761.4156631328,218741.81256457727,225337.85015951647,239129.61176365596,220453.17078645987
2013-08-29,213249.31178713028,220278.75494877796,226921.13818577156,240809.80464186266,222002.13766179432
2013-08-30,211873.6764881987,218857.77389907255,225457.30824350342,239256.38125766514,220570.0393612348
2013-09-03,213080.89675537602,220104.78836854105,226741.92574014637,240619.62353152,221826.81002884448
2013-09-04,215354.76141976693,222453.60756517248,229161.57227217863,243187.36408376435,224194.00555232784
2013-09-05,215719.81135155176,222830.6908194808,229550.02626211668,243599.59332859016,224574.03897203907
2013-09-06,215972.48148749385,223091.68984682407,229818.89556984397,243884.91873276207,224837.07996303853
2013-09-09,218499.1114644483,225701.60638477455,232507.5126881825,246738.0921664941,227467.41556067075
2013-09-10,219565.85103828338,226803.50942591327,233642.64300215084,247942.69792219938,228577.9394996939
2013-09-11,219144.81345889784,226368.5929753211,233194.6118880879,247467.24514634276,228139.62041731938
2013-09-12,219004.40414802168,226223.55528247313,233045.20066434756,247308.68923617998,227993.44800109492
2013-09-13,219144.81345889784,226368.59297532105,233194.6118880879,247467.24514634276,228139.62041731938
2013-09-16,218555.289465292,225759.6362090101,232567.29236946555,246801.53065215657,227525.89938963298
2013-09-17,220015.17986841145,227267.64970582188,234120.7791738358,248450.09833018333,229045.71104824208
2013-09-18,222654.11825874253,229993.57673525554,236928.9050154508,251430.09499658243,231792.96476222397
2013-09-19,223187.48804566008,230544.5282558249,237496.47017243496,252032.3978744351,232348.22673173557
2013-09-20,222421.50659578282,229753.29737831917,236681.38016825786,251167.42043671955,231550.8055449709
2013-09-23,221970.98805788596,229287.92817371266,236201.97801433486,250658.6765622878,231081.79545705463
2013-09-24,221970.98805788596,229287.92817371266,236201.97801433486,250658.6765622878,231081.79545705463
2013-09-25,221210.76479360976,228502.64529174482,235393.01536419016,249800.20150217932,230290.36880083164
2013-09-26,222928.39348776644,230276.893035113,237220.764560622,251739.81775144537,232078.49762814833
2013-09-27,222646.78965888667,229986.00655911647,236921.10656486417,251421.81924326436,231785.33535971644
2013-09-30,222111.8494577143,229433.43285794588,236351.8703113257,250817.74298970072,231228.43851823895
2013-10-01,224364.51352966484,231760.35261646044,238748.95703987504,253361.54296984628,233573.56327018258
2013-10-02,224279.9491014571,231673.00064893262,238658.97102239102,253266.04937474063,233485.52789189725
2013-10-03,221661.30712566208,228968.03907484538,235872.44283775793,250308.9722459401,230759.40365953528
2013-10-04,223576.04660295686,230945.89506216408,237909.93997139783,252471.17401626834,232752.7336893606
2013-10-07,221717.4613323504,229026.04432058698,235932.19719939618,250372.3838622736,230817.86271771012
2013-10-08,217437.53522233007,224605.03687682486,231377.8767371276,245539.31705517217,226362.26688250524
2013-10-09,216761.73362132936,223906.9584914211,230658.7481865983,244776.1743741956,225658.72697984343
2013-10-10,221351.53101681665,228648.0516620022,235542.80638260194,249959.1604522765,230436.91277886654
2013-10-11,223097.35578509432,230451.42492071094,237400.55935807672,251930.61685635409,232254.39498920747
2013-10-14,224674.26584435493,232080.31545080966,239078.5681753863,253711.32789418098,233896.029380064
2013-10-15,223801.30587190532,231178.57966446743,238149.6410483594,252725.54595348428,232987.2387333188
2013-10-16,226335.54997858024,233796.36132048455,240846.3604530218,255587.31757248187,235625.50098290696
2013-10-17,227630.92759142714,235134.43911006858,242224.78723350784,257050.1107101146,236974.04741769366
2013-10-18,231319.54514618838,238944.64640047285,246149.88920379686,261215.4478233583,240814.06441615996
2013-10-21,231826.36065570582,239468.1683217847,246689.19763722667,261787.76453009722,241341.68218697526
2013-10-22,232164.26145620615,239817.20751448657,247048.76191249126,262169.33587058546,241693.45213830617
2013-10-23,230756.38507673956,238362.92260546764,245550.62385157065,260579.50454565408,240227.78942087086
2013-10-24,231770.0874782406,239410.04018357326,246629.31667736455,261724.21856711892,241283.09927486358
2013-10-25,233431.41920077667,241126.13521023604,248397.15959428955,263600.2619840777,243012.62041928124
2013-10-28,233487.763760708,241184.33708392928,248457.11651308587,263663.88855504285,243071.277643755
2013-10-29,233881.8901503628,241591.45525785463,248876.511108923,264108.9521198515,243481.58096562282
2013-10-30,233656.7736463466,241358.91812651514,248636.9619498301,263854.74139860936,243247.22454638884
2013-10-31,233121.69068024203,240806.19695438078,248067.57377842307,263250.503929072,242690.17908018723
2013-11-01,233008.10078420708,240766.50605966838,247946.70141415313,263207.11365022295,242650.1776580169
2013-11-04,233213.68573738015,241156.68980200068,248165.46681684977,263633.664412176,243043.41405931575
2013-11-05,232030.88990555843,239705.81862312672,246906.8396534182,262047.564993617,241581.19177983713
2013-11-06,232096.55468677223,239529.22800444445,246976.71433093474,261854.5152717028,241403.21957889746
2013-11-07,230633.50931875876,235647.28308146266,245419.8702907606,257610.75423014845,237490.9036981049
2013-11-08,229673.13369182212,236244.02293958512,244397.92312233135,258263.1131409744,238092.31223685385
2013-11-11,229410.58172215047,236124.22396293774,244118.538437375,258132.14831792805,237971.57599557814
2013-11-12,229405.22092453178,235913.19427376834,244112.8339486382,257901.44963691212,237758.89528510018
2013-11-13,230720.2098044125,238230.31910613165,245512.12931247056,260434.54175622234,240094.14847887048
2013-11-14,231901.3138867476,239351.76227835283,246768.95626507935,261660.50887811897,241224.36542401896
2013-11-15,232181.20242779836,239984.54563715405,247066.78900258333,262352.2707189237,241862.0994549896
2013-11-18,231863.18259096198,237986.98587176244,246728.38029806843,260168.5286827194,239848.91149173252
2013-11-19,230940.51497558405,236901.6835250291,245746.5586748516,258982.07088675545,238755.1181250495
2013-11-20,229729.79403410834,235391.5816670451,244458.21606890092,257331.22020215355,237233.20176667237
2013-11-21,230933.8500034546,237551.6943605487,245739.46639845023,259692.6658887699,239410.21441439542
2013-11-22,231543.46034609235,237932.28998140604,246388.1600408441,260108.7348697641,239793.7876801636
2013-11-25,231711.428346682,237814.42096794138,246566.89679527096,259979.87989184144,239674.99650141678
2013-11-26,232141.87194041754,238213.59023653573,247024.93696148143,260416.25367474026,240077.2887285426
2013-11-27,232970.4989737276,240026.6294352149,247906.68887877677,262398.2769313339,241904.51250173396
2013-11-29,232849.6000373081,239978.0332253715,247778.0388773871,262345.1513187371,241855.53609241112
2013-12-02,231771.47849204607,238898.97756207592,246630.79687175906,261165.52242744283,240768.03828099763
2013-12-03,232130.8850615129,238703.38579474937,247013.24569249086,260951.7005575561,240570.9162731778
2013-12-04,231665.59179917967,238926.93948582804,246518.12157793227,261196.09053827907,240796.21896890618
2013-12-05,231218.77481448321,238619.5472564725,246042.6582909545,260860.04786036967,240486.4218119655
2013-12-06,232060.926389166,240352.28910249402,246938.80183416427,262754.2896610928,242232.72001454193
2013-12-09,232585.049053045,241330.48410402346,247496.52701714213,263823.6571871383,243218.56806620775
2013-12-10,233198.33898282712,241162.8306439593,248149.13615213876,263640.3776104266,243049.60294503983
2013-12-11,231849.4431826415,238060.5449463276,246713.76002967008,260248.9438202563,239923.04606636128
2013-12-12,231399.97892726853,237445.73687112686,246235.47975036554,259576.8326467763,239303.4279512233
2013-12-13,231754.536777503,237138.20294283336,246612.768991084,259240.63506289982,238993.48798674258
2013-12-16,232263.9323792203,238451.84656342902,247154.82293142172,260676.7166483356,240317.40908828424
2013-12-17,232613.2240996432,237976.73002454033,247526.508420547,260157.31694073102,239838.57540640567
2013-12-18,233415.28772958813,240743.6851855541,248379.99390323967,263182.1657598168,242627.17824149173
2013-12-19,232978.61326408538,240072.7879474216,247915.32339200506,262448.7376410361,241951.03214173988
2013-12-20,234441.8482708476,242517.6614225141,249472.36922903545,265121.48519695905,244415.03343823063
2013-12-23,234914.7991831583,245068.99803297338,249975.64194034282,267910.6187694781,246986.33079983262
2013-12-24,234903.56900327912,245181.08189287825,249963.69177188101,268033.14938943496,247099.29156403363
2013-12-26,235016.03152992213,245994.22124820563,250083.3644889238,268922.0772814985,247918.7926327662
2013-12-27,234696.50475624207,245377.33492191517,249743.35223492558,268247.6941538348,247297.08000704044
2013-12-30,235084.90826927987,245012.88525355203,250156.6570494418,267849.27600651624,246929.77901396205
2013-12-31,235120.75188688576,246610.9186425788,250194.79867079412,269596.2538678729,248540.31484843852
2014-01-02,234887.94497864062,244676.4683584099,249947.06606076233,267481.5034230175,246590.73011256228
2014-01-03,234591.85723521552,242910.04939813967,249631.9955586453,265550.44563745265,244810.4913179608
2014-01-06,234668.90878109715,242012.95342208713,249713.9870283664,264569.7359598969,243906.3767817325
2014-01-07,235229.14140935606,244255.92952711505,250310.13725547813,267021.7683303982,246166.90113487004
2014-01-08,234703.36675562797,244788.59945129402,249750.6541703824,267604.08567829663,246703.7384792766
2014-01-09,234823.0067522486,243975.48371245633,249877.9645189044,266715.1836038943,245884.26121180068
2014-01-10,235931.6674008188,244760.566678073,251057.70354890163,267573.44011447683,246675.486387598
2014-01-13,235140.43506142058,241143.84298627626,250215.7437717706,263619.62021083845,243030.46673466943
2014-01-14,236080.52366425935,245741.76097378862,251216.1032756953,268646.08648349205,247664.35719886207
2014-01-15,236734.4706086478,247760.4512765586,251911.97602524894,270852.9285257738,249698.84101731412
2014-01-16,237123.26800778092,247788.55489924861,252325.69997866094,270883.65154257714,249727.16451276277
2014-01-17,236883.07486486368,246386.6564568105,252070.10758814667,269351.0893573144,248314.29811500976
2014-01-21,237228.02146794103,248265.11204400627,252437.16938603774,271404.6261275137,250207.45007129884
2014-01-22,237028.10503772617,248909.98391053837,252224.4359262849,272109.60318367486,250857.36718618983
2014-01-23,237396.192887886,248068.9062479486,252616.1226014288,271190.1329984363,250009.70923080534
2014-01-24,235810.69702148056,243190.49521279824,250928.97752424938,265857.0303639564,245093.13124103006
2014-01-27,234782.35806263404,240835.41163137584,249834.7097630705,263282.44155583705,242719.62232243488
2014-01-28,235520.94017879144,240695.20053229132,250620.64380917614,263129.16210141574,242578.31426152855
2014-01-29,235045.0633738713,238115.8547651006,250114.25762061722,260309.40878273806,239978.7886095046
2014-01-30,236499.2889689022,242517.661422514,251661.71643508086,265121.485196959,244415.0334382305
2014-01-31,236789.30176680745,241872.74232300255,251970.32251515487,264416.45650547545,243765.06872082615
2014-02-03,235975.07233984052,236109.5945430498,251144.00880064798,258139.52635975226,237952.18994602733
2014-02-04,235592.7818195977,236051.3782249876,251017.32570350647,258830.37065016423,237514.17563523757
2014-02-05,234775.3942175502,235203.31565442207,250238.17074609522,258042.40758513988,236454.3430171636
2014-02-06,235042.07717202327,235682.55361964944,250620.6381402304,258910.61060781722,236705.89646826
2014-02-07,236129.64305509263,236927.54826845005,251961.95980890587,260726.19897350235,237794.6887084847
2014-02-10,236574.46946995283,237522.7079570972,252539.20288876843,261682.88552596283,238402.89932042215
2014-02-11,236290.92788062952,237327.18058649066,252444.235699689,261912.29936937988,238024.50989175524
2014-02-12,235829.26262261692,236973.01685972643,252007.60754753614,261709.96848294706,237534.7988928711
2014-02-13,236846.57739401018,238011.41276821465,253188.9048216851,263039.7926211235,238622.53764439136
2014-02-14,236932.30628887485,237939.67279149065,253531.16591879964,263289.2362923583,238582.37842490902
2014-02-18,237550.8982929777,238617.0753021973,254269.35935440942,264221.07367584726,239239.75448602054
2014-02-19,237075.8217957951,238048.6897208186,253757.06810161794,263512.7865596827,238602.53913760165
2014-02-20,236763.84195011694,237732.7643931664,253602.57380444073,263485.36907194735,238244.86808854243
2014-02-21,237057.0568819939,238048.28172966203,253858.83105538043,263747.19092377264,238705.8195116269
2014-02-24,237205.12217898984,238208.14548942028,254082.4082663397,264050.75964843825,238748.5372309396
2014-02-25,237983.36916094192,238929.23377917235,254856.77204101856,264695.02926113084,239687.98199663253
2014-02-26,238568.92783777285,239435.2926839124,255498.57029536835,265217.56666083564,240313.3129414922
2014-02-27,238926.82899965244,239773.15614954033,255889.9348503456,265589.51434936246,240802.34496398445
2014-02-28,239115.97005961576,240106.8111202417,256026.38755051367,265953.3679950885,241106.3481471325
2014-03-03,239731.55168835857,240723.89730141676,256474.46963672733,266258.18151015247,241877.54454505374
2014-03-04,238961.65576356056,240137.3011192935,255936.52640039136,266179.11353967385,240855.12201266526
2014-03-05,239121.6395550861,240399.96005871153,256041.55331189316,266423.6085744295,241154.43151683194
2014-03-06,238510.96935344677,239824.6119960605,255381.66547731232,265799.10442890984,240321.90203551113
2014-03-07,237407.43165990929,238627.90401718055,253981.0800790242,264068.05150380335,239078.4000989634
2014-03-10,237282.59247131067,238590.39400513607,253762.5508141527,263941.55232076265,239094.2682987924
2014-03-11,237524.69883111012,238891.52214311413,254133.93401215668,264490.0083224629,239442.83176161713
2014-03-12,238497.47283822275,239917.09168434716,255345.83745700243,265929.34056559636,240561.48221851204
2014-03-13,238964.60230840338,240251.72296624846,255658.36651402796,265917.4626117344,241308.88724357632
2014-03-14,238954.42620248513,240333.8865582895,255659.31594834576,266082.0414748385,241386.0223934819
2014-03-17,238532.79606405162,239868.89396584715,255255.71698159378,265619.6855218801,240729.43047317542
2014-03-18,239126.51785056898,240413.6204614148,255938.08311000833,266267.81199987605,241322.26762864596
2014-03-19,236678.75722225872,237691.35290228936,253228.78021817372,262954.14550575666,238711.4775176228
2014-03-20,236646.04063985677,237528.94495080356,253454.70040856913,263117.93006830686,238511.48053972633
2014-03-21,237289.05337273338,238111.83244781976,254051.51698914962,263578.85516000766,239380.64598408237
2014-03-24,236849.16433063327,237350.70510958444,253308.93518077838,262110.77154581767,238966.04294893198
2014-03-25,237147.12013223371,237727.1186720603,253760.6600825426,262785.691127555,239163.5110433493
2014-03-26,237155.20864942457,237409.0903815759,253467.89930038564,261758.05660965462,239154.88300367928
2014-03-27,237181.33662969136,237422.8071432227,253474.40637596606,261731.58364135792,239337.43542668404
2014-03-28,236981.97137686762,237217.11627617368,253405.4451308913,261731.833932657,238967.92688347265
2014-03-31,237192.80135395552,237511.10473547952,253692.93697011552,262204.35689797124,239138.24516777523
2014-04-01,237099.9223863739,237596.5329051636,253863.22961195654,262835.65514145966,238921.7876978337
2014-04-02,236710.49684900788,237181.03407677988,253499.04292748065,262448.88812930294,238365.52322441223
2014-04-03,236699.81696811685,236987.25486069647,253380.33875902856,261939.21862218156,238350.35334490312
2014-04-04,237049.27170927558,237103.56643238847,253480.56274274224,261461.6240850093,238681.2552453477
2014-04-07,237299.8133292959,237227.73648997504,253707.76090669914,261451.27777416632,238995.45570619925
2014-04-08,237982.82247853203,237932.36835349406,254645.76620284963,262589.17952907184,239684.98861030757
2014-04-09,238410.09371012848,238448.95894018584,255199.27732106185,263376.5673310885,239958.43978543158
2014-04-10,237942.41391855304,237665.84688290916,254214.48537379561,261502.6023284519,239607.36030402096
2014-04-11,237813.23802248263,237421.09588181326,253799.86674253803,260699.04192378145,239677.71768307337
2014-04-14,238006.7301228271,237626.97540958127,254251.03502569036,261341.11168918284,239764.466778458
2014-04-15,238780.90294668192,238506.92583249634,255146.60307476812,262490.0663288981,240740.75968679934
2014-04-16,239260.37170421623,239136.23328354768,255782.76913492294,263483.41258565115,241327.86833116788
2014-04-17,238311.41556005605,238358.06743012066,254524.40501065855,262324.5333423013,240272.89679309746
2014-04-21,238731.7538216829,238816.65531088485,255130.1748422963,263115.5302591259,240639.68328607484
2014-04-22,238998.18933475437,239140.81394252888,255514.38415024962,263675.2654674136,241036.31539323312
2014-04-23,239159.9523226999,239156.72878621216,255471.44844762265,263239.79469480336,241249.5292095507
2014-04-24,239541.47349349727,239673.97093984092,255966.28412444523,264039.9256037934,241761.84120366102
2014-04-25,239139.1917112572,239127.41912145528,255346.84489120723,263030.2518737669,241340.85398807246
2014-04-28,239086.6173035573,239166.9419606403,255538.20828536415,263545.17162198306,241205.30106739362
2014-04-29,239322.37234467108,239480.4717091219,255933.40763777957,264179.0750219968,241428.35140388907
2014-04-30,240069.26116369557,240258.3194758583,256663.47353887485,264941.12295642897,242244.36215351877
2014-05-01,240927.40012668382,241059.17326207043,257580.3691167923,265788.43780308083,243311.3058477262
2014-05-02,241303.1307696055,241378.38455127124,257874.5309946267,265909.79960618267,243806.8319468528
2014-05-05,241089.79956879863,241333.92635864,257768.4119196857,266198.09227984236,243551.84448671373
2014-05-06,240940.52028105658,240947.47522389377,257582.10182887228,265552.1158943232,243363.40638599056
2014-05-07,241315.86436822134,241465.03488641753,258077.38663074086,266391.37362186826,243681.66903780683
2014-05-08,241537.49523611748,241755.06882482982,258265.6740286896,266675.2720742027,243777.4864557901
2014-05-09,241452.8605848697,241747.15508676745,258201.56892074313,266768.97606855776,243654.832602083
2014-05-12,241297.49195949145,241785.89522212595,258243.18430796618,267319.49617319304,243542.8982522347
2014-05-13,241800.83103383353,242121.64955759104,258735.18328357174,267485.15264019865,244142.17670115147
2014-05-14,242733.15157146304,242939.595403987,259547.32683343012,267977.3471162847,245234.89497952643
2014-05-15,243234.6338576833,243472.7822414767,259826.13995154153,268134.91930361104,245981.67505815715
2014-05-16,243317.3157861222,243712.19030380077,260053.58421253462,268757.4209935788,246086.05441271796
2014-05-19,242984.94920903555,243333.41881900866,259858.65067913706,268588.9056625707,245491.74075238564
2014-05-20,243138.43355093975,243552.45988349032,259893.20792727955,268649.8346757782,245760.37288258417
2014-05-21,242855.28720752074,243339.56983122302,259534.6997675685,268368.06012724945,245356.0394278791
2014-05-22,242901.9631363273,243440.97999687592,259446.22023037,268275.6475346982,245391.71416376348
2014-05-23,243624.24162847825,244359.37306456806,260280.44098702804,269539.9798889499,246374.5800974266
2014-05-27,244347.62109407785,245026.5387747113,261291.26067275123,270653.75358784356,247160.69563330145
2014-05-28,245165.88638262107,245698.43742780853,261952.21627051776,270909.27376133285,248188.29944049838
2014-05-29,245015.04948864027,245787.83881648135,261772.42114623057,271150.1660941664,248070.94174258615
2014-05-30,244950.29323640058,245677.78166426488,261912.63095382732,271365.8817442082,247960.24285320754
2014-06-02,244058.01850365565,244986.83305264753,261000.25289807186,270831.23618027405,247092.27596987362
2014-06-03,243015.72855768728,243966.6303175512,260042.24705781028,269981.7841799816,245793.9141670511
2014-06-04,242875.158808769,243819.12230634183,260094.78712670956,270152.40346198325,245656.34389594634
2014-06-05,243967.7506675115,245134.07453119775,261456.56677900619,272076.05130319594,246818.513926125
2014-06-06,244021.88381065722,245014.0629739197,261536.58381339544,271861.7736770998,246713.8609253558
2014-06-09,243408.07975997616,244352.59121122136,260637.9243301988,270695.61889991385,246089.63332785628
2014-06-10,242861.57475536366,243768.6457863151,259995.86191873325,269930.1123348414,245459.00846246505
2014-06-11,242979.59512817266,243861.75844879862,260074.62351526067,269936.8499368369,245599.45463166802
2014-06-12,243422.95624599824,244179.05450279228,260434.1942605466,270010.5279034192,246168.99364525347
2014-06-13,243299.63318297095,244024.3403695212,260416.80947562892,270009.17786529067,246016.27619050234
2014-06-16,243217.48924366696,243918.745681736,260200.08787628065,269662.3992879763,246006.34403206749
2014-06-17,242718.1837813425,243539.3656026569,259601.88447398314,269218.1469968688,245414.15191601586
2014-06-18,244064.75627439487,244871.11827470787,261103.86684130042,270780.03566847864,246829.83401105335
2014-06-19,243815.05968760425,244852.01789476094,260873.91057522185,270976.5431406344,246389.6475222117
2014-06-20,244389.24245968185,245466.54841700403,261357.4382861856,271464.08915165334,247175.026097853
2014-06-23,244159.8395292981,245157.2262337171,261105.5497703957,271057.95949980896,246801.64060218993
2014-06-24,245015.5897159285,245950.78023872725,261918.10417404948,271720.2327449777,247828.6478389336
2014-06-25,245213.96616696517,246131.62829891552,262167.44280812476,271969.7945994835,248071.98651899584
2014-06-26,245614.88163808215,246514.46922611733,262568.55998927803,272333.8496338602,248565.10536608213
2014-06-27,245930.83791131672,246966.34081825527,262999.8874005253,273079.3971969377,248909.8092467698
2014-06-30,245878.2717023282,246979.27036105236,262913.71761672787,273088.0085767695,249003.5256969734
2014-07-01,245446.53956170107,246744.7854440278,262675.9385100931,273341.0882758988,248518.4762602545
2014-07-02,244716.56076989122,246054.5580128636,262034.1409643394,272807.4895070512,247595.87807941745
2014-07-03,244525.41099593817,245880.264089646,261703.93794155307,272434.0875434777,247337.4199348573
2014-07-07,244853.95779805272,246177.34011997667,262008.91293837855,272676.7763002772,247811.53597104404
2014-07-08,245280.15340973638,246454.9049010964,262345.4061475564,272730.6241779986,248380.77478837367
2014-07-09,245880.73231399138,247122.80028235196,262988.34804958076,273502.0442300533,248998.8115118014
2014-07-10,246167.57666886935,247558.1531599543,263291.0582219908,274049.49547024345,249394.27797120687
2014-07-11,246743.0824792146,248077.21032381587,263975.77914014965,274699.04268276825,250041.07191349735
2014-07-14,246209.9887051616,247536.5780687299,263392.14271215047,274078.0970770344,249434.24293421165
2014-07-15,245713.661713153,246967.05817176326,262873.7607275467,273432.0029946759,248868.0793614314
2014-07-16,246176.7652332871,247396.28163221292,263541.27285146056,274148.24040496757,249403.88510214965
2014-07-17,246930.36379227875,248098.36455753574,264089.83554347756,274511.00043780927,250394.15409935906
2014-07-18,247166.1161237922,248511.30880727427,264572.3876911818,275400.03991195274,250669.04214495275
2014-07-21,247191.1470680582,248544.25686300013,264460.3302654584,275231.43023598666,250843.1293904719
2014-07-22,247421.86014370588,248789.96465045927,264852.3197549459,275728.6013293621,251123.01113261248
2014-07-23,247683.34379212494,249043.8976722253,265224.61280264374,276144.66557488986,251311.71602675103
2014-07-24,246851.16875877528,248251.36718702616,264208.90837074973,275099.9969136516,250387.0928491847
2014-07-25,247489.1484970367,248794.63386769439,264750.130972174,275440.8141176973,251214.42224042938
2014-07-28,247446.01142055175,248828.05891041807,264780.70289698057,275630.6854417903,251203.95699861448
2014-07-29,247432.33381691773,248739.10591902595,264642.7244806363,275309.81552928407,251230.4856985277
2014-07-30,246366.0885361874,247690.0088248724,263684.6928310584,274434.02654234716,249889.1263344898
2014-07-31,245014.71403515714,246123.8507135509,261825.05258934866,271975.6240090479,248406.12273619813
2014-08-01,245844.8878572833,246824.39476554433,262679.61195614754,272634.6056174556,249254.18097108934
2014-08-04,246203.56119630733,247289.775959046,263337.01783013163,273653.19336877245,249583.72429832342
2014-08-05,245839.977571945,246707.153317565,262704.0275827981,272483.3473897487,249170.33397415964
2014-08-06,245750.86099011393,246740.10280938577,262566.8407275145,272526.7259155923,249218.4785476397
2014-08-07,246398.4714270339,247392.48633136865,263098.78779519757,272991.530309694,250085.7445240753
2014-08-08,246655.4786403071,247763.84934749006,263551.7492062712,273756.9196369655,250346.67892942938
2014-08-11,247017.21977037785,248218.93510124538,264067.456187786,274523.2559861161,250746.28217607806
2014-08-12,246640.89343052296,247751.17556729302,263806.9152002773,274179.57503181085,250129.24775408476
2014-08-13,247893.88181054167,249278.33515994163,265354.37096231035,276366.6375709094,251682.67730475057
2014-08-14,248268.36865543772,249691.9685983553,265799.57565830287,276919.3190812589,252301.49792967708
2014-08-15,248988.37044121866,250361.59637893163,266615.32316118566,277701.1397839828,253237.63427665547
2014-08-18,248924.93371331543,250474.7609083765,266891.5910615877,278489.6925685598,253022.9910940931
2014-08-19,248916.9088949119,250523.0902203727,267052.6577006529,278852.03256850695,252967.98837505485
2014-08-20,248547.2878150649,250219.80488136207,266795.5216716433,278781.9169766703,252648.27869656484
2014-08-21,249025.17101665013,250566.63744055125,267309.0313488484,279086.9142929184,253131.76025973854
2014-08-22,248865.11692365678,250237.54341996144,267117.4312548382,278585.3877366542,253017.28458298004
2014-08-25,249116.011280345,250438.62985188645,267366.8661658788,278745.83128006593,253313.89036954183
2014-08-26,249187.2724617215,250476.53446298494,267544.81476452865,278931.1414403484,253245.1732887481
2014-08-27,249607.09367177295,250900.1335396991,267982.0561818626,279382.04273950617,253889.773832192
2014-08-28,249896.3011050973,251101.79719793666,268254.10797627,279489.99600384507,254234.6602295234
2014-08-29,250161.72780993732,251396.45260213505,268731.1667938362,280145.00231828477,254517.05663354075
2014-09-02,249193.9261758449,250508.22629771326,267834.2482273186,279436.1055570032,253180.69933422902
2014-09-03,249419.27976965826,250691.8295517798,267990.96733109036,279470.21993704414,253515.9987752269
2014-09-04,248331.4310198793,249869.81992312227,266765.9885323502,278626.9477718087,252408.65659459512
2014-09-05,248741.80737716073,250429.80817195485,267454.1774716916,279759.7817142936,252846.5709960713
2014-09-08,248421.9196051519,250146.88274338056,267217.3785552854,279649.08304790384,252609.24203327452
2014-09-09,247515.58796659915,249139.5921747711,266173.80693377985,278348.20167162083,251692.42112281366
2014-09-10,246749.97962711472,248221.8776322601,265413.98059214355,277339.11758212507,250684.44385069402
2014-09-11,246654.35675540048,248162.40161832157,265235.568670497,277167.81570410694,250530.39353784942
2014-09-12,244796.22694140146,246026.26803505642,262914.0517401251,274070.78678430466,248316.69391713498
2014-09-15,244607.82343498062,245737.01204489352,262538.26835498103,273394.6978097161,248106.0121713487
2014-09-16,245071.17756635696,246403.59877879568,263230.12455062364,274587.69520344253,248573.79894985145
2014-09-17,244342.7671172567,245646.56635515986,262787.93752543884,274302.33090139006,247825.51531909217
2014-09-18,244193.35359317006,245262.52910778293,262805.4953151945,274029.4519227404,247582.20800183306
2014-09-19,244890.18432976725,245859.37689970946,263546.35673880164,274617.194463053,248496.34185774988
2014-09-22,244568.07391720678,245316.95058516064,263145.3468036227,273784.17150967405,248052.25568754866
2014-09-23,244754.39294953816,245421.47432008025,263076.00200499,273396.21001904766,248332.73308393653
2014-09-24,244559.5412310644,245378.91494029172,262875.0276305058,273457.3751195171,248126.5780811487
2014-09-25,244618.23851698742,245172.65608164505,262630.5346068954,272546.64648957696,248303.0004581343
2014-09-26,244685.8673030755,245480.81432807262,263191.68271330156,273856.6310758666,248532.47836296033
2014-09-29,244812.55050725292,245699.5015077958,263310.251291501,274127.4769611008,248970.50499653083
2014-09-30,244682.53524878394,245376.9895604871,263219.03588317597,273730.70524780697,248511.79183300093
2014-10-01,245571.56446536563,246032.113779403,263949.287333956,273935.31458369637,249683.49269089423
2014-10-02,245273.76304698555,245516.18305624445,263629.19949186564,273360.8706918776,248805.29286120998
2014-10-03,245954.74233243783,246180.4838346871,264361.1409015954,274100.51170835097,249561.83866299945
2014-10-06,246081.4788700107,246309.39227246578,264497.3619614089,274244.040018184,249696.34968006652
2014-10-07,246465.5894285113,246297.74687513447,264910.2180198634,274231.07388326613,250410.88446412893
2014-10-08,248155.48153164904,248323.78949843993,266726.57577800035,276486.89575484826,252042.0213697061
2014-10-09,246871.4020826597,246842.61183058424,265346.40028341976,274837.73352083925,250625.72408027158
2014-10-10,246324.92332137676,245706.2829309677,264759.02494988794,273572.53033331514,250253.87409779453
2014-10-13,246476.48600737294,245477.13896573352,264921.9300608368,273317.3985001689,250397.3246828843
2014-10-14,246917.9165099665,245828.31754389024,265396.395688894,273708.40523829206,251030.26092286664
2014-10-15,247288.23239946598,246341.7016364588,265794.4247332364,274280.0136789127,251867.58808153003
2014-10-16,246522.1513938406,245413.77232591962,264971.0128862047,273246.8452697598,250778.28686662667
2014-10-17,246729.6740291911,245862.29134659696,265194.0657947354,273746.2321064562,250837.50151525033
2014-10-20,247675.43112714784,247189.91246364478,266210.6000687267,275224.4225050988,252096.88903639943
2014-10-21,248419.42233141334,248627.00362269825,267010.26899039577,276824.49825412774,252815.73136387463
2014-10-22,247998.299419557,248199.41706011118,266557.6307026263,276348.41788504604,252532.8375694377
2014-10-23,247998.11334666357,248572.12237850353,266557.4307046838,276763.3927721551,252349.83851413513
2014-10-24,248462.39434137926,249320.50027363456,267056.45687632024,277596.6463299163,253000.82750969616
2014-10-27,248730.6339336187,249555.989800248,267344.7705878874,277858.8433925805,253288.29720848144
2014-10-28,248744.40086086627,250232.75596558853,267359.5677841495,278612.36353088403,253487.67120242276
2014-10-29,248064.825217535,249374.4710202594,266629.1350602414,277656.7380522037,252928.1979158519
2014-10-30,248326.81112129125,249713.1463300121,266910.727079002,278033.8234907413,253243.3834015707
2014-10-31,248715.69251168024,250443.2674157208,267328.7110018316,278846.74968247063,253683.89943383352
2014-11-03,248555.30886547465,250543.59734933326,267156.32480065164,278958.45831881114,253762.55218734598
2014-11-04,248673.10767804048,250472.60195842604,267282.9392671646,278879.41113898,253880.45618193052
2014-11-05,248435.30205345972,250409.97227090344,267027.33709568053,278809.6784407146,253751.24845904735
2014-11-06,247691.06889778958,249667.19862440997,266227.40811580414,277982.66472534614,252802.99988970344
2014-11-07,248878.94236491856,250560.17607941278,267504.1779070225,278976.91728975595,254148.0562207734
2014-11-10,248293.61006521445,250503.3112817125,266875.0413712154,278913.60329384106,253588.49780981755
2014-11-11,248253.37082818025,250447.2707658552,266831.79076945636,278851.2070639141,253581.9384226039
2014-11-12,248033.29073369657,250066.34209457625,266595.24064517044,278427.0761901115,253234.20885976093
2014-11-13,248311.40317968497,250785.6470756276,266894.16606056684,279227.9595920344,253933.77447717663
2014-11-14,248466.35078412262,250814.50925361112,267060.7094054955,279260.0951115974,254229.59957098347
2014-11-17,248167.32274609373,250742.72237209446,266739.3031478026,279180.1666759588,254032.16586961044
2014-11-18,248658.4170001932,251463.79269028883,267267.1491900167,279983.015626924,254756.74908358217
2014-11-19,247477.14503296968,250383.3150730581,265997.47493202577,278779.9979743499,253546.30729251535
2014-11-20,248250.67566307876,251027.60576782993,266828.89390756056,279497.35950673063,254346.677168695
2014-11-21,249121.7718411243,251748.1014752331,267765.1798977363,280299.56867866276,255253.91062165884
2014-11-24,249682.54405845774,252444.14144808744,268367.9183599198,281074.54852173175,255850.9666145394
2014-11-25,250457.19852156294,252990.02033704155,269200.5452722084,281682.33708588773,256751.4673205828
2014-11-26,251421.13587730983,254046.41352625136,270236.62035133207,282858.53882705444,257741.31281140776
2014-11-28,252239.40695395376,254990.4054350823,271116.1279930102,283909.5915393923,258936.73134568465
2014-12-01,251278.9737863502,253973.62455144763,270083.8193432984,282777.4946478829,257797.8016657108
2014-12-02,250574.03087090954,253851.14681023758,269326.1209487519,282641.1263581809,257137.00906474952
2014-12-03,250713.69659631152,253923.8289014207,269476.23877190094,282722.05153175676,257420.52171099524
2014-12-04,251277.44017288642,254592.6839761567,270082.17095953017,283466.7633602012,258431.02296320754
2014-12-05,250179.28891821878,253442.48493633093,268901.8378794952,282186.11698047275,257187.04567209206
2014-12-08,250985.34642293627,254030.98389756095,269768.2179279489,282841.35928035097,258358.336638279
2014-12-09,251664.26071752666,255000.37985224574,270497.9398100736,283920.69718353555,259421.3795469629
2014-12-10,251610.16602631644,254964.05357421725,270439.79686007625,283880.25103914196,259820.05969886924
2014-12-11,251550.33618551138,255020.55641271145,270375.4895618099,283943.1620250292,260105.38737929086
2014-12-12,251854.35146331825,255269.4007332001,270702.2562869821,284220.2284866723,261097.3602111376
2014-12-15,250971.44870168608,253483.58126286644,269753.2801495154,282231.87415812246,259561.40207164022
2014-12-16,250943.70335828833,253489.45659506312,269723.45844099385,282238.4158284307,260290.38533821143
2014-12-17,251663.831461307,254612.4265964718,270497.47842980956,283488.74504715926,260654.62451187437
2014-12-18,252123.24191392347,255201.52724196255,270991.2695648943,284144.6572700191,260075.98135386233
2014-12-19,252518.40441418067,255916.33525351013,271416.00465403654,284940.53368835454,261428.63795516654
2014-12-22,253519.65561714178,257050.30501336904,272492.18601908674,286203.1101793807,262405.4632621167
2014-12-23,251818.5496978872,255461.61122308043,270663.7752417871,284434.2381141263,259975.828306817
2014-12-24,252054.689361481,255353.31179912953,270917.5867775508,284313.65614491305,260209.52658154507
2014-12-26,252570.93602158708,256072.8148641832,271472.4675444677,285114.76009610755,260995.12999467817
2014-12-29,253278.23232854123,256922.26406727827,272232.6954501738,286060.54774593184,262105.57588201936
2014-12-30,253261.7062544884,256767.08390798382,272214.93262214377,285887.768164029,262143.29334486477
2014-12-31,252519.05106245948,255462.89022447058,271416.6996952263,284435.66217069677,261224.87542528447
2015-01-02,253810.96122487294,257013.6649243289,272805.2919266229,286162.3146337773,263103.8017115198
2015-01-05,254346.42840969807,257250.5164335945,273380.8316155646,286426.0281454145,264097.11778135627
2015-01-06,255152.70333391931,257926.7440764971,274247.4453544425,287178.94868592086,265575.6787000449
2015-01-07,256359.09593253673,259673.10228612673,275544.12018462195,289123.3663401123,266925.5761529136
2015-01-08,256603.43403268632,260571.41528019035,275806.7436994553,290123.55956222187,266988.5446028422
2015-01-09,257028.02877746322,260846.45334298245,276263.11364006135,290429.7904728785,267780.3439653617
2015-01-12,257396.17286365153,261146.40811516833,276658.80835087685,290763.76396770973,268324.56804331945
2015-01-13,257489.06811811382,261154.92413356315,276758.65556350263,290773.2458119379,268331.6294159776
2015-01-14,258162.30116230948,261975.99436955282,277482.27103018743,291687.43595539534,269405.2614968419
2015-01-15,258956.4751993457,262450.07063708955,278335.878293517,292215.2785589052,270616.8921417672
2015-01-16,258605.13870176484,262757.574845086,277958.2489928577,292557.6576925042,270206.89877895464
2015-01-20,259017.51699382355,263064.3019641571,278401.48824385914,292899.17160531564,271154.4748308225
2015-01-21,258755.17574435828,262702.85526150063,278119.514286551,292496.73220552976,270248.89233135374
2015-01-22,259928.17761112863,264686.14079223434,279380.2995384978,294704.9477812329,271707.7270091197
2015-01-23,261017.68850722618,265533.65854548186,280551.3456455404,295648.58492999664,273139.65159493533
2015-01-26,261092.14518896086,265693.9478756805,280631.3744067038,295827.053128387,273112.3586879011
2015-01-27,260269.11142647054,264236.5009875942,279746.7476563141,294204.31304928125,271985.7169978885
2015-01-28,261108.0565753137,264523.62554420426,280648.4765459416,294524.0012173478,273082.3963440082
2015-01-29,261100.21377470036,264884.60213178897,280640.0468173731,294925.91718497645,273036.32690011314
2015-01-30,261511.87206695625,264246.4436549617,281082.5121862875,294215.3833427941,273440.12851964677
2015-02-02,261653.64411580522,264342.4718262283,281290.39467226295,294406.79123391345,273311.51074879005
2015-02-03,260519.29545879862,263620.18639352743,280093.3328781049,293888.4512297526,271982.00195054663
2015-02-04,260799.39917417025,263868.6644215308,280304.56849034864,293989.24022481043,272262.47687903146
2015-02-05,260636.74821230967,263991.7859111794,280460.2216145007,294866.77574102,272029.08564708725
2015-02-06,257331.0612250868,260391.91253165551,276472.17278275586,289950.3832980981,268191.70709485933
2015-02-09,257081.11894401914,259957.4283520115,276272.52469940396,289479.90800187277,267746.2144918899
2015-02-10,256843.66045877014,259917.14132976328,276229.53514021786,289918.8371387165,267463.1961317226
2015-02-11,256531.56649996425,259392.79858820973,275949.8874308482,289309.1273490188,267043.2860417325
2015-02-12,257259.51448401387,260159.43890238486,277120.9222402167,290853.7714611094,267639.05217030534
2015-02-13,256774.5720009253,259899.37814809743,276611.894824219,290721.1524319253,267084.5849822115
2015-02-17,255376.4545947884,258394.24998897864,275071.98137075535,288926.1312157108,265251.6546286488
2015-02-18,256478.66178705244,259591.2626444278,276269.9071885404,290331.0932120346,266520.5368292183
2015-02-19,255761.64917842782,258573.8117618364,275322.53933242854,288718.4022661618,265392.8798444136
2015-02-20,256140.6229047714,258955.8117432647,275852.25037589547,289355.1069148009,265829.62632967066
2015-02-23,257006.76950361708,259830.35510074373,276917.6382797925,290561.3190534856,266975.874730516
2015-02-24,257683.62530111353,260083.66190899213,277348.0416836742,290074.08409260813,267611.35014418873
2015-02-25,257931.46037112118,260340.54516374881,277551.9087250318,290255.9261646235,267978.74984094966
2015-02-26,257052.8996572637,259675.84631527777,276368.51670865313,289233.60643990315,266950.05293706036
2015-02-27,257903.87449720904,260638.0807567165,277063.6424938556,289985.4012954148,268084.4312442493
2015-03-02,256536.23369236884,259630.8253206656,275926.839899335,289667.71586994646,266590.69398549985
2015-03-03,256037.19729919417,258914.2291091434,275390.0832276495,288868.21608968603,265812.52304135
2015-03-04,255502.7810454047,258153.72285746978,274815.2724651441,288019.72628284193,265190.5165728489
2015-03-05,255859.6517198433,258524.51220780957,275199.1176476873,288433.4125392761,265439.86904604
2015-03-06,252276.9568729396,254383.4882307279,271345.620411834,283813.3103024851,260892.08573371114
2015-03-09,253442.60776548664,255648.80682413426,272599.37845831737,285225.0145804617,262393.66609962087
2015-03-10,253119.37192157606,254885.4473048899,272251.7104362656,284373.34140931966,262387.8710355687
2015-03-11,253532.5226151813,254774.73553839026,272696.08963232656,284249.8213131128,262645.7802154818
2015-03-12,254448.9743154923,256397.58277321444,273681.812459654,286060.41699695267,263977.4808853035
2015-03-13,253855.2141363899,255874.66179485386,273043.17218837654,285476.99888704566,263389.2623583497
2015-03-16,255159.41118257036,257821.70835395227,274445.9485696271,287649.3007651832,265491.08011919016
2015-03-17,255534.8818139101,258171.18257708356,274849.7996096514,288039.2059308923,266188.7048707713
2015-03-18,258838.44047540956,261605.08855656098,278403.06180879445,291870.3831432239,270022.5294054776
2015-03-19,258012.67056773062,261067.6577508761,277514.87506873714,291270.7765528716,269317.03477137553
2015-03-20,259857.19010982616,263611.35707660514,279498.8148851816,294108.75841667305,271720.16343701974
2015-03-23,260053.00005371272,263565.6137212099,279709.4253640985,294057.72297719016,271620.9778616059
2015-03-24,259955.37796477225,263174.91004830546,279604.42438970204,293621.8184948451,271774.3904564895
2015-03-25,257629.85578654168,259929.77803472863,277103.12476228,290001.25465421384,268617.1044518934
2015-03-26,256237.38951086404,258643.6873417828,275605.4072134409,288566.3751364713,266763.2599461807
2015-03-27,257148.46895496396,259498.79309204844,276585.3517159754,289520.4087309059,268092.4025744689
2015-03-30,258347.74031064613,261163.61671778234,277875.2714695802,291377.8370867148,269252.4842367379
2015-03-31,257935.79316125775,260215.83791081829,277432.1867891035,290320.40901813266,268560.8921457314
2015-04-01,258251.24551176754,260293.63680706226,277827.44743175985,290492.90312459675,269269.49315418047
2015-04-02,257928.04953793035,260003.39521474397,277707.57058240345,290553.8036873775,268626.87015104474
2015-04-06,258914.1455254521,261224.5253160213,278757.8152968117,292031.6938261015,269518.0891820885
2015-04-07,258859.07000216548,260820.47438760396,278471.8848386557,291014.85610351193,269460.21042564523
2015-04-08,258952.81328686344,260977.5916332906,278837.42251406796,291649.42429196485,269611.79917784425
2015-04-09,257845.0626823004,259933.97871945886,277578.7735370678,290420.05377510475,268209.4474231572
2015-04-10,257992.81851788066,260008.0336888285,277882.56043247523,290690.93858638377,268328.4263119938
2015-04-13,257960.63043206354,259994.09236462592,277811.3591523218,290627.63969672093,268365.96036168374
2015-04-14,258454.16740424855,260456.256757587,278275.1621161622,291015.48988735717,269034.12233933574
2015-04-15,258784.9425801261,260846.17658754982,278463.02789464575,291214.84020146885,269352.496253104
2015-04-16,258878.78085542907,261025.90410292926,278491.140083019,291348.272153727,269333.40519424493
2015-04-17,258910.399650807,260822.6439681001,277935.8237667661,290042.46290081606,269565.97986329807
2015-04-20,259054.8127159904,261234.43336589495,278396.4295186993,291141.6345575009,269615.43022850936
2015-04-21,258870.18439152962,261005.7677330352,278466.87267229415,291292.18876597314,269247.3301937572
2015-04-22,258014.3008040468,260431.6084439231,277670.06263022206,291016.70784149156,268183.1882851566
2015-04-23,258753.5387499224,261205.46168940386,278496.38001741626,291946.79569222894,269028.0952297969
2015-04-24,259945.4063135077,262655.492311893,279810.1835895333,293760.28353331186,270546.2764779224
2015-04-27,259677.83464978932,262358.57902140496,279407.98272209754,293229.4944745979,270281.4623912217
2015-04-28,258482.09119903654,261271.04589823843,278228.6768458726,292256.06278680864,268811.43081131164
2015-04-29,256844.55487811752,259792.48428715774,276041.4667971915,290022.64619295887,267052.3809804491
2015-04-30,256012.6282326908,258582.24770397306,274688.2877234886,287720.49155356677,266037.83566656936
2015-05-01,255613.00567441783,258623.62826922367,274496.9534507125,288406.3840525885,265560.11321671214
2015-05-04,255088.22761062588,258092.66934349964,274244.02392731106,288140.6379729059,265014.9135635625
2015-05-05,254075.93779858373,257068.45673209685,272551.15337504103,286361.98553792736,263963.23078089353
2015-05-06,252431.6317201073,255404.78393548506,271051.81716103654,284786.6742984976,262254.9369982238
2015-05-07,253425.64073457604,256410.50043717847,272349.3494438903,286149.9557090382,263287.627591272
2015-05-08,254846.26191826485,257847.85376727348,274120.7903553195,288011.15985504276,264763.53184498195
2015-05-11,252699.3441443973,255675.64948991936,271926.40603173175,285705.5807218985,262533.06737549626
2015-05-12,252660.18299633687,255636.02709992454,271691.3748022693,285458.63988639344,262492.3822824777
2015-05-13,252467.84398622028,255441.4227114553,271612.26352068613,285375.5198430839,262292.5584543912
2015-05-14,253714.51734651075,256702.779452104,273473.6855057284,287331.26462332037,263587.74575454247
2015-05-15,255167.88672209793,258173.26668391764,274832.9621836179,288759.419168094,265097.67258674063
2015-05-18,254124.3901951884,257117.4798034198,273917.4868569542,287797.55447220814,264013.5686887555
2015-05-19,253122.6612300261,256103.95242507255,272984.21148894023,286816.9877634319,262972.85772532434
2015-05-20,253649.10285407634,256636.59450454966,273449.7647552906,287306.131750074,263519.78567570745
2015-05-21,254915.21881764263,257917.62284441508,275013.5306991808,288949.13753105776,264835.17218252085
2015-05-22,254787.2749274519,257788.1720247719,274499.57051115995,288409.1337258764,264702.24939216906
2015-05-26,254987.66688573422,257990.92420942782,274713.7794826637,288634.19718879065,264910.43954661285
2015-05-27,255616.17585902242,258626.83579241903,275965.79010471015,289949.65024486504,265563.4067681505
2015-05-28,255548.51066846016,258558.37363790316,275954.02318372915,289937.28706527816,265493.108405909
2015-05-29,255635.5397744204,258646.42777696814,275556.6030856831,289519.72872087243,265583.5242248184
2015-06-01,254501.56362387468,257499.0955993619,274807.2881408476,288732.4441589132,264405.41971433215
2015-06-02,253694.8755974174,256682.90636152067,273936.2375045771,287817.2552609112,263567.33965235983
2015-06-03,254455.4333701623,257452.42202124489,274757.47732733644,288680.10930990725,264357.49431489385
2015-06-04,252519.43170908824,255493.61803706904,272667.00936030183,286483.7122287335,262346.1536988478
2015-06-05,251920.1390457853,254887.2668752039,272019.9013847753,285803.8137126769,261723.5397317033
2015-06-08,249361.8368281175,252298.83284776952,269257.4818354753,282901.415622518,259065.68190958694
2015-06-09,248946.8744011127,251878.9829728219,268809.41111393715,282430.6400639038,258634.57133755117
2015-06-10,252358.0712103706,255330.3570264348,272492.774513041,286300.6484765033,262178.51390213595
2015-06-11,252726.84615009767,255703.47541560023,272890.97262105136,286719.02425453713,262561.63961394015
2015-06-12,250652.43465003138,253604.63139451825,270651.05161347793,284365.6009824873,260406.50297931468
2015-06-15,249407.8144589888,252345.35200544613,269307.1278489417,282953.5773206588,259113.44874690965
2015-06-16,250767.70305074687,253721.2574321456,270775.5168472388,284496.37317342777,260526.25701711705
2015-06-17,251459.12267648857,254420.82063235945,271522.1022497484,285280.78988048923,261244.58304128697
2015-06-18,255123.86418046837,258128.72564262047,275479.2397231129,289438.44516789843,265051.93692040246
2015-06-19,253862.5890218944,256852.5951229875,274117.3321536986,288007.52641790523,263741.5795971332
2015-06-22,255733.7450533703,258745.78972253986,276137.78070174064,290130.35602522816,265685.55113431625
2015-06-23,255941.63644075807,258956.12966494728,276362.2589626299,290366.20914748544,265901.5325560198
2015-06-24,254624.90195731155,257623.8866177766,274940.4671769721,288872.3717018511,264533.5577239966
2015-06-25,254116.66789655993,257109.66655117713,274391.68302811566,288295.779320743,264005.5458790684
2015-06-26,252430.24273633995,255403.37859219848,272570.70433417935,286382.52719188365,262253.4939625475
2015-06-29,246470.07278057438,249373.00946057186,266134.9947885079,279620.70453576045,256061.38568516204
2015-06-30,247347.88305096864,250261.15862364895,267082.8422456093,280616.5817369446,256973.3556930012
2015-07-01,249311.54760198604,252247.95131265098,269203.18022074614,282844.3624124354,259013.43569249872
2015-07-02,249380.8383718303,252318.0581926018,269277.99944104074,282922.97290523513,259085.42289297847
2015-07-06,248803.33261908958,251733.7505486066,268654.4166718953,282267.7916751855,258485.44366783503
2015-07-07,249427.08309267348,252364.84758604912,269327.93385458534,282975.43761739007,259133.4672140035
2015-07-08,245083.97121586313,247970.58232323016,264638.3013825333,278048.17002189386,254621.3443716014
2015-07-09,244945.40875402984,247830.3878658836,264488.6835419498,277890.97068015253,254477.38979090645
2015-07-10,248687.79712840222,251616.85427520846,268529.6630380562,282136.71647023095,258365.4121463304
2015-07-13,253054.01228777898,256034.49493219604,273244.242116875,287090.1947779465,262901.5373289805
2015-07-14,254717.25785401202,257717.33028678584,275040.19180402224,288977.14961915393,264629.5076241956
2015-07-15,254994.5735562299,257997.91222702942,275339.6334852451,289291.764741218,264917.61498822994
2015-07-16,258598.41854662407,261644.20348156276,279231.01574077364,293380.33283341327,268661.7025832233
2015-07-17,262410.0595351304,265500.7381657283,283346.7732571634,297704.645828575,272621.67249859794
2015-07-20,263311.08755522186,266412.37853830424,284319.6909210651,298726.8636051274,273557.7637682719
2015-07-21,263149.3645772567,266248.750779124,284145.06467369816,298543.38861959236,273389.7473865356
2015-07-22,260169.28913830154,263233.5758645882,280927.2202008652,295162.4881134598,270293.70315797505
2015-07-23,259198.9321926555,262251.79000695125,279879.44211665774,294061.6165563914,269285.5850472925
2015-07-24,256657.85727817312,259680.78618672927,277135.6243724035,291178.76287014165,266645.6249239738
2015-07-27,254532.52698275598,257530.42364621206,274840.72194991645,288767.57214069023,264437.5880035333
2015-07-28,256727.12897016222,259750.873764125,277210.42299269245,291257.3517190832,266717.59230418905
2015-07-29,257697.39052653254,260732.56310898665,278258.09807687195,292358.11505686084,267725.6113135494
2015-07-30,258921.76911327871,261971.36248714803,279580.16523547965,293747.1745851925,268997.63624537375
2015-07-31,258621.46459562515,261667.52096806615,279255.90054752363,293406.47861405805,268685.645462678
2015-08-03,257637.93425205385,260672.40655557305,278193.89800941537,292290.66181529174,267663.84131503006
2015-08-04,256581.68746451166,259603.71924124358,277053.37725520524,291092.34809077263,266566.4909836398
2015-08-05,256550.89028311818,259572.55932912786,277020.1228823023,291057.40863763005,266534.4953386763
2015-08-06,255828.9154454627,258842.08103620657,276240.5443822062,290238.3269922003,265784.4250551963
2015-08-07,256410.01286494048,259430.0226497669,276868.0053836967,290897.5829740937,266388.1357157681
2015-08-10,256639.4973294786,259662.2099936529,277115.79955231474,291157.9334780321,266626.5505030886
2015-08-11,256722.91809185085,259746.61328988103,277205.87614420574,291252.574470686,266713.2175607438
2015-08-12,256944.26912370574,259970.57140511234,277444.88794407476,291503.69758181553,266943.1824051574
2015-08-13,256352.54744448885,259371.88039875738,276805.9550130376,290832.3883597056,266328.4340447952
2015-08-14,256300.76305196458,259319.48608710247,276750.038938201,290773.6388808815,266274.63447733846
2015-08-17,257300.7447382714,260331.24560705762,277829.8054099332,291908.1197551453,267313.53016705357
2015-08-18,256597.049809442,259619.26252463055,277069.9653039766,291109.77669646207,266582.4511498615
2015-08-19,257112.85738431336,260141.1453065728,277626.92722921807,291694.9612418442,267118.3312300611
2015-08-20,255282.67239861804,258289.4043118001,275650.718652919,289618.6133536099,265216.92511527275
2015-08-21,252368.40357777633,255340.8110889734,272503.93126126064,286312.37056438567,262189.24835068587
2015-08-24,249514.69030581147,252453.48664126653,269422.53091843525,283074.8281453502,259224.48363696743
2015-08-25,248287.61534112907,251211.95912709652,268097.55224801635,281682.7095717977,257949.657398425
2015-08-26,251296.23656182698,254256.01603700104,271346.2200633737,285095.9953144515,261075.35825972006
2015-08-27,253258.4546616646,256241.34523844998,273464.9961804203,287322.13498869055,263113.93551980087
2015-08-28,253275.068355281,256258.15460896963,273482.9354182926,287340.9832515305,263131.19573058735
2015-08-31,251970.03158841204,254937.74705465965,272073.774666112,285860.41688466846,261775.37382846113
2015-09-01,250108.60469996717,253054.39618846512,270063.8315129061,283748.62500617886,259841.51004114785
2015-09-02,249428.4579035237,252366.2385894893,269329.41835643316,282976.99734256964,259134.89552522774
2015-09-03,250038.23610129353,252983.19878496378,269987.8484678654,283668.79171479243,259768.40306843581
2015-09-04,250811.81537613028,253765.8893146741,270823.1487294937,284546.4186794125,260572.08596111857
2015-09-08,249709.9775658919,252651.0740043333,269633.3994160075,283296.38186436566,259427.370445328
2015-09-09,249803.6590164902,252745.8588396797,269734.5553579257,283402.66362475423,259524.69748297834
2015-09-10,249241.07236849022,252176.64601837716,269127.082032891,282764.40814366704,258940.2179353008
2015-09-11,249897.63470696716,252840.94138047664,269836.02901601803,283509.279200771,259622.3302107687
2015-09-14,250132.00808723908,253078.07522198727,270089.1021686063,283775.1761876819,259865.82416459077
2015-09-15,248162.45687482916,251085.3265382043,267962.4078574594,281540.7170851214,257819.62842594396
2015-09-16,248092.20144533963,251014.2436367993,267886.5470109472,281461.0121843612,257746.63902636274
2015-09-17,250155.34357300057,253101.6855542516,270114.29950518947,283801.65033480944,259890.06774415527
2015-09-18,251327.77632028086,254287.9272722865,271380.2762607735,285131.7772224952,261108.12537891942
2015-09-21,249897.63470696716,252840.94138047664,269836.0290160181,283509.27920077107,259622.33021076873
2015-09-22,251140.30024990012,254098.24309949722,271177.8421784086,284919.0853110917,260913.35373048793
2015-09-23,250858.75795369508,253813.38478423396,270873.83667912846,284599.6751111704,260620.85529576143
2015-09-24,251234.04960200886,254193.0966361014,271279.07143944385,285025.44410585606,261010.75131201668
2015-09-25,250577.44199585827,253528.75547316333,270570.0755769054,284280.52169250156,260328.5920072965
2015-09-28,252007.90048288746,254976.06197084291,272114.6649775407,285903.37920797913,261814.71638021333
2015-09-29,252875.36491285393,255853.7434396731,273051.34113843867,286887.5190361151,262715.9379421819
2015-09-30,252922.21695507152,255901.14730755595,273101.9313292506,286940.67275537207,262764.6132183201
2015-10-01,253119.47084295854,256100.72446146858,273314.92336448067,287164.45761688135,262897.24374614743
2015-10-02,254340.56633940196,257336.2020809277,274633.44548733317,288549.7924738436,264254.7299011794
2015-10-05,252931.58736351505,255910.62808113257,273112.04936741304,286951.30349922343,262207.1151927685
2015-10-06,253448.2725904439,256433.3988521615,273669.95896927547,287537.483742314,262906.6200894221
2015-10-07,252814.27618727655,255791.93520807126,272985.37837273756,286818.2137760791,262189.5367826613
2015-10-08,252156.60479079545,255126.51772542764,272275.2338440308,286072.08449083805,261090.94675775713
2015-10-09,252297.52305883725,255269.09573578447,272427.395451758,286231.95649861277,261385.19565803674
2015-10-12,253143.0326670882,256124.56379792557,273340.3650981209,287191.1885452612,262567.1617193438
2015-10-13,253377.81345642288,256362.109846983,273593.8781654118,287457.54773842654,262866.80319472426
2015-10-14,254763.29850969056,257763.9132115789,275089.9058708088,289029.3828190424,264541.6232295227
2015-10-15,253894.38551416757,256884.7661159156,274151.66556874564,288043.5995908908,263530.95849617565
2015-10-16,253683.03074594168,256670.92200079962,273923.44759686064,287803.817257354,263395.3690198555
2015-10-19,253565.69693586635,256552.20622731908,273796.75216247945,287670.7018560844,263108.20158423606
2015-10-20,252696.7839403434,255673.05913165578,272858.51186041627,286684.9186279327,262009.51232950494
2015-10-21,253565.69693586635,256552.20622731908,273796.75216247945,287670.70185608434,263378.59069046477
2015-10-22,253823.9716478203,256813.52291157574,274075.6336442935,287963.7149432539,263695.74507420324
2015-10-23,252391.63455233502,255364.31567909697,272529.0157480845,286338.72614338103,261998.20954244112
2015-10-26,253048.92117359018,256029.34385461302,273238.7448017942,287084.41890049283,262972.5194589369
2015-10-27,253683.03074594162,256670.92200079962,273923.4475968606,287803.8172573539,263631.05974840466
2015-10-28,252367.95955902123,255340.3618405436,272503.45181591576,286311.86682437477,262348.77215484006
2015-10-29,250818.22075195023,253772.3701333265,270830.0651662085,284553.6855888566,260032.58728815825
2015-10-30,251311.23098556526,254271.1870658021,271362.4108359021,285113.006512941,260943.29517466185
2015-11-02,250482.16324786365,253432.35452737304,270467.1948952269,284172.42779557925,259980.67488663606
2015-11-03,249671.95506760306,252612.6036751833,269592.34324529365,283253.245277275,258885.28412953057
2015-11-04,249263.6079368842,252199.44701180773,269151.4156297023,282789.9747832202,258604.39139649336
2015-11-05,249277.87130631093,252213.87837590344,269166.81701983954,282806.15659938625,258481.53054755594
2015-11-06,246500.02675990935,249403.31623935344,266167.3386834249,279654.6873747752,255422.17180364885
2015-11-09,244761.0106771454,247643.81793934986,264289.5730346293,277681.7707574527,253691.96528798447
2015-11-10,245575.10932765037,248467.50508393458,265168.6255608253,278605.3670206732,254517.34607159274
2015-11-11,245518.38036184557,248410.10796157108,265107.37040376506,278541.00791529793,254364.4543243151
2015-11-12,244750.9133580328,247633.6016935145,264278.6700883239,277670.315332247,253967.38017319457
2015-11-13,243714.6095646358,246585.09226289942,263159.6835049079,276494.62696751504,253390.09202704424
2015-11-16,245227.93342140364,248116.24012273166,264793.749792107,278211.49538178666,254607.4526678424
2015-11-17,245217.11897278737,248105.2983010059,264782.0724992265,278199.226371975,254682.37245807605
2015-11-18,246551.87690060906,249455.77707356904,266223.325752237,279713.5114450129,255900.19354191585
2015-11-19,247072.0524155476,249982.0792413921,266785.00411908893,280303.6514256135,256669.9115021907
2015-11-20,247935.8792963396,250856.08031781414,267717.7525044169,281283.6644482048,257235.42605695067
2015-11-23,248115.1156964943,251037.42777313478,267911.28950419516,281487.00844013167,257540.52073086705
2015-11-24,247896.5625854312,250816.30053274444,267675.29886071617,281239.05957476026,257354.15313595865
2015-11-25,248256.4954720796,251180.47272669376,268063.94944142044,281647.4040289765,257771.7518420735
2015-11-27,248982.59074186094,251915.1199823938,268847.97712745616,282471.16031145665,258326.6981252254
2015-11-30,248481.01051783722,251407.6321217396,268306.3776999857,281902.116719103,258110.92875549657
2015-12-01,250430.64838797835,253462.0238641653,270411.56985802675,284205.6958740891,260490.39080072776
2015-12-02,249173.7401948356,251778.13003464066,269054.3776778245,282317.5541702471,259164.49515316766
2015-12-03,245947.66091230954,248566.7298426634,265570.9016380915,278716.62724487775,255025.32446506794
2015-12-04,248041.97648430942,251163.14354971377,267832.3147887902,281627.97290976025,257594.78112953808
2015-12-07,248294.49096433245,251306.83723290561,268104.976451388,281789.0959158881,258266.46214167104
2015-12-08,248202.68325018024,251359.0499146969,268005.8437443141,281847.6417340573,258336.53486764137
2015-12-09,247696.28115626806,250568.26368524748,267459.0377280551,280960.9371019316,257643.48013471934
2015-12-10,247213.52888529675,250141.07709782897,266937.76846534235,280481.9349244281,257377.67540062452
2015-12-11,247372.9041586294,250132.30837672466,267109.85969353607,280472.1026014419,258274.746760476
2015-12-14,246338.41516580275,249583.0532617271,265992.8327068164,279856.2255963173,257089.7471272245
2015-12-15,246592.70016105176,249987.17674636946,266267.4061474046,280309.36723237316,257075.46108234496
2015-12-16,247318.95468370494,251207.99542865032,267051.6057925011,281678.2650966136,257928.37014619127
2015-12-17,247233.19498411575,250889.29822850364,266959.0036483716,281320.9115248243,258324.07511447667
2015-12-18,246660.0109875174,249946.26234097127,266340.08745206986,280263.4901148461,257889.04495504647
2015-12-21,247219.6614473299,250757.15090996597,266944.39032148226,281172.73539946123,258525.21535062784
2015-12-22,247143.52418266534,250835.98571280827,266862.17835024325,281261.13246841583,258172.08986418846
2015-12-23,247523.97385677494,251325.8735250551,267272.9826758726,281810.4412147804,258130.99822184216
2015-12-24,248000.54272749295,251601.5888353408,267787.5751880346,282119.599409086,258680.72090344562
2015-12-28,248037.82707206783,251854.02616395053,267827.8343105203,282402.65611931164,259052.81596946515
2015-12-29,247828.05832916175,252315.65544024072,267601.3289069624,282920.2787110661,258462.45546887995
2015-12-30,247489.60196440102,251756.9856114099,267235.86837921746,282293.84503454895,257960.20541425594
2015-12-31,247131.8830744297,250905.82662742745,266849.60844167514,281339.4447356235,257541.1318720059
2016-01-04,246407.83103599207,249947.3520018116,266067.7870087429,280264.71194608026,257188.94927569106
2016-01-05,247224.12382451937,250775.3704137783,266949.2087349986,281193.16483768844,257647.25639235973
2016-01-06,247551.7524249886,251107.70522953087,267302.97759178013,281565.81019944395,258640.94906198498
2016-01-07,245450.1375256485,248975.9017198409,265033.6827278099,279175.4296181583,256999.41869077252
2016-01-08,244797.40001314273,248313.78797078866,264328.86573916214,278433.00479282025,256698.1863440132
2016-01-11,244740.43118019422,248256.0008100388,264267.35157685913,278368.208339359,256065.5796528712
2016-01-12,245630.31436387965,249158.66670510374,265228.2351996889,279380.36307929835,257572.2866186345
2016-01-13,243910.3656882375,247414.01185688595,263371.0582748618,277424.0903500015,256673.50472522524
2016-01-14,244479.82671552894,247991.65289711303,263985.9544601094,278071.7963506888,256647.28116450738
2016-01-15,243401.88641715565,246898.22854423564,262822.00935126323,276845.74510893854,256585.0155418635
2016-01-19,243564.52938937861,247063.20779857962,262997.62899577676,277030.7355192208,256554.9215964605
2016-01-20,242861.38493442594,246349.9630374401,262238.3832839414,276230.9777465264,256531.46662440017
2016-01-21,242803.40928690726,246291.15459974975,262175.78197711264,276165.0361403551,256120.1193089653
2016-01-22,245148.03931450527,248669.46402424385,264707.48123429297,278831.82256732095,257874.4350984032
2016-01-25,244651.98793860013,248166.28712705246,264171.8517809805,278267.6128366724,257752.86383696733
2016-01-26,246194.69454870617,249731.1539191934,265837.64516112156,280022.2901205917,259065.10284713868
2016-01-27,244197.00961828724,247704.7732786398,263680.57244820264,277750.119673618,257388.15603183376
2016-01-28,244677.33334823576,248191.99661038013,264199.21940571966,278296.4407513569,257865.48038631384
2016-01-29,247443.94508315905,250998.349291031,267186.56870678935,281443.1899341849,260629.14775645742
2016-02-01,247162.28358214014,250712.64186832233,266975.3104334489,281220.6592784086,260214.69663367153
2016-02-02,247863.22216681627,251423.64907300042,267684.3117676525,281967.4917188703,261439.92376971553
2016-02-03,248409.3259490086,251977.59735339097,268480.85972763936,282806.542124283,261688.97414425988
2016-02-04,249008.99519828643,252585.88054107918,269618.1832982277,284004.55134773697,262396.52070545044
2016-02-05,248824.4978427854,252398.73297655198,269865.4202288718,284264.9804208254,262261.740272876
2016-02-08,249223.02966123642,252802.98949831707,270491.98346479266,284924.97600618197,263304.1940418577
2016-02-09,248463.31220246194,252032.3590914349,269489.8678353346,283869.38918981364,262630.58391416847
2016-02-10,249528.0951922181,253112.4371377664,270776.3944951662,285224.5627257847,263897.74670686736
2016-02-11,251191.51567829473,254799.75179823136,273281.718893777,287863.56697655143,265667.56484057417
2016-02-12,250243.81102164273,253838.43385466584,272245.446223302,286772.00055750675,264259.14728534425
2016-02-16,249048.27115954444,252625.72068119358,270799.3726153544,285248.7669194154,262814.2584851445
2016-02-17,249060.99196087217,252638.6242102488,271201.7420417696,285672.6060946044,262633.547558396
2016-02-18,250755.47440578317,254357.4470185109,273933.19212295755,288549.80171007395,264592.2466932269
2016-02-19,250801.87257278254,254404.51167116614,273844.6135964268,288456.4967839052,264661.84622320917
2016-02-22,250675.9321468725,254276.7621762177,273053.8133789657,287623.5008107913,264527.94439582556
2016-02-23,251584.43426714384,255198.31445925645,274172.02593390783,288801.3792872828,265500.0018621701
2016-02-24,251911.35073337448,255529.92691133067,274319.6190990817,288956.84777291847,265741.3286063397
2016-02-25,253214.55116655544,256851.84714427005,275978.93926448753,290704.70644236536,267065.68913634314
2016-02-26,252172.11179088242,255794.43366647427,274495.6870092127,289142.3103675098,265790.3372894682
2016-02-29,253002.22522765296,256636.4712531434,275379.2890213968,290073.05988139816,266699.4483408376
2016-03-01,252448.77855392444,256136.2352384962,274925.1214416526,289701.933350032,265681.9785699575
2016-03-02,252921.0090672707,256601.0288197387,275401.27317635913,290143.25250557496,266237.37612339633
2016-03-03,253900.21255631093,257510.44830901365,276732.29312183533,291568.49940876086,267184.1304130503
2016-03-04,253380.1053248486,256797.75773032426,276318.24309894897,290849.7086730522,266328.50155963644
2016-03-07,253117.5279026694,256317.89674120152,276461.7446171546,290869.95866715326,265880.3103672719
2016-03-08,253938.96293370947,256946.88222072396,277273.25403932703,291217.9244850415,266805.2339942983
2016-03-09,253496.9103535896,256438.9105989932,276627.61665362446,290282.9426588918,266147.2622910114
2016-03-10,253500.25932818104,256034.335985908,277137.15076860914,290324.53645736683,265647.2382812749
2016-03-11,253529.4936085029,255795.3954117723,277237.78131493274,289901.1045100587,265108.7024551898
2016-03-14,253446.61455782683,255392.54607488523,277268.5440456759,289335.1364251426,264840.30799215153
2016-03-15,253261.11556222645,255167.4984300934,277245.3341179664,289365.89137173176,264664.4441067418
2016-03-16,255447.79638545174,257745.44271085388,279344.96867882716,292144.2815550346,267113.1938468015
2016-03-17,256081.3898456606,258326.01378819605,280076.8235011423,292812.4041747457,267774.76051535347
2016-03-18,256531.32535849808,258726.11857708666,280333.2540780382,292783.4230110701,268206.99050574005
2016-03-21,256020.07844962712,258130.71822798878,279442.13837952446,291425.720582182,267417.99476806616
2016-03-22,255583.86391311343,257707.550244951,279090.8337094386,291190.6748480166,267024.41131896875
2016-03-23,255820.27232483245,257540.17400668646,279329.18127123575,290548.322465667,267232.3902031342
2016-03-24,255486.7994714242,257117.48617617306,279110.3787423344,290244.08640475495,266858.4156222549
2016-03-28,255914.0877292256,257653.9372799393,279640.9177713473,291073.9216956765,267390.557209603
2016-03-29,258265.4688816594,260485.53169609737,282016.5884991275,294400.8288043326,270313.0378960398
2016-03-30,257859.20631003584,260036.6327149132,281249.3154181753,293267.65473357757,269563.2735274075
2016-03-31,258648.7132407453,260742.10394833446,282407.90558714373,294507.71838864754,270435.46341431915
2016-04-01,258774.4060766962,260595.6888392237,282510.3685099797,294003.67302816146,270383.43307296577
2016-04-04,258726.58283334196,260519.93726128616,282318.787571149,293665.9768014232,270337.4035509237
2016-04-05,259184.76163725925,260835.01299040255,282890.7465864324,294048.62729666557,271014.94944936683
2016-04-06,259071.3693238989,260762.1295540648,282982.6333344811,294355.3569831721,270686.86269372894
2016-04-07,259668.32649951955,261323.83906266274,283517.1550619601,294766.63014245965,271637.78184752626
2016-04-08,259339.84000374624,261095.6269173149,283231.48423258064,294697.49309074035,271203.17864127795
2016-04-11,259265.01460791612,260999.22880500896,283372.18704040634,294949.44388713496,271069.84037954174
2016-04-12,258746.62920134445,260677.04768939456,283023.48422168667,295080.2351256245,270530.33953990036
2016-04-13,259086.76194727255,260800.27955870065,283439.08888332796,295152.12428507063,270767.91397141136
2016-04-14,258392.52272571382,259895.24689251892,282648.2759258677,293942.6285977441,269780.49509015534
2016-04-15,259341.2248375878,260795.4538712418,283693.1495104446,294938.04465324635,270898.43716158497
2016-04-18,259516.54515883717,260929.61367489694,283969.72592031566,295205.2664456634,270863.08284492017
2016-04-19,259816.0902674411,261160.53152076688,284238.09764260595,295321.5236211624,270958.05807762383
2016-04-20,258608.36372888013,259751.62458044442,282871.3205722601,293526.6608732495,269293.7755703967
2016-04-21,258108.57380812973,259094.7309608363,282254.65781064273,292567.52525541716,268489.98405201547
2016-04-22,257789.53989519412,258537.43579299547,281844.1964371841,291683.0145630847,267897.6681499569
2016-04-25,257681.91280234003,258625.18229840652,281798.206355155,292027.3392509014,267828.990142798
2016-04-26,257536.9062040244,258464.99459142404,281627.50291914016,291816.74816039,267523.18224688916
2016-04-27,258635.7773515657,259353.95585016493,282650.5996815025,292384.08575476706,268676.62537672353
2016-04-28,259314.95815399906,260209.58496528256,283132.658891097,293025.1757243107,269592.55293581245
2016-04-29,259382.59701012942,260193.4267617165,283275.69579116226,293069.04128302756,269670.00176323944
2016-05-02,259285.81928608922,260195.85904468142,283469.59715112555,293627.059617249,269308.11200912646
2016-05-03,259865.45412003316,260838.06482537847,284264.0785195302,294680.1154545022,270393.8766371842
2016-05-04,260147.8925912815,261466.80135570982,284568.7543222322,295597.38359981746,271174.0220978328
2016-05-05,260753.70586891897,262116.74370789106,285150.9015783223,296211.6813147044,272023.8908950105
2016-05-06,260633.49658232232,262210.6851607056,285290.61281329335,296943.1802412243,271926.8300621443
2016-05-09,260583.18966005062,262262.0262089182,285163.22623358975,296933.47461968294,272103.7990638105
2016-05-10,260953.3542823282,262603.0153089729,285421.7228218335,297033.42418117245,272406.1693868586
2016-05-11,260807.88299889117,262249.32794641546,285228.0901286975,296441.57737595856,272333.73886171274
2016-05-12,260385.29937482777,261882.71722878248,284682.7204464238,295912.46764902433,271820.10761491617
2016-05-13,260830.31922080668,262314.2750374105,285104.0674210907,296271.8326585964,272605.67766968417
2016-05-16,260470.08385977143,262198.13266093686,284687.5588074875,296252.4238854486,272140.9331005819
2016-05-17,260009.31990506788,261553.46727722467,283962.7423610172,295009.7002804033,271645.5996117379
2016-05-18,257469.62106092935,258842.94293349166,281091.74269478815,291679.24862341635,268668.093141523
2016-05-19,257404.88135626895,258452.52958897964,281037.55589430715,291067.3799064376,268504.79262059694
2016-05-20,257637.85585418213,258715.32131138557,281418.7245758723,291610.48879490833,268767.5137090342
2016-05-23,257662.27604897268,258751.63702956217,281407.1288307777,291589.51346068404,268891.8979558215
2016-05-24,257310.886704418,258438.30591346603,280987.85892839613,291196.7380087938,268431.93722586404
2016-05-25,257423.12420630406,258385.4778081729,281079.1793613726,290978.0021831062,268229.19202727353
2016-05-26,258034.27840558396,258938.72341560066,281700.6057937092,291480.7893456415,268929.2988069365
2016-05-27,257727.97674910017,258577.43794016668,281377.19427116954,291060.5327174991,268551.3430705626
2016-05-31,257936.15706846534,258667.62205404424,281808.12396065623,291456.23960963887,268729.52862823376
2016-06-01,257852.6885875435,258463.53491448003,281828.09937488276,291344.75944195414,268716.6495644635
2016-06-02,258509.95787075642,259174.41568657802,282462.580963602,292040.6696081491,269610.5896319626
2016-06-03,260592.9640359757,261264.38390134624,284891.0385859227,294645.52941761364,271999.87346512044
2016-06-06,260267.7541398346,261052.62667528927,284304.8533989585,294099.34044263297,271546.5775248968
2016-06-07,260689.9166796551,261488.12518107888,284662.46081584715,294428.1417007148,272025.96473495266
2016-06-08,261604.51471903065,262423.39624019194,285774.62184185005,295677.35412099684,273061.50726066594
2016-06-09,261941.38542193238,262749.2991399798,286234.31292504724,296187.08229240705,273584.61805202137
2016-06-10,261987.28552196987,262697.98960005224,286301.5496129356,296098.1423727691,273709.5104150497
2016-06-13,261886.70477799018,262706.38535426575,286280.47724458214,296318.907124157,273874.6896152606
2016-06-14,261512.89050393234,262411.36231807095,285977.12799849495,296206.7132841302,273580.7140369121
2016-06-15,262549.08597240906,263473.62653581344,287040.3294402053,297305.07439445687,274680.9911972221
2016-06-16,262560.2124373039,263341.3784491015,287250.56304843735,297392.7749967469,274733.54743239493
2016-06-17,261929.55135614736,262765.3405398275,286570.8401167992,296793.307289664,273989.02870110044
2016-06-20,261426.4004094476,262193.44734594075,286112.03544962767,296256.5123610183,273091.018458001
2016-06-21,260785.88535947577,261399.1801568954,285468.6902217527,295361.0473940576,272207.536180825
2016-06-22,261147.54763295758,261718.56256689515,285736.6638515656,295486.72928332567,272555.0821416923
2016-06-23,261079.17914331376,261722.13672106777,285602.5802865747,295437.73412203544,272155.2327834012
2016-06-24,262592.09803058417,263344.08796788595,287212.6078897574,297259.0409543018,274568.50065907725
2016-06-27,263324.96402618213,263938.4407774993,287999.8990014209,297821.24159943825,275994.4084421665
2016-06-28,264620.48042750166,265178.6815311358,289561.5145561824,299421.61306081776,277197.9704878616
2016-06-29,265005.3102288188,265742.21033657086,290185.21654661774,300496.72658111365,277435.8977007784
2016-06-30,266085.75125280424,266881.81807586027,291584.55194127123,302173.10319709254,278604.0230089991
2016-07-01,267570.06717560947,268406.2220511507,292997.2688184612,303575.6779390048,280488.44216410664
2016-07-05,268564.7953404079,269435.94695955684,294315.614384241,305148.5299203004,281857.0343922398
2016-07-06,269039.12645364983,269910.1052065836,294767.1364982585,305569.1303835483,282348.1868565671
2016-07-07,268552.2018983614,269213.9418573086,294259.1975124823,304681.26638534514,281704.99061751994
2016-07-08,270075.0043059963,270750.2784275947,296307.1378787655,307066.0009480833,283368.7494524949
2016-07-11,269339.9680942855,269997.5968576652,295736.04247665656,306598.3704012048,282377.0118778142
2016-07-12,268131.9411585839,268908.5121072418,294282.552431528,305231.3426620644,280817.3118277634
2016-07-13,268986.3288483349,269691.50652800413,295334.76346727036,306262.4287516903,281934.23645223735
2016-07-14,268146.065496817,268775.1611071564,294350.849449464,305067.3265754821,280598.9848564793
2016-07-15,267469.66541935655,268231.5830331589,293453.72533919016,304282.23491872195,279809.96321407246
2016-07-18,267631.5851039349,268457.3434166335,293772.9925248088,304820.99796212086,279985.622248367
2016-07-19,268000.5672631617,268784.627205343,294319.783924501,305402.4600830913,280475.65167850925
2016-07-20,267705.6969069437,268407.5439631048,294073.3642776786,305048.57011264126,279945.3083382935
2016-07-21,268227.01742872066,269015.24336896953,294812.5861567693,306079.1011246065,280571.09631996974
2016-07-22,268250.4366299855,269107.41578993935,294942.6487486349,306407.71762341907,280714.0435914092
2016-07-25,267834.26582529605,268586.6308237365,294551.3758208008,305855.40940167685,280211.7515155699
2016-07-26,267894.2646343903,268772.2927623444,294452.14300418046,305874.45644833246,280435.5711947846
2016-07-27,268955.96846445865,269818.80510506587,295628.43286144355,307068.3017822031,281815.72152045084
2016-07-28,269270.0281696292,270359.0573519596,295950.8941424085,307800.3879931498,282249.68638802785
2016-07-29,270482.86149639304,271667.7130723061,297535.2553102315,309778.60380746884,283734.30364989355
2016-08-01,269611.99560752074,271051.0505964588,296877.1044611968,309762.5052596484,282796.20177566237
2016-08-02,268225.6437293669,269703.89866637345,295326.3660071871,308214.59271669225,281234.92979932996
2016-08-03,268364.35007368267,269765.1645029709,295219.2201109543,307801.93476576597,281309.0395763272
2016-08-04,269072.2027853638,270317.65095618,295829.89663371467,308047.0854798383,282043.93833327066
2016-08-05,268147.0370818649,269450.36150974035,294699.17772390286,306913.5007963381,280929.6122679091
2016-08-08,268230.13218136976,269499.98798024445,294748.3425260754,306877.57052042644,281030.68087867054
2016-08-09,269309.0627116997,270400.98017115076,296111.1668413374,308072.06243654457,282158.6626719816
2016-08-10,269681.1713854307,270630.1322790673,296645.00693268795,308440.9261079285,282485.78318592516
2016-08-11,268598.76200484985,269474.8457436095,295304.95750724064,306831.39663652703,281144.2510254506
2016-08-12,269414.4640903587,270144.1953396155,296251.1247773463,307574.04287216475,282015.00585582404
2016-08-15,268960.1575531467,269825.6978699679,295851.2699472244,307468.02973296307,281442.4323835131
2016-08-16,268255.28743340925,269035.7041591416,294938.5743127087,306285.6548182964,280626.0092495099
2016-08-17,268925.06716234033,269681.4540230128,295616.40874200244,306906.90894610336,281403.82754509005
2016-08-18,269305.76353068254,269963.06463731825,296000.6436338721,307103.39769247634,281713.2589021383
2016-08-19,268424.4228006527,269051.4548984779,294850.2544945667,305748.7849253133,280707.90862558095
2016-08-22,269094.6560423231,269633.9406706749,295633.7538968248,306428.1267408268,281497.3776355363
2016-08-23,269322.4159401348,269834.119303168,295825.24636475876,306540.2746590373,281715.9395314121
2016-08-24,268677.3054355386,269014.69265154295,295022.5611980219,305338.1850867753,280880.2357205632
2016-08-25,268568.1086754657,268960.82005987014,294914.79845572595,305334.3184461677,280719.74115409295
2016-08-26,267553.20893527794,267882.4482981398,293810.923645936,304085.69299931655,279541.7413357023
2016-08-29,268809.44754135754,269044.29792999924,295307.69481844705,305532.1238117252,281014.955361819
2016-08-30,268342.37427543756,268532.60527404206,294697.5772660426,304762.2488291944,280423.90180497913
2016-08-31,268235.4056586069,268426.08149940416,294517.0405889456,304538.3979585927,280365.621825742
2016-09-01,268409.07746065024,268676.45599647425,294689.7933747759,304848.3241136076,280631.6201033611
2016-09-02,268657.31454377604,269109.81317877444,295169.4588310239,305733.3657206598,280816.4536697307
2016-09-06,270267.4915623575,270894.33729808114,297063.54492377746,308030.62144793244,282696.56565363676
2016-09-07,270412.4940609959,271171.2590432154,297146.01611330255,308306.45309636416,282937.52223811386
2016-09-08,268830.14113614545,269666.30123124266,295170.0972197968,306301.1499791382,281174.0353038069
2016-09-09,265548.65858420223,266051.51998897456,291030.1793130922,301256.5982620501,277320.68905170244
2016-09-12,266570.50071107433,267330.12012716965,292499.52626328863,303337.52690088394,278537.23501363274
2016-09-13,264750.3706711595,265263.80207969353,290261.76695489656,300521.09084379993,276285.57802129874
2016-09-14,265359.04909240874,265984.32533900166,291001.6305599481,301499.689993817,277003.0034089718
2016-09-15,265923.48255903507,266649.4052274261,291859.06081763795,302646.1638873734,277511.0577510937
2016-09-16,266100.4460580311,266793.92544061464,291954.11407578236,302651.2550577579,277865.8191768584
2016-09-19,266013.71812972345,266707.13348763355,291948.3163143649,302680.18153896293,277695.614942646
2016-09-20,266216.40968221537,266872.84001412836,292264.5299550619,302981.7539676403,277946.2235268718
2016-09-21,267928.28763028403,268680.04719597107,294316.94509036734,305328.76313417597,279864.1376819005
2016-09-22,269474.3727055547,270345.79658004956,296098.9549052777,307402.76679794164,281647.0250219208
2016-09-23,269502.80633005896,270431.89697552193,295860.460174655,307146.69738972187,281701.8560440904
2016-09-26,269514.8852049098,270340.7818249022,295834.59805432864,306932.11933192064,281791.20127905783
2016-09-27,269744.053942271,270461.5121420895,296085.1719740234,307009.3823553876,282106.668149878
2016-09-28,270039.0115652539,270787.8633887759,296397.8125801643,307380.3688606523,282354.20574854675
2016-09-29,269396.8446040829,270008.0289479429,295468.59989005927,306102.6774971833,281690.2654613492
2016-09-30,269178.4645974463,269855.9433928358,295146.91697491513,305848.9752309894,281301.1599806737
2016-10-03,268205.77644649235,268828.0786737453,293810.6694709367,304272.85366970283,280243.0462584462
2016-10-04,265969.28411632136,266312.7690356858,291000.33013506304,300741.4415662568,277549.291437948
2016-10-05,265351.65204754804,265601.94236629945,290253.8630134059,299782.6415236709,276748.0820779
2016-10-06,264968.437661964,265106.4527111717,289631.6170994096,298862.7821716272,276119.6324470794
2016-10-07,265123.9077780741,265130.613660969,289888.89870740706,298942.86028849735,276162.3475420557
2016-10-10,265209.7130373892,265240.117531889,290159.11884772556,299337.298687821,276085.8341914867
2016-10-11,264302.1904522281,264309.8065943612,288892.8889039884,297875.342193081,275155.3269002336
2016-10-12,264565.01066907484,264549.28665937454,289318.2674284699,298333.52374944877,275406.8213456097
2016-10-13,265066.8347153595,265009.84212899284,289901.7979857088,298880.1597703398,275947.09105359827
2016-10-14,264315.8717720251,264393.09800080344,288886.09131478466,297977.2004246779,274952.4076741447
2016-10-17,265011.9976859969,265041.61053674016,289454.2277363436,298399.55353911413,275744.9717240553
2016-10-18,265834.3062296501,265911.1483927563,290610.2138389313,299781.5460931519,276648.6030039243
2016-10-19,266240.6806718554,266333.84453573806,291069.9894584297,300289.97126087354,277065.32773783855
2016-10-20,265894.7019474848,265916.1605513569,290717.6394296354,299816.12919834483,276710.20890877704
2016-10-21,266133.3343143905,266178.75147809123,290955.3856392962,300091.9991541834,276999.03882155806
2016-10-24,266032.8795519199,266260.53541144513,290967.18670575664,300465.4330823731,276943.09955813043
2016-10-25,266205.73661472916,266535.51704685367,291062.6046996151,300696.92453780054,277277.68013004377
2016-10-26,265199.0756364702,265556.7379687145,289676.8712166021,299192.39947854716,276165.75605696696
2016-10-27,263924.82186342654,264260.23032521154,288233.9354352168,297645.34085529845,274635.9446707021
2016-10-28,263974.5173580166,264408.16447422194,288191.9063998294,297726.9878014562,274706.3008013308
2016-10-31,264540.96973046736,265065.7944338676,288835.3546884881,298555.35578505177,275499.00967168884
2016-11-01,264022.16084765113,264494.6010520317,288058.0822665221,297574.36057493277,274942.42260276736
2016-11-02,263936.02070962667,264088.12741682294,287777.8352969828,295190.9123004547,274519.892821275
2016-11-03,263017.746183098,262907.48525716766,286621.3064929721,292294.82513285434,273292.61402499164
2016-11-04,263516.98419170326,263215.7815560446,286994.71683714195,291269.71437756927,273613.08835964923
2016-11-07,264261.0400497122,264569.2905048973,288623.6232348951,298189.4938404875,275020.06236944714
2016-11-08,264056.55671418534,264621.91212383454,288635.04359149904,300137.2209786251,275074.76259899564
2016-11-09,261772.71888351074,263397.13312642666,285840.13778871443,301521.1768712088,273801.6035123416
2016-11-10,260882.59394338436,262053.36310087307,284463.6738561353,296651.72331321036,272404.7531238
2016-11-11,260114.66291857586,261518.51053729816,283589.7556799985,296779.9404533832,271848.77330803184
2016-11-14,258287.2145413582,259357.78793334606,281761.19775112456,293781.2753978707,269602.69983454613
2016-11-15,259178.5290753041,260319.3377397921,283415.03999926813,297856.18356110004,270602.2318937487
2016-11-16,259795.89201360627,261102.0205991469,284154.5976853423,299624.66560098267,271415.8315688451
2016-11-17,259200.71632269878,261209.8695038644,283353.44068118575,301802.9998573761,271527.94062143116
2016-11-18,258303.54131720355,260682.36663224868,281897.6565645179,300675.4364873982,270979.6008183688
2016-11-21,259069.21518515772,261790.70573922317,282873.21631070157,303802.10989438446,272131.7205135341
2016-11-22,259550.50177090347,262152.82939039194,283634.71721645835,304724.7471561069,272508.1484388607
2016-11-23,258623.20373012495,261234.1163352987,282565.6487065746,303494.5432616071,271553.14522881625
2016-11-25,258548.59672516386,261093.67710364552,282819.0031910893,304468.47990672063,271407.15849628707
2016-11-28,259114.73726771722,261256.21539518455,283604.1055103639,303776.44976325403,271576.11722536397
2016-11-29,259497.47050563255,261661.45722599886,284145.54248342634,304827.3041651492,271997.366544862
2016-11-30,258731.98398974692,261029.01597474318,282463.4735736828,301136.77599712944,271339.9431831656
2016-12-01,256961.30925128565,259201.0482929199,279815.60354474006,295934.1583118328,269439.7688095451
2016-12-02,257473.07960252557,259717.27936254328,280372.8910606145,296523.5479307775,269976.39156229893
2016-12-05,259475.94378807693,261737.60101328482,282553.8911984607,298830.1828428234,272076.5180937377
2016-12-06,260099.04580983164,262366.13414810906,283232.4122909756,299547.78960194084,272729.8789641953
2016-12-07,263392.5125507132,265688.30756885366,286818.8019561726,303340.7703846534,276183.2818123932
2016-12-08,263859.90251937363,266159.77142538276,287327.7618713931,303879.0485300362,276673.36899893
2016-12-09,265929.4460542416,268247.3536193271,289581.3718602218,306262.47592564434,278843.41293745465
2016-12-12,264727.7855564828,267035.2191481151,288272.83495084825,304878.56179080054,277583.3978493969
2016-12-13,268065.7958431151,270402.3243672962,291907.7298917016,308722.84195690416,281083.50735045236
2016-12-14,267509.5000753657,269841.17978649656,291301.95684183773,308082.1738334384,280500.1969544677
2016-12-15,267932.3283690342,270267.6935573289,291762.3917397349,308569.1317165602,280943.55847852014
2016-12-16,266938.99098247656,269265.69799366023,290680.70632509777,307425.1366759561,279901.9830111324
2016-12-19,268032.7099778342,270368.9501173383,291871.7013495474,308684.73801930196,281048.81478168344
2016-12-20,269059.44142677396,271404.6308143892,292989.75091467664,309867.19193829695,282125.40598149435
2016-12-21,268858.5150460027,271201.9531090282,292770.95402004925,309635.7914229842,281914.7222885271
2016-12-22,268099.6612657696,270436.484969445,291944.6073255339,308761.84368591296,281119.0173331702
2016-12-23,268278.1617751149,270616.54133387556,292138.9837781642,308967.4170391358,281306.1861178815
2016-12-27,269661.9848889514,272012.4261960889,293645.88495688856,310561.1220589261,282757.2099352484
2016-12-28,267563.9059283562,269896.0598545096,291361.201584306,308144.8313220654,280557.24484426226
2016-12-29,267184.60594292847,269513.4537955397,290948.1664287169,307708.0036056192,280159.52543397085
2016-12-30,264439.33119895763,266744.2505502626,287958.72528826445,304546.3580915186,277280.9356786127
2017-01-03,266805.17905281193,269130.7197257481,290534.9930814593,307271.0297370836,279761.67295629246
2017-01-04,268255.86280837766,270594.0480037669,292114.70152783557,308941.73602913535,281282.8042770126
2017-01-05,269773.6428858088,272125.0574319744,293767.4738835339,310689.7150187575,282874.29022623325
2017-01-06,272139.43635193934,274511.47174567915,296343.682451728,313414.3240277127,285354.97047503287
2017-01-09,273032.2289665257,275412.04616399616,297315.8805815502,314442.5248557458,286291.1185526167
2017-01-10,273634.8449456682,276019.9146947369,297972.09359042987,315136.5384918547,286922.99854487774
2017-01-11,274371.3816299227,276762.87121695123,298774.1382929497,315984.7843400556,287695.3026497391
2017-01-12,273947.2842893668,276335.07733790134,298312.32147836714,315496.3649360395,287250.610451816
2017-01-13,274884.76548363385,277280.729852737,299333.1828171812,316576.032178423,288233.6172592712
2017-01-17,274058.9060277416,276447.6719992664,298433.8709216786,315624.916138131,287367.6527235474
2017-01-18,274616.8878149272,277010.5172952693,299041.4799465673,316267.5259964993,287952.7310148173
2017-01-19,274483.02149753884,276875.48416557646,298895.7074779281,316113.35642101703,287812.36393109715
2017-01-20,275085.58308895765,277483.29783453647,299551.86126180703,316807.30742051627,288444.1868944781
2017-01-23,275308.7903072249,277708.4505827459,299794.9206650961,317064.36806695955,288678.2334186874
2017-01-24,277161.3812120568,279577.1891332674,301812.2821257279,319197.9380262465,290620.78915422206
2017-01-25,279951.19950177835,282391.32417698106,304850.2285418368,322410.8829237382,293546.0855624379
2017-01-26,280241.3761372222,282684.03006455733,305166.21366277925,322745.07011566235,293850.35364776064
2017-01-27,280777.0226991881,283224.34545593115,305749.5009540055,323361.9572062904,294412.0120789083
2017-01-30,278589.72974240285,281017.987506657,303367.6688384417,320842.921550558,292118.50061481993
2017-01-31,278031.71169673477,280455.1056361335,302760.0203302192,320200.2699344499,291533.38430429663
2017-02-01,279951.1995017784,282391.324176981,304850.2285418368,322410.8829237382,293546.0855624379
2017-02-02,279705.7477044977,282143.73296044377,304582.94611321995,322128.2039039043,293288.7142262399
2017-02-03,280509.2356766877,282954.22433476476,305457.89679172623,323053.55541871616,294131.2208825879
2017-02-06,280844.02837484726,283291.93516981864,305822.4661549929,323439.12550951116,294482.2716592752
2017-02-07,281870.687306822,284327.5427178285,306940.4367534543,324621.49591302645,295558.78682057915
2017-02-08,282339.4007100936,284800.3415443559,307450.83781036094,325161.2982159133,296050.2617098667
2017-02-09,283366.0596420683,285835.9490923658,308568.8084088224,326343.6686194286,297126.7768711706
2017-02-10,284303.48644861166,286781.54674542067,309589.6105226357,327423.2732252024,298109.72664974566
2017-02-13,285910.4986514742,288402.5660685832,311339.55136298225,329274.0180125661,299794.77798169525
2017-02-14,286870.242553996,289370.675339007,312384.6554687911,330379.3245072102,300801.12861076597
2017-02-15,288566.39623608364,291081.6131208233,314231.6660854511,332332.73069796583,302579.6502773108
2017-02-16,288477.2366276172,290991.67637490924,314134.5765674706,332230.04841570393,302486.1609330888
2017-02-17,289727.15716558293,292252.4915329093,315495.66579422186,333669.5421022722,303796.7796474822
2017-02-21,291155.5600836526,293693.34476807964,317051.11173193646,335314.5882631935,305294.5481369602
2017-02-22,291267.1818220275,293805.9394294446,317172.6611752479,335443.13946528506,305411.5904086916
2017-02-23,290173.46282666986,292702.6873057665,315981.66615079826,334183.5381219392,304264.7586381405
2017-02-24,290731.44461385545,293265.5326017695,316589.275175687,334826.14798030746,304849.83692941046
2017-02-27,291088.53627875226,293625.736766932,316978.1267892822,335237.39908110286,305224.2695469666
2017-02-28,290195.72553492466,292725.1440613547,316005.908917793,334209.17737419985,304288.102459756
2017-03-01,293259.5100305947,295815.6332689913,319342.1882599433,337737.64042809996,307500.6693189494
2017-03-02,291745.36202609155,294288.28757176787,317693.3710159363,335993.8443812251,305912.99182203173
2017-03-03,291671.9094889445,294214.1948039354,317613.3855657004,335909.2514328945,305835.97231008636
2017-03-06,290782.4597753527,293316.99242417404,316644.8276565094,334884.90051750006,304903.32947021216
2017-03-07,289966.53395487234,292493.9547901661,315756.33289996156,333945.22472882865,304047.7809634097
2017-03-08,288345.23042678525,290858.51957501384,313990.82965527946,332078.0210772343,302347.7442962136
2017-03-09,286910.5856302758,289411.37005563,312428.58668268065,330425.7863436531,300843.4308125159
2017-03-10,287354.67653446825,289859.3317672177,312912.1753005446,330937.2316983217,301309.0874940789
2017-03-13,287920.7090172957,290430.2979307394,313528.5510548159,331589.11328652955,301902.60743587906
2017-03-14,287449.2750251027,289954.7548019572,313015.18743816344,331046.1777680045,301408.27984144265
2017-03-15,290692.05532706785,293225.79998810636,316546.38258190406,334780.7845928545,304808.53483472334
2017-03-16,290360.3242492461,292891.17745923897,316185.1471413402,334398.74047272175,304460.6943556424
2017-03-17,290784.80057967734,293319.3536315347,316647.3766533868,334887.5963473103,304905.78394780617
2017-03-20,290863.57554425637,293398.81521840784,316733.15791097033,334978.3189658503,304988.38435292547
2017-03-21,287592.96325894794,290099.6954583874,313171.6553904509,331211.6589319438,301558.9458098746
2017-03-22,288775.7643250988,291292.80611446855,314459.6554989603,332573.8532598821,302799.1856216189
2017-03-23,289086.09791943314,291605.84465403063,314797.59035091096,332931.2545795703,303124.5895205752
2017-03-24,289351.6878744371,291873.7495575107,315086.80203718145,333237.12607446255,303403.07695622416
2017-03-27,288696.67439175793,291213.02681348706,314373.5312591027,332482.7679018476,302716.2549523418
2017-03-28,290272.763676059,292802.8536861957,316089.79887780413,334297.89974847843,304368.8816984564
2017-03-29,291724.56456994027,294267.308839787,317670.7238214535,335969.89261315885,305891.1844075475
2017-03-30,292227.5752423894,294774.7038790683,318218.4725674064,336549.19398894516,306418.6220972462
2017-03-31,292735.49040136766,295287.0461536101,318771.5620078873,337134.14370570995,306951.2024433252
2017-04-03,292729.8683906546,295313.97405508923,318807.0925240902,337260.66482757655,306979.19402590895
2017-04-04,292604.00472379656,295419.06679234694,318764.86831310025,337721.1422027595,307088.4380394527
2017-04-05,292690.4007340452,295402.83064196166,318639.69709320937,337250.37723163195,307071.560543644
2017-04-06,292787.52628691145,295437.299516201,318860.72735542036,337435.8619476125,307107.3909755321
2017-04-07,292365.41102908086,295118.6835855868,318735.9485472249,337722.5579672555,306776.1893725713
2017-04-10,292788.8041101728,295501.6935664055,319322.28490674193,338338.0357943961,307174.3286600595
2017-04-11,293862.71008874086,296480.49158927845,320729.6440128003,339777.66342301917,308191.79025881074
2017-04-12,294420.23940266366,296895.2102207756,321086.1534112183,339710.6513108408,308622.8907228233
2017-04-13,294561.36581675225,296909.6925624252,321104.2204519091,339397.8950208031,308637.9451325627
2017-04-17,294976.87627737207,297683.69300357054,322067.9980156159,341422.52018083434,309442.51942458097
2017-04-18,295814.99405105965,298204.9185273053,323074.0746921629,341922.17353560013,309984.3339177616
2017-04-19,295119.6690961877,297574.3737697196,322242.42182928073,341131.5288174262,309328.8819632774
2017-04-20,295466.8514626895,298201.6399685491,322924.6830585296,342580.0235023749,309980.92585240415
2017-04-21,295316.917081871,297996.1374909831,322881.9155124337,342507.3865855615,309767.30580568814
2017-04-24,295230.11969561357,298020.56583183876,322782.6085453529,342615.3259971442,309792.69909231213
2017-04-25,294939.4522756693,298043.84335581947,322556.73412952,343045.3036528204,309816.89610355545
2017-04-26,295166.3230306135,298093.9210014271,322623.51454854745,342654.27010966156,309868.95187008847
2017-04-27,295420.7954929764,298344.0442060864,322900.3726089661,342934.23559389653,310128.95521066576
2017-04-28,295505.69815040164,298334.6286494861,322829.9233410987,342571.6299564803,310119.1677294411
2017-05-01,295261.7029233485,298337.34253081837,322917.1499683921,343379.3315786938,310121.9888120083
2017-05-02,295591.6727905375,298525.6214442961,323397.4159380766,343695.3574170805,310317.7049453081
2017-05-03,294358.6865823884,296991.23621759634,321836.08351551753,341463.5585201994,308722.70984991966
2017-05-04,293398.8815222891,295919.14800163364,320840.8105463365,340255.8461390494,307608.27299499616
2017-05-05,293940.6312156392,296583.5394060883,321545.1520700695,341246.3953735312,308298.9085753469
2017-05-08,293224.6702544538,295809.24118075013,320914.31689077127,340552.1372592639,307494.0247363395
2017-05-09,292911.39331114583,295396.4949702884,320551.7834174385,339997.01025342685,307064.97460611723
2017-05-10,293225.46887528454,295691.2464339968,320971.7037440992,340436.64458553813,307371.3690700321
2017-05-11,293478.5362021148,295974.2624767853,321021.56005587516,340443.3876518991,307665.56455126393
2017-05-12,294293.06267388404,296616.5426208061,322038.99893931556,341273.51642132894,308333.21545258415
2017-05-15,294337.50668117875,296679.7910678744,322384.6493120519,341792.0712157727,308398.9622814179
2017-05-16,294676.20070071303,296999.4051798475,322803.1650297054,342218.62396448123,308731.2014949761
2017-05-17,295644.9858196232,297753.1533115589,323594.8258849345,342573.584443645,309514.7234895301
2017-05-18,295977.9687239692,298190.2804975151,323911.07794102444,343059.47026438714,309969.1176700324
2017-05-19,296588.1606232807,298921.46061372146,324612.47201322723,344011.3852387635,310729.18018816755
2017-05-22,296915.76668720634,299404.73490358813,325258.3291984648,345070.1025800833,311231.5443328762
2017-05-23,296316.52966368856,298884.99915129633,324544.58864608314,344431.5244727675,310691.2784587147
2017-05-24,297112.4356182115,299774.37478413933,325638.9348236522,345829.4626686569,311615.78538673936
2017-05-25,297366.0688121168,300064.8483001836,326178.56280352245,346567.78547499096,311917.7329194508
2017-05-26,297777.13145197276,300529.6120103419,326523.2905125685,346974.75919936964,312400.8552966203
2017-05-30,298007.7013937207,300638.2635815309,326623.69365912233,346810.1697597241,312513.79872186785
2017-05-31,298254.5268999685,300860.455828887,326955.45603107347,347142.38713816815,312744.7678022523
2017-06-01,298507.46567877964,301168.87235723564,327375.09087036323,347739.57074170024,313044.699104578
2017-06-02,300255.65793865314,303046.8550751195,329505.7681196,350315.0155566326,315212.4518513197
2017-06-05,299632.98641158635,302490.6784060092,328885.57345048775,349816.1547515908,314464.4310090363
2017-06-06,300184.4015637464,302943.8076535628,329573.1605628895,350407.17407776054,315088.1876322804
2017-06-07,299960.9601225071,302766.7247903313,329516.53128709627,350530.4787189311,314741.463843031
2017-06-08,299438.6471527168,302239.8240375878,328861.67184512387,349792.29143902066,314158.84235537157
2017-06-09,298476.9073382651,301055.54149620223,327532.3193439563,347858.72965509037,313020.3009766097
2017-06-12,298379.4532413939,300901.8849462986,327632.08450328273,347974.02999330545,312867.8275916286
2017-06-13,298934.5218553266,301536.29849770165,328263.96853816207,348788.7385238419,313452.5382791816
2017-06-14,299552.50808368763,301702.0876199315,329163.33441537066,349049.6352769511,314198.5898663612
2017-06-15,298785.77010673424,300914.0733086798,328595.326893208,348561.4779260618,313417.6958821262
2017-06-16,298757.5919118407,300797.0930424893,328450.4749123532,348191.9784838879,313387.20361910487
2017-06-19,298680.32935147214,300813.68927264016,328468.8333374914,348431.9172933431,313347.489188082
2017-06-20,298741.4090438771,300680.0074225575,328436.49576993455,348000.4417999659,313570.3989469379
2017-06-21,299197.773312276,301238.32955697674,328931.71897000197,348696.9656409547,314159.8171316244
2017-06-22,299680.14224999276,301799.5913935391,329270.5952569702,349090.9613081907,314757.9656044813
2017-06-23,300117.90956929623,302333.4434976915,329830.329311714,349889.5671579427,315228.13426682015
2017-06-26,300260.5217919734,302347.76867159124,329858.15727398056,349623.51565582823,315386.81588995457
2017-06-27,298561.6787054612,300528.3077937149,327881.49461723684,347278.9679347375,313308.043984469
2017-06-28,299141.19828575046,301194.6059071259,328652.10733407835,348311.0895016737,313789.7812168606
2017-06-29,297418.1478686196,299200.00028737116,326547.1949171742,345511.4929786202,311643.8946112157
2017-06-30,297041.6728015201,298779.55537234736,326150.4109481419,345026.573942497,311171.19714073726
2017-07-03,296034.18825153494,297649.0356501717,324970.3290067205,343537.8507237905,310015.3707508079
2017-07-05,295925.98713726323,297164.38488688774,324851.55167255027,342978.4809236952,309633.15198650496
2017-07-06,294278.38975798275,294958.6272655757,323042.90833450295,340432.6596990843,307279.08595276874
2017-07-07,294599.4031917466,295633.0716135074,323395.2995289186,341211.0837286302,307443.7159316859
2017-07-10,294688.72823862935,295471.6685300288,323493.35573670146,341024.7969890232,307406.708712433
2017-07-11,294905.5160237014,295747.54184721055,323731.33364815684,341343.20193950343,307744.08894622995
2017-07-12,296644.1228315876,297762.4493969659,325639.8822171891,343668.7495682337,309846.7060132158
2017-07-13,296477.20172967855,297813.1327171913,325456.64525484387,343727.2467807637,309476.05613808153
2017-07-14,297580.1654381588,299178.65261291893,326667.4191905987,345303.2900865118,310674.7331715113
2017-07-17,298212.4958092919,300039.6473764109,327361.55728985596,346297.0251741742,311560.84016681026
2017-07-18,299191.22306184145,300833.0367068461,328435.95116019715,347212.73203937383,312785.77107943693
2017-07-19,299690.1742056247,301707.9593491327,328983.67275381164,348222.54227922286,313529.660374344
2017-07-20,299641.96698120795,301459.15108990064,328930.753468807,347935.37503061345,313516.99267518055
2017-07-21,300050.0539318746,301692.41472187924,329378.72926310543,348204.6011230377,313988.9654986875
2017-07-24,299893.71630386135,301653.332148064,329207.11026628735,348159.4931542519,313698.094672193
2017-07-25,298599.1569117736,300653.66039135057,327786.01294624386,347005.701118674,312014.76837366814
2017-07-26,299746.864636985,301908.06269159546,329045.9044448184,348453.49573096895,313148.1124657849
2017-07-27,299160.60181892116,301415.3013859781,328402.3368150257,347884.76497905556,312418.7353094061
2017-07-28,299488.8079385722,301455.5581955098,328762.62375119,347931.2282165167,312843.1752641505
2017-07-31,299454.19618672034,301399.08232749335,328724.62884103035,347866.0454139797,312877.0465822688
2017-08-01,300311.2171085816,302153.88075124705,329740.39950644196,348832.8558753157,313945.7413018554
2017-08-02,299847.7888299996,301689.78206566203,329111.18838834256,348112.6675035706,313542.3325233571
2017-08-03,300338.76268786466,302204.9388878735,329520.4921958361,348520.00863354834,314401.776899821
2017-08-04,299640.37443529576,301643.22900203447,328645.3289801767,347789.51826261345,313567.816437018
2017-08-07,299854.8282021768,301901.50893508113,328829.898773641,348034.7906547345,313846.2540457982
2017-08-08,299446.1286999222,301802.2273106129,328137.34588366374,347731.94768048683,313620.2468365304
2017-08-09,300006.81536408653,302446.61606248905,328755.0380360708,348527.3992097916,314414.537566157
2017-08-10,300073.2896510726,302564.02769586985,328553.43301270314,348268.83850733045,314843.3035665267
2017-08-11,300373.88130909926,302791.8318594903,329073.2384723854,348780.37789991987,315069.8628141565
2017-08-14,300307.71548034553,302765.4903690666,329440.851879524,349454.6939312596,314851.8823450658
2017-08-15,299468.08212936216,301770.3507772281,328542.37223380554,348251.078037892,313782.10097543517
2017-08-16,300303.350874864,302608.60479700554,329580.04846109817,349403.90154386807,314687.3280585109
2017-08-17,300415.9548708221,302665.62406060315,329456.10357729095,349052.84680682543,315021.12172717747
2017-08-18,300075.6674655143,302280.0292814157,328927.89606694604,348342.75278330286,314658.88336634176
2017-08-21,300614.28023039096,302857.65553843713,329689.14790565486,349293.46566878137,315280.4097140411
2017-08-22,300398.1484376856,302664.90878833487,329512.4768330845,349179.5587370938,314958.11847232794
2017-08-23,301444.750357355,303689.65309432265,330750.8009108603,350483.3137760441,316153.21129779355
2017-08-24,300756.52593632485,302961.14313825115,330026.18621152034,349668.4291782847,315345.88594234706
2017-08-25,301369.0361543419,303552.79789327347,330742.10738826846,350403.6354149565,316033.8237741513
2017-08-28,301852.38920988026,304186.03506763256,331369.44055452506,351372.91517297894,316590.4454863706
2017-08-29,302190.4875509821,304561.2599716759,331686.2221552559,351743.16744921514,317056.31582814275
2017-08-30,302534.933153727,304937.2813547448,332231.5299672242,352453.5850622065,317389.02173182234
2017-08-31,303704.67662027595,306312.24606683955,333675.0946711081,354407.59050780383,318761.9683113073
2017-09-01,303134.70866980636,305930.70987765107,333102.80536167556,354165.3075429763,318120.3109028758
2017-09-05,304678.3034601397,307391.534275736,334624.3827828124,355528.65135910275,320052.852955168
2017-09-06,304137.0445566713,306999.2922197075,333959.6692965844,355063.9743795782,319462.05092736357
2017-09-07,305605.3732140375,308564.1371226524,335652.952021221,357049.41035540303,321282.9852784353
2017-09-08,305151.58145202784,308235.378751957,334944.95530653687,356429.45938713255,320899.20649763674
2017-09-11,304264.5788506651,307352.1367281367,334086.34639274364,355592.0683558141,319638.2293597052
2017-09-12,303715.9288007394,306734.3400147589,333465.320983672,354809.0078722774,318874.02952993417
2017-09-13,303080.1018845661,305996.2906016299,332734.47115879384,353845.1184941299,318049.2800832708
2017-09-14,303602.7513727074,306457.63311609,333327.1257628593,354365.9233063352,318626.13083402807
2017-09-15,303678.92283476057,306484.3652933151,333507.97024250677,354514.0631017541,318665.421280771
2017-09-18,302833.40271995973,305474.882099087,332284.56648466113,352797.8829424849,317523.838551914
2017-09-19,302628.5754801459,305159.30081424763,332117.38468493044,352453.1698681145,317142.75642051914
2017-09-20,301786.33850255044,304176.1256915308,331195.0711148401,351236.93213111395,316267.41437064746
2017-09-21,301086.5614438617,303270.344033978,330422.3856861184,350058.4894806657,315415.4614499166
2017-09-22,301455.6490176317,303633.6372634368,330662.7044340377,350221.55987474753,315854.81678011804
2017-09-25,302386.4391059007,304516.65462111234,331718.72329611337,351259.4116951287,316897.54058931913
2017-09-26,302010.7799908373,304045.0596102507,331249.74959088844,350570.55474353855,316397.01835539046
2017-09-27,300803.47366636613,302818.7247072215,329809.05597015406,348972.4465014421,314711.40419163054
2017-09-28,301050.911360142,303010.4917673374,330269.69341802853,349445.78257295745,314777.9258742075
2017-09-29,300896.0969873677,302732.1517123569,330309.0119150651,349366.5424336724,314605.7368598791
2017-10-02,300531.6334106504,302191.5799985647,329928.31674925255,348658.3958996913,314041.23275669076
2017-10-03,300898.78324073536,302455.17853637744,330360.4910209745,348944.0409027495,314318.73608970473
2017-10-04,301137.99920959753,302839.3287888343,330613.1853530892,349460.46999150014,314672.50922549696
2017-10-05,301072.59724785306,302897.7538159833,330638.9221210995,349763.13703303813,314581.3467535293
2017-10-06,300920.39645611827,302778.2537291025,330505.2142816191,349700.28585994476,314364.34773830534
2017-10-09,301333.16267522046,303250.67079785414,331076.9443976152,350473.4359109926,314915.81226202747
2017-10-10,301715.2565770123,303698.96229464206,331439.06566409516,350937.6478004235,315386.504676615
2017-10-11,302094.8492873311,304265.3933038562,331859.07118668273,351711.8619291346,315977.3352487198
2017-10-12,302482.7761959298,304765.26770353236,332219.6679465198,352251.19721389137,316596.9477609634
2017-10-13,303488.6924041492,305711.46233567374,333548.94958849327,353667.69584605045,317737.5556338428
2017-10-16,302851.85306471656,304995.8163005032,332870.0634152542,352827.7493728549,317056.5419952986
2017-10-17,302560.7421777816,304618.5456771164,332653.4669411907,352506.82228065276,316761.0591477956
2017-10-18,302020.3956807006,304042.5947987701,331994.5537357206,351715.13267017575,315981.16894810594
2017-10-19,302288.1889970826,304249.1724957133,332238.20842626534,351832.4758364044,316237.30881558557
2017-10-20,301354.3758192282,303270.2880429008,331118.218612098,350524.17425834073,314935.5778436111
2017-10-23,301281.7213742923,303067.8082640251,331000.0624412785,350147.3925285798,314818.7888191581
2017-10-24,300546.3263984314,302331.7028165682,330072.23398902966,349104.817091838,313909.8580939593
2017-10-25,299982.666734014,301845.4510070553,329358.5104061592,348440.0856202959,313283.9599562355
2017-10-26,299338.23587513115,300981.19668109296,328453.3813687267,346987.77804233873,312368.9022742438
2017-10-27,300957.8511268732,302862.3322528134,330487.7352229986,349729.85866145184,314335.11536965513
2017-10-30,301744.5452561621,303581.24849704996,331348.10801477905,350509.0598921971,315356.3762622986
2017-10-31,301615.11288054765,303553.1830093312,331104.7742343005,350376.1260520675,315343.07172843016
2017-11-01,302011.61843960057,303924.24690560193,331572.1505696228,350839.0870801168,315852.3694387332
2017-11-02,302439.54260066024,304585.08908353193,332028.364000114,351849.1005156259,316645.5265178376
2017-11-03,302674.2597274244,304765.9242886407,332298.82515334047,352018.2090850928,316934.6556203166
2017-11-06,303503.9234465847,305965.187493732,333397.0228074635,354231.2400065848,318172.52345726715
2017-11-07,303787.42691981496,306508.68611278816,333626.5821930771,354998.0433034541,318854.0686345265
2017-11-08,304018.65305200743,307047.68245373206,334121.15191963565,356495.24329650856,319224.0139615948
2017-11-09,303750.0779634989,307035.7063941543,333701.7124989723,356531.5929280781,319076.3535570321
2017-11-10,302510.2661285368,306023.6974609834,332391.52994510176,355756.4016548363,317458.00353286444
2017-11-13,302796.88013509475,306428.01659365284,332887.1100003547,356746.2477225774,317914.4685946955
2017-11-14,302822.20992329106,306429.20779326564,332714.38869118696,356293.5427525553,318239.1641196096
2017-11-15,302960.7239777904,306012.5441291553,332455.5257601563,354268.1821727927,318392.65648923203
2017-11-16,303335.2608425472,306742.32994764636,333449.18337605766,356761.4569378565,318620.46290167124
2017-11-17,303735.0823766062,307157.09705135063,333812.1614498919,357094.7146609028,319342.3246222302
2017-11-20,303043.3090543979,306122.5756067361,332913.7408960932,355196.2663186627,318409.8223733263
2017-11-21,304031.4576074942,307111.91553181235,334584.5581430305,357567.0301698426,319435.7071583437
2017-11-22,304968.4962858777,307939.9228808497,335632.92458433646,358424.19428363396,320322.89884778537
2017-11-24,304808.71223539044,307871.4644202165,335580.6480119056,358717.2961138349,320129.5083174751
2017-11-27,304668.78931089793,307747.59393467143,335376.6469740208,358488.5878766403,319951.63983001886
2017-11-28,304724.688352528,307624.34116262884,335485.8308615216,358228.53066429624,319907.55475517723
2017-11-29,303329.34862957994,306124.09803330206,333621.64353735454,355679.0411854987,318107.211630439
2017-11-30,303178.5867477393,306069.01678184496,333553.4763038362,355937.64445175824,317898.2072933152
2017-12-01,303957.3632874755,306790.1765108138,334197.7965301237,356240.91426101234,319176.3981598014
2017-12-04,303479.79005186865,305907.04147332883,333312.8126683237,354026.2732225947,318400.4688725115
2017-12-05,303187.3652928156,305247.8719132564,332614.72404677473,352088.9381956864,318017.4531237616
2017-12-06,303487.7225901975,305435.0100061333,332932.2633200677,352144.04100360535,318333.1970177279
2017-12-07,302908.04784285964,304860.2033628161,332185.8232266247,351275.84864526393,317481.2670319563
2017-12-08,303087.4092894042,305272.6483360224,332574.43354109995,352401.69228540367,317856.783798971
2017-12-11,303145.3609314662,305260.92338125786,332821.08072374034,352662.4709634785,317759.13525721163
2017-12-12,303371.64011082804,305677.78775285196,333060.94757505826,353352.9425149562,318118.3603125089
2017-12-13,304299.69807155785,306560.5024398313,334322.25533285696,354785.330859788,319233.5817426768
2017-12-14,304360.5360709479,306416.3858240493,334426.5239565632,354446.2074995405,319284.277760788
2017-12-15,305147.7742845952,307360.32106068416,335775.9015430178,356666.3187738301,320296.53837097157
2017-12-18,305370.7808019544,308056.01395768713,336488.90778692364,358954.9783248226,320534.9832556096
2017-12-19,303549.7424850455,306109.1216517092,333922.14411313616,355451.53138346405,318224.52749880723
2017-12-20,302528.83536872687,304988.69409762946,332797.0963105004,354037.5093154308,316744.8477905341
2017-12-21,302945.39613950625,305241.6221639547,333022.8899676912,353674.4951945515,317218.89535587974
2017-12-22,303516.5510766434,305961.5884774076,333887.00016596855,355144.6428261911,317925.0064109522
2017-12-26,304025.9906544602,306519.9195039019,334596.07417058974,356138.21635557275,318553.5730980825
2017-12-27,305247.531974089,307556.74979717087,335915.79691837425,357060.6997377248,320041.15340707195
2017-12-28,305664.62536618754,308235.9198456839,336565.64061397803,358534.1048253825,320616.49537374335
2017-12-29,306129.2957653112,308730.43417141377,336883.58969203295,358759.73987625627,321129.78337148495
2018-01-02,306027.48415445676,309448.5662274415,337177.5608482013,361368.30251633865,321312.7505093228
2018-01-03,306412.67015349003,309773.35346967203,337661.41537899594,361779.5827247429,321804.0094703896
2018-01-04,306033.3875212777,309285.4229711278,336937.3435095188,360499.49413366115,321355.67010593973
2018-01-05,306304.2133317993,309698.8340743894,337451.32314855704,361563.5267699656,321612.1775776125
2018-01-08,306491.87404057384,309968.5908993843,337997.5582987124,362621.4087164432,321830.0383702274
2018-01-09,305169.08233683114,308552.9705481136,336321.4451194082,360455.78851218155,319996.2237829397
2018-01-10,304784.5861615871,307943.6186506936,335713.4614784473,359119.6069820798,319395.7255541906
2018-01-11,305089.98880626616,308091.51979350287,336467.51693229243,359882.0300910165,319698.41186602856
2018-01-12,305618.82964203926,308805.01310048933,337205.6758232199,361232.3078857137,320413.06137250835
2018-01-16,305922.46046718175,309121.353882658,337401.72621186246,361351.05129266524,320871.0204823059
2018-01-17,305932.9559988115,309449.26722045144,337563.8362305617,362415.51995439344,321111.6334920566
2018-01-18,304959.39456870226,308546.6853628906,336020.5240320998,360570.67359882855,319912.17493740935
2018-01-19,304980.3049894852,308928.72912066407,336397.5015758734,362139.0425172466,320041.4994267649
2018-01-22,305606.32499735383,309903.8602143121,337612.66481432633,364707.6880448049,320962.0412509531
2018-01-23,307111.53028142906,311496.98867197835,339973.3741470872,367999.4615107542,322577.46391821734
2018-01-24,307019.5667731888,311446.1091860401,339955.044918595,368152.60861911013,322307.141926095
2018-01-25,307329.36375943007,311289.4435297699,340124.4643640326,367040.54442076944,322505.67067818466
2018-01-26,307567.52159094514,311773.5574174561,340673.91630654875,368462.6802789068,322789.17746435356
2018-01-29,306198.8352015662,310178.14609306125,338732.305465475,365500.7279717698,321061.06786949426
2018-01-30,304934.5164361794,308814.6062874669,336977.40189897607,363110.098244744,319589.05314337026
2018-01-31,306437.7836570686,310663.19296991604,339136.7902353351,366642.4251622427,321498.6392971204
2018-02-01,304289.4735725906,308301.3574912904,336576.87745581573,363274.6290706631,318728.5972529848
2018-02-02,299326.01652685856,303272.4600829026,331086.7602518763,357349.02804336924,313529.61457659525
2018-02-05,294208.73945595836,298087.7146196612,325426.501560118,351239.7896659871,308169.51281752536
2018-02-06,296212.1889896007,300117.5784977486,327642.5321715508,353631.5989443389,310268.0299039951
2018-02-07,293677.55443742673,297549.5262282929,324838.953812279,350605.6368038805,307613.12204313994
2018-02-08,288118.8647231327,291917.54834661016,318690.4452726416,343969.41991352744,301790.6617575433
2018-02-09,290188.7559569804,294014.72992099123,320979.96754885477,346440.5503189414,303958.77333131793
2018-02-12,293340.288768958,297207.8139035013,324465.90171739884,350202.9936918045,307259.85246680357
2018-02-13,294932.71338617185,298821.233735037,326227.2945745124,352104.1027093116,308927.84071009257
2018-02-14,300192.64606125955,304150.51563560026,332045.34570399555,358383.6498426544,314437.3673575068
2018-02-15,302986.4952502725,306981.200139687,335135.64332448196,361719.0742196529,317363.7900907535
2018-02-16,301825.9150016637,305805.31829953415,333851.91677447216,360333.520672992,316148.13806606934
2018-02-20,299949.2148997197,303903.8749724275,331776.08466362965,358093.0306376114,314182.3849168252
2018-02-21,298816.7695231458,302756.4989466211,330523.4783073813,356741.06578227924,312996.2028182358
2018-02-22,299609.76836047025,303559.9530233124,331400.620291161,357687.7839026936,313826.83098317415
2018-02-23,302273.8246211817,306259.1333530406,334347.3529765524,360868.25557189336,316617.3018627954
2018-02-26,304544.22401045554,308559.4666690189,336858.6588329381,363578.76174319524,318995.4360915322
2018-02-27,301088.2108631849,305057.8879508937,333035.93667335244,359452.8158818489,315375.4284403156
2018-02-28,300017.87544350955,303973.4407664984,331852.0306080027,358175.00072117755,314254.30353613145
2018-03-01,297322.0656490568,301242.0882507177,328870.1750998947,354956.6202375318,311430.57235621667
2018-03-02,299272.80845345417,303218.55049126444,331027.9064013255,357285.50582256226,313473.88167726225
2018-03-05,299963.73544326774,303918.58696109673,331792.1459461611,358110.36592367763,314197.5944882313
2018-03-06,302584.94038230984,306574.35099881253,334691.48046206275,361239.6797338761,316943.1806681429
2018-03-07,301471.1989694403,305445.9255378508,333459.56270087394,359910.04452208057,315776.5900724883
2018-03-08,301494.56660204846,305469.60125942563,333485.4098152169,359937.9418659102,315801.0665444309
2018-03-09,303521.58857332345,307523.34836435027,335727.5140773721,362357.8929936554,317924.27462626196
2018-03-12,304025.00877609564,308033.4058766295,336284.3509534818,362958.89895446505,318451.5830907137
2018-03-13,303132.59079353244,307129.22186972457,335297.2407047112,361893.4897315125,317516.81814992835
2018-03-14,302983.46546590136,306978.1304093292,335132.29205718037,361715.4571251124,317360.6165372576
2018-03-15,301574.5021033927,305550.59066496376,333573.8270750203,360033.3725071988,315884.7951398207
2018-03-16,300796.365174046,304762.19444206764,332713.1239595375,359104.39720925066,315069.73410912015
2018-03-19,299241.08975570987,303186.4136005018,330992.8221109673,357247.63859691564,313440.657866001
2018-03-20,298625.5185567539,302562.72644483874,330311.93417368893,356512.74167017726,312795.8766238205
2018-03-21,301805.0826715551,305784.21130698256,333828.87397731,360308.6500887288,316126.31720163027
2018-03-22,298658.8411552458,302596.4883828696,330348.7925507384,356552.5237055684,312830.7804440199
2018-03-23,298859.7006438696,302799.9960897931,330570.96474320575,356792.31890902534,313041.17110361904
2018-03-26,303405.9004254922,307406.1349339832,335599.550546138,362219.7792150294,317803.09685220313
2018-03-27,299055.56734849926,302998.4451857007,330787.61437971087,357026.1534996086,313246.33206197305
2018-03-28,295141.97373612726,299033.2530638783,326458.75902294164,352353.9272435511,309147.0308681314
2018-03-29,296926.38092465675,300841.18664791534,328432.50524746126,354484.23379643104,311016.1116268269
2018-04-02,296403.026670123,300310.93226472154,328011.5647619322,354029.90371916216,310467.9232013271
2018-04-03,295794.54712385614,299694.43026116147,325537.1753498464,351359.242256478,309830.57012446335
2018-04-04,295742.493414583,299641.6902532902,325923.7833324387,351776.51652835787,309776.0463660708
2018-04-05,294762.1539610805,298648.4255807777,324248.4296353414,349968.27141813014,308749.18791060714
2018-04-06,295984.0208484761,299886.4020892482,325769.1401394018,351609.6068196059,310029.0347435492
2018-04-09,296150.7742792472,300055.35406931327,326877.46224046405,352805.8425895663,310203.7009469271
2018-04-10,296191.5822578769,300096.7000779685,327650.7175350466,353640.4335823873,310246.44534302026
2018-04-11,297356.1693572031,301276.6415968901,330202.4285436508,356394.5498994474,311466.2943512332
2018-04-12,296265.3731617638,300171.46387302113,326361.9718205416,352249.46274403937,310323.7377679267
2018-04-13,296999.9378612977,300915.71339099674,328501.2747614487,354558.4582050536,311093.1589822893
2018-04-16,296878.5508924485,300792.7260038927,328965.22400525847,355059.20855584,310966.0119671401
2018-04-17,297290.4301223935,301210.03562759946,329274.5300560313,355393.04919787456,311397.43566266494
2018-04-18,296859.507830423,300773.431869908,329532.27526599244,355671.239120638,310946.0652750133
2018-04-19,296364.1899805852,300271.58353548555,328887.90240873996,354975.7537014641,310427.2436358036
2018-04-20,295085.17963271315,298975.71016246115,326387.7325762484,352277.26687914436,309087.5417747333
2018-04-23,294535.6907851773,298418.976616497,323784.48039153154,349467.52106734377,308511.978619278
2018-04-24,294187.12798020296,298065.81820887,325356.7517364036,351164.50718809065,308146.87583547266
2018-04-25,293437.7347528748,297306.5446573814,323243.20955120336,348883.3158621814,307361.92245101
2018-04-26,293828.0350414884,297701.9908336689,322109.1070297353,347659.2547325855,307770.7432427275
2018-04-27,294833.7164668656,298720.9315975649,323475.17434075876,349133.68042530934,308824.14619561465
2018-04-30,294578.49605513655,298462.3462496337,321129.6477013041,346602.10331174155,308556.81508203497
2018-05-01,293184.5349732652,297050.0065824567,318540.3326753656,343807.40017376863,307096.70785244944
2018-05-02,291455.4201233042,295298.0943350745,316661.6769011424,341779.7267795319,305285.54316066165
2018-05-03,291419.55309782166,295261.7544232279,316622.70794860076,341737.6667548302,305247.97417549277
2018-05-04,296948.8357469786,300863.9375243185,322630.18557588826,348221.6659623803,311039.63197387086
2018-05-07,299416.3944654108,303364.0296032535,325311.1488645456,351115.2870322558,313624.2811230228
2018-05-08,299110.26549488737,303053.8644960886,324978.54460859124,350756.3001386151,313303.625741133
2018-05-09,302370.1120425637,306356.6902693967,328520.3160184036,354579.00984130875,316718.15830843523
2018-05-10,305504.17793993984,309532.07704595476,331925.4287528381,358254.22091016144,320000.94169045985
2018-05-11,305216.02590470674,309240.1258897638,331612.35615106317,357916.3149489984,319699.1162841875
2018-05-14,305738.2544274721,309769.23969905503,332179.7491323792,358528.7143401358,320246.1255597705
2018-05-15,302352.2509007374,306338.5936385579,328500.91017198056,354558.06469583587,316699.44962090557
2018-05-16,304351.4829539092,308364.18443108955,330673.04398992105,356902.4952252556,318793.5490993045
2018-05-17,303180.72418749024,307177.9898751491,329401.0332170073,355529.58676761866,317567.23556646606
2018-05-18,301613.7201871682,305590.32581690385,327698.50830172916,353692.0151799435,315925.87419747567
2018-05-21,303306.8232698166,307305.75150227064,329538.0378637153,355677.4588157226,317699.3182939849
2018-05-22,302910.54908754746,306904.2526699321,329107.49226941186,355212.7617389332,317284.24013581104
2018-05-23,305468.1082758953,309495.5318238719,331886.23963672284,358211.92325820157,319963.16045113746
2018-05-24,305378.0788576137,309404.3154188333,331788.4241061301,358106.3488620576,319868.85896294104
2018-05-25,305684.2946732352,309714.56851609953,332121.1227179018,358465.43759595184,320189.6053108966
2018-05-29,304333.44812188705,308345.9118200482,330653.4494318635,356881.34639927576,318774.65847964335
2018-05-30,306512.73901162203,310553.93542265706,333021.2143109895,359436.92572098353,321057.36093443516
2018-05-31,306314.6742914025,310353.25933157216,332806.0201436855,359204.66204946674,320849.897660403
2018-06-01,310858.96472914313,314957.4636582654,337839.0697215363,364636.9402032981,325609.8234630473
2018-06-04,311306.6358273218,315411.0370456641,340827.06954758114,367861.95238082705,326078.7374201354
2018-06-05,311759.5317974409,315869.9041919729,340757.99121777684,367787.3946606825,326553.1241794367
2018-06-06,311689.92724319303,315799.38194120215,342068.01387416903,369201.3301578929,326480.21675455157
2018-06-07,311990.1104967727,316103.5229405216,340890.11919144273,367930.00321117515,326794.644283736
2018-06-08,311842.5027138389,315953.96903278877,341611.61438949953,368708.72842376714,326640.03222619183
2018-06-11,311870.32702818967,315982.1601949242,341706.68759001116,368811.3429643485,326669.17685804
2018-06-12,312268.1289221216,316385.2068809364,343648.653445704,370907.348284819,327085.855220748
2018-06-13,311008.10501270863,315108.57027178066,339779.25298469554,366731.02153348643,325766.04074134043
2018-06-14,312529.7458038547,316650.2730326964,343095.89970485045,370310.7493393007,327359.8863291972
2018-06-15,312421.17231774895,316540.26806682965,342464.7879221296,369629.57688175375,327246.1608213146
2018-06-18,312583.25887656695,316704.49164488504,342436.0531076914,369598.56278139324,327415.93870064477
2018-06-19,312745.27421831613,316868.64306691504,341825.1631009547,368939.21611956146,327585.64198351844
2018-06-20,313105.3202888716,317233.43614045903,345051.2848607132,372421.2383977166,327962.77293605264
2018-06-21,313391.33334190055,317523.22011318005,344729.35635470523,372073.77406953304,328262.3578612809
2018-06-22,314055.74857213884,318196.3952809418,345967.3245899737,373409.9396875276,328958.30087843834
2018-06-25,313039.0835693468,317166.32612739975,342147.9962427418,369287.65684050735,327893.39315615786
2018-06-26,313701.9850744493,317837.96761241934,343376.3232967372,370613.4165251613,328587.750618996
2018-06-27,313600.6727596294,317735.3195522586,340639.6982304261,367659.7185070907,328481.6308390119
2018-06-28,314202.3564784246,318344.9361292209,343636.425700562,370894.1506177231,329111.865613255
2018-06-29,314535.5951393253,318682.5683526365,344515.10798398306,371842.53121651406,329460.9170927305
2018-07-02,314486.05285256275,318632.37287895544,344208.6163521707,371511.72823711304,329380.4593252931
2018-07-03,314891.4286660132,319043.0933423141,344406.9695489372,371725.8150886074,329969.49209569424
2018-07-05,316017.3862468386,320183.89603446925,346342.50383396813,373814.8786771792,331120.72617002047
2018-07-06,317113.04506455024,321294.0004915241,348142.1032440476,375757.2248452051,332260.7207931122
2018-07-09,316603.71460857714,320777.95480271155,347708.9447567799,375289.7076171041,331530.07272603025
2018-07-10,316424.2933302691,320596.16795673326,347787.9700810143,375375.00134127634,331361.9097730067
2018-07-11,316443.056414783,320615.17842186184,347513.2498059956,375078.4898674045,331535.92551980575
2018-07-12,317072.776428681,321253.2009365574,349022.3546704271,376707.2990535823,332111.36401891604
2018-07-13,317419.74809871445,321604.7472310329,349151.4042251716,376846.5850006322,332533.44065976574
2018-07-16,316570.2064252341,320744.0048329987,348211.63701524324,375832.274132993,331583.0367605236
2018-07-17,316287.97483927326,320458.05218384176,348030.74677121296,375637.0354202231,331247.1269945233
2018-07-18,315732.28546725505,319895.036363001,347373.63488686585,374927.8004963966,330573.24219656404
2018-07-19,316475.6313342056,320648.1828230993,348463.6088093041,376104.2326843814,331513.1847531041
2018-07-20,315402.1969194675,319560.5957851511,346990.8091728351,374514.60850794375,330027.50627591694
2018-07-23,314303.55680088786,318447.4707204693,346146.31576407247,373603.1286934662,328519.19248553604
2018-07-24,314397.1236047028,318542.2711494608,346179.217213597,373638.6399322722,328743.6001705773
2018-07-25,315209.7946155391,319365.65676610084,347776.7708967067,375362.9138219078,329425.00030262204
2018-07-26,314525.07571969164,318671.9102404283,346672.88159187353,374171.46246381215,328719.4014428813
2018-07-27,313947.3106117924,318086.5276276645,345052.8958372539,372422.9771591837,328257.34643077065
2018-07-30,313241.48790960526,317371.3990539495,343779.01550890284,371048.0508503409,327471.66617718874
2018-07-31,314547.1528887251,318694.278484399,345979.5208060824,373423.10332466266,328888.5559647743
2018-08-01,314313.98861376033,318458.04007087083,346219.6492450201,373682.27908933134,328305.4207862734
2018-08-02,314809.9905724394,318960.58153372107,347554.5296294038,375123.0440645021,328823.50186969293
2018-08-03,315963.6941386185,320129.4960262913,350114.03154656844,377885.56927595456,330028.56161401916
2018-08-06,316189.82625080104,320358.6095619641,350776.6308347967,378600.7268722609,330264.7598136946
2018-08-07,315959.08398971846,320124.82509519585,350995.559816241,378837.0216086319,330023.74624808144
2018-08-08,315714.58623567515,319877.10377710324,350058.3372944902,377825.45727741794,329768.3648748995
2018-08-09,316221.31592032145,320390.51440489583,350058.1003574835,377825.2015462344,330297.6512203034
2018-08-10,316165.97771765006,320334.44659944595,347382.0936016212,374936.930168311,330239.84968244086
2018-08-13,315970.8886427744,320136.7853858991,346833.78842702834,374345.13265559,330036.07637569006
2018-08-14,316244.2810612105,320413.7823281268,348745.24425877474,376408.20785407507,330321.63863580546
2018-08-15,316553.11039283476,320726.68339912023,348325.93811237375,375955.64175401407,330644.21525454655
2018-08-16,317007.6795121816,321187.24575417914,350402.0221338388,378196.40368192235,331119.01914940914
2018-08-17,317622.98813061824,321810.6668673478,352231.0525890326,380170.515406982,331761.71773174143
2018-08-20,318051.68495947134,322245.01582045434,352230.50486270327,380169.9242342294,332209.4976520914
2018-08-21,317744.17132900504,321933.44779739156,351624.9219714517,379516.3056557522,331888.2953018778
2018-08-22,318074.2289782701,322267.8570693394,351138.85533118906,378991.6835254984,332233.045199595
2018-08-23,318046.254273829,322239.5135343057,350422.71184883994,378218.73453423585,332203.8252238841
2018-08-24,318998.6255642657,323204.4412994041,353022.08251857536,381024.29094382393,333198.59054957185
2018-08-27,318922.59214918077,323127.4054269167,353924.25253635517,381998.0223571194,333119.172568707
2018-08-28,319303.7420158659,323513.5805381587,356796.8828476693,385098.5137476392,333517.2890124472
2018-08-29,319831.3598675053,324048.1547315649,358680.3913169992,387131.4247595881,334068.39334464946
2018-08-30,319592.962889779,323806.61462506064,357124.385204723,385451.9940525781,333819.38431889215
2018-08-31,319614.5631791706,323828.49970200215,358109.2416030121,386514.9706464568,333841.94612763973
2018-09-04,318290.0086988918,322540.6554338656,354784.1002100587,382979.0207674518,332487.30468285596
2018-09-05,317976.5809296423,322179.3823214363,354434.9654110494,382511.4006377559,332049.1217618555
2018-09-06,318344.41208593553,322362.68462334335,354887.3801359181,382634.32188673154,332370.02635208145
2018-09-07,316964.2316829914,320945.85824999114,353108.469283438,380512.574376217,330735.0722269236
2018-09-10,317504.9787592733,321307.29034632596,353945.08136670815,381186.736962103,331216.1915013286
2018-09-11,316968.1817662807,320829.9961242064,353408.1882024745,380787.5347035812,330464.564163896
2018-09-12,317272.54132302065,321017.3999284043,353757.31482619967,380919.2590862197,330732.6949154604
2018-09-13,317658.1132331991,321306.6368361196,354620.8105026921,381934.22040265694,331056.60840972513
2018-09-14,316993.6383567366,320532.95487135206,353831.6192064923,380840.27715318685,330158.73637582647
2018-09-17,316728.33309062384,320238.289110573,353369.3298966154,380174.6824083101,329894.06131871004
2018-09-18,315894.92474137817,319563.5283115378,352348.8684108401,379364.6383702949,328846.33456533425
2018-09-19,315218.8061403409,318803.9516633399,351423.20315983606,378093.9126723724,327913.5986288067
2018-09-20,316058.0691175456,319657.3999592718,352570.4018370304,379481.665166134,328873.4404354193
2018-09-21,315982.77828717354,319533.69252237247,352432.9178869638,379198.3026025865,328744.4976944454
2018-09-24,315229.7499469511,318758.70156444755,351367.1347643016,377869.88481033716,327941.4006816949
2018-09-25,315142.8035308007,318639.09146159753,351284.216295953,377724.355143838,327790.99069376505
2018-09-26,315620.12539703626,318884.2318356916,351782.93415978557,377744.354212795,328305.7081545945
2018-09-27,316072.98820962897,319356.6627514903,352461.9816962448,378622.71520237846,328758.43793266546
2018-09-28,316335.1284773598,319797.0234388165,352962.71050591825,379666.9158292179,329042.8329377147
2018-10-01,315340.70996455324,318588.3502043625,351988.9508454371,378288.45811027184,327607.1337597266
2018-10-02,315246.42708607647,317870.18304882996,351883.71060708835,377435.7139789891,326868.63631236716
2018-10-03,313569.50059182156,316460.85820835055,350011.89520645695,375762.29647788,325419.4154879721
2018-10-04,311101.1441257386,311995.14085973596,347256.67149015726,370459.7506406575,320827.2800259495
2018-10-05,309562.0369518241,309896.7774475633,345538.6924843837,367968.1759825238,318669.51492685784
2018-10-08,309768.11411922507,310995.93379356706,345768.71951119805,369273.3026737075,319799.786827375
2018-10-09,310592.4910951088,311732.7734727096,346688.90386314876,370148.2183632438,320557.4853909586
2018-10-10,306531.4507339201,302286.51161195565,342155.8978448759,358931.8263265662,310843.8132778374
2018-10-11,305028.3084271105,296234.82334991853,340478.06346819544,351746.11529808206,304620.810319124
2018-10-12,306609.12540338293,300241.72452868,342242.5997027316,356503.8676381836,308741.1411773945
2018-10-15,305879.02633335505,299262.46064057085,341427.6500386009,355341.099991224,307734.15571991605
2018-10-16,309246.90980204823,306770.9453077651,345186.9419132474,364256.59575770615,315455.1949202524
2018-10-17,308106.96492202376,306280.36071998155,343914.51501224074,363674.0807750765,314950.7225797938
2018-10-18,306581.47866211296,302236.3189917653,342211.73991474224,358872.22813696467,310792.19977588137
2018-10-19,306754.3788278417,303315.9642603085,342404.73417781317,360154.18757986726,311902.4082680557
2018-10-22,306076.4545215341,302156.1784888963,341648.0229198324,358777.0701462752,310709.7906092369
2018-10-23,306362.23160635796,302192.7025324167,341967.01242256456,358820.4384116196,310747.3485965373
2018-10-24,304354.2548153546,296195.73469481576,339725.67274882976,351699.70183990337,304580.6151197311
2018-10-25,306898.816953446,303411.8229605729,342565.95860170457,360268.00919291814,312000.980591932
2018-10-26,304353.9239554514,295849.94765652344,339725.3034370773,351289.11794546334,304225.0393416666
2018-10-29,303569.38555762783,294384.0008339408,338849.5876197985,349548.4680980012,302717.5936473014
2018-10-30,304875.473524985,298849.1310887409,340307.46641189477,354850.31682619965,307309.1253957176
2018-10-31,305129.0465313523,300928.18414038233,340590.50914521,357318.9625652243,309447.0334854069
2018-11-01,306509.9380038064,303541.55943110737,342131.8849500503,360422.0569142729,312134.3897176223
2018-11-02,303978.2676141745,301034.4068635946,339305.9890978048,357445.09031017945,309556.26322299585
2018-11-05,308496.5689910273,305508.9510002111,344349.3980551218,362758.1169826904,314157.4753468479
2018-11-06,310054.58078673336,307051.8743166969,346088.4787384786,364590.1679098551,315744.0766302931
2018-11-07,313755.0563583158,310716.5128369034,350219.01587786956,368941.5211669694,319512.4558604195
2018-11-08,313988.64749587444,310947.8417739865,350479.75449117867,369216.19871518906,319750.3333910476
2018-11-09,313949.7288100667,310909.29999404284,350436.31275672175,369170.4346108256,319710.7005480725
2018-11-12,314572.9809419765,311526.5162750899,351131.9979540049,369903.3107349151,320345.38934511715
2018-11-13,314261.4141430558,311217.9668276323,350784.2215102889,369536.94236439985,320028.105301178
2018-11-14,313482.3292224905,310446.42691196816,349914.59296204307,368620.82397877815,319234.7241866778
2018-11-15,311340.0630033948,308324.90735180036,347523.3570224275,366101.7539539268,317053.1474219407
2018-11-16,314689.9345561804,311642.3372584738,351262.54367379425,370040.8353531035,320464.48905598634
2018-11-19,315118.3166795584,312066.5707388282,351740.71147580666,370544.5657282384,320900.73198343394
2018-11-20,311885.31971826445,308864.8835581176,348131.98233766184,366742.9160252108,317608.40958747984
2018-11-21,312157.96783137735,309134.89122563147,348436.3170469209,367063.5202913626,317886.06078844384
2018-11-23,311534.6959437895,308517.6553802292,347740.6097979959,366330.62093676336,317251.3518732048
2018-11-26,312119.0096342135,309096.3103169772,348392.83120918024,367017.7097259796,317846.38770908
2018-11-27,313443.3512696485,310407.8264389585,349871.08507266047,368574.99018288526,319195.03098911943
2018-11-28,316247.9068405303,313185.2214462489,353001.5802538673,371872.83981924853,322051.05010304274
2018-11-29,316325.82323485805,313262.3832635574,353088.5519293487,371964.46095001465,322130.3962617705
2018-11-30,319325.16979155905,316232.682814119,356436.4762992587,375491.3634132931,325184.78077251324
2018-12-03,320774.84571317845,317668.3194293096,358054.6305387607,377196.0232391114,326661.0582205788
2018-12-04,321178.5463543645,318068.11045392376,358505.24842809915,377670.7308992333,327072.16676109104
2018-12-06,323228.96417734807,320098.67111870076,360793.96154220327,380081.79728783516,329160.20971334
2018-12-07,323278.86869148543,320148.09233532613,360849.6658550896,380140.47952095245,329211.02997439215
2018-12-10,323074.12850142346,319945.3349403314,360621.1311863375,379899.7275214716,329002.53280561557
2018-12-11,322426.110384477,319303.5925190626,359897.801752791,379137.7293162955,328342.62356816523
2018-12-12,320837.7109045562,317730.57580621215,358124.80179181666,377269.9458066218,326725.07698705985
2018-12-13,321314.044301724,318202.29617889266,358656.4936648406,377830.0616185341,327210.1510932875
2018-12-14,321569.1430093583,318454.9243971765,358941.23941324814,378130.0297093586,327469.9308575058
2018-12-17,320252.0592099157,317150.59582307556,357471.086876351,376581.2836712524,326128.6785946154
2018-12-18,321475.80839750613,318362.4936792199,358837.05764709716,378020.27844646596,327374.8835572462
2018-12-19,321795.5699684051,318679.15853683907,359193.98124213214,378396.2829696998,327700.51274707844
2018-12-20,320624.7215599854,317519.64914519014,357887.0592689907,377019.49370653345,326508.17929194134
2018-12-21,320084.2878146811,316984.44920065586,357283.8174388049,376384.00291828363,325957.8285973702
2018-12-24,318778.7332292283,315691.53818650835,355826.53401714755,374848.8139708475,324628.3171093339
2018-12-26,319375.07612877904,316282.1058361714,356492.1826471026,375550.0477901556,325235.6028901015
2018-12-27,320034.4350815045,316935.07926352136,357228.1709247547,376325.3815738948,325907.0610674585
2018-12-28,321649.2266476503,318534.2324698947,359030.6302052757,378224.19928123726,327551.4840290847
2018-12-31,322798.2739740527,319672.15191090154,360313.21742003027,379575.3528639595,328721.6163527512
2019-01-02,321955.45247491106,318930.8906799629,359372.4449607237,378695.18707029865,327906.3595903404
2019-01-03,323560.7332707187,321575.3410966676,361164.28814897605,381835.17969728145,330860.6243435614
2019-01-04,321963.2557465348,318977.21257863153,359381.15511233173,378750.18920585344,327918.63425282465
2019-01-07,321813.41481928725,318700.33290675475,359213.89998443687,378421.4251939579,327475.4112578424
2019-01-08,321635.566005991,317883.7593015239,359015.38195227954,377451.83427872777,326631.3317792485
2019-01-09,322589.79661670304,318636.1291301703,360080.51125818765,378345.1903045359,327105.8855104087
2019-01-10,321832.79013732274,317955.28742250154,359235.52706160164,377536.76601769065,326080.2093291567
2019-01-11,322567.8163098709,318781.87830222124,360055.976445851,378518.2513393497,327026.65130612755
2019-01-14,322271.0172029671,318886.9188254764,359724.6839645767,378642.9753525027,326826.4651382276
2019-01-15,322132.2589334146,318506.4924336011,359569.79949778394,378191.26105373877,326249.7522129373
2019-01-16,322503.17765885673,318691.0539043787,359983.82562537136,378410.40740407526,326470.64385113615
2019-01-17,322466.4513608193,318159.3802177043,359942.8310734276,377779.10365734104,326071.5619613329
2019-01-18,321782.53254264,316587.5455708673,359179.4286338839,375912.7237204261,324437.8008236484
2019-01-22,322660.59204236744,317696.5523070093,360159.53438085096,377229.54666131496,325821.04342423705
2019-01-23,322862.70981618966,317454.1724338717,360385.141861607,376941.74734778906,325598.80226692976
2019-01-24,323541.1830427112,318002.3438326213,361142.4658341663,377592.64030442137,326527.2995658094
2019-01-25,324198.5101042957,318917.2088057265,361876.18607851857,378678.9413566509,326884.81375240255
2019-01-28,324413.5188944686,319322.91942133964,362116.18274271087,379160.67787689966,327128.35546083836
2019-01-29,325408.6705495482,320510.19184454135,363226.9888515793,380570.4326718937,328447.15599733894
2019-01-30,326670.1251659824,321584.60309214884,364635.04709761974,381846.177293356,329235.4561462938
2019-01-31,328263.3787706104,322657.71300951694,366413.46531957004,383120.3767289713,330736.8802607943
2019-02-01,326998.8797673353,321100.12655694666,365094.40938418277,381410.30788316566,329032.3407404846
2019-02-04,326452.3018955484,320520.7682449429,364532.622093186,380774.958729374,328312.8354467199
2019-02-05,327318.3948175444,321166.3340107866,365697.79915992136,381730.3031381161,329094.6313231335
2019-02-06,326736.7127571879,320612.26086614816,364872.40296633105,380757.29103605315,328632.0044596097
2019-02-07,327332.25588562683,321487.6797573802,365581.0178643949,382139.4497165254,329712.628262249
2019-02-08,327882.22299103934,321908.0920155393,366383.71531957743,382886.01441994734,330284.1766864243
2019-02-11,327186.17028728564,321241.098185382,365598.7960774214,382093.96824195626,329511.8832249512
2019-02-12,327233.5588219057,321107.3839290786,365646.173915314,381762.69738282,329273.9489744024
2019-02-13,326695.90260002925,320716.7089188964,364821.1027872857,380999.9604455845,328751.75759606715
2019-02-14,327695.69963111816,321981.0620546171,365976.7465845809,382829.0470801171,330130.7730919639
2019-02-15,328103.7892589136,322387.85870140657,366623.7551492847,383677.6483120072,330561.95664740435
2019-02-19,329135.3024438515,323774.10262261715,367899.0385197375,385892.91729219037,331899.7696444488
2019-02-20,328895.6215840337,323557.70391558966,367463.1915740925,385335.6978242601,331573.2313172113
2019-02-21,327776.88221831294,322374.47869096417,365952.37324016925,383360.38664007373,330108.87262356456
2019-02-22,328944.7707675482,323387.5772525671,367402.09480819956,384718.17654639226,331279.91560419847
2019-02-25,328559.72792055743,322887.3234296827,366902.4147183623,383882.71674164967,330700.05534232984
2019-02-26,329089.4197918561,323417.4534592899,367520.5393749608,384571.6633162957,331400.32939931896
2019-02-27,327945.9388561593,322199.12543259654,366067.86922020244,382707.647831415,329791.592233673
2019-02-28,327275.89416082966,321443.1951189513,365255.0562604185,381600.3043281092,328967.64297990804
2019-03-01,325894.7865293738,319729.1925845578,363372.54733283666,378611.73242980865,327027.9907463853
2019-03-04,326491.44950280973,320265.27123878355,364092.37980503024,379300.8979129815,327849.22585400636
2019-03-05,326668.459044029,320461.98271589074,364417.92997421836,379763.7324466122,328116.1422419635
2019-03-06,326775.73843215854,320494.1608804747,364417.5658702506,379548.59835283743,328307.8425506916
2019-03-07,327244.4124507018,320737.01873004634,364746.9634528329,379355.7061401786,328811.2891124552
2019-03-08,327898.265370497,321461.0780287746,365631.9672817422,380532.3181770548,329640.67276935827
2019-03-11,328585.00225938385,322249.6165567752,366721.76207775786,382088.2785381531,330207.5295535249
2019-03-12,329621.671363233,323314.60505114263,368060.0065882977,383687.73978719214,331464.6507454254
2019-03-13,330070.77358780405,324109.41229074687,368589.6396820071,384939.03584031115,332084.52154759923
2019-03-14,329418.42866067745,323468.2209968018,367615.8878379299,383768.5947495662,331191.6129048179
2019-03-15,330477.5255019292,324461.6969913566,368757.8215090298,384846.46630759165,332367.75402492244
2019-03-18,330232.11614086415,324193.49317051074,368390.068268568,384351.9700574232,332104.3363683878
2019-03-19,330169.01086340076,324088.4720128908,368420.40668150864,384363.314077187,331911.51945359306
2019-03-20,332226.6547533005,326045.18707011786,370661.68497818214,386546.4110608802,334114.3078676479
2019-03-21,333059.36320717784,326938.42640877777,371965.57426234166,388284.71329042787,335005.2702858649
2019-03-22,333860.0064107194,327280.0179200781,372770.56452177145,388214.05140744074,336012.8513345423
2019-03-25,334451.06590254843,327828.9166846792,373726.29963454406,389333.83226954355,336572.96173640934
2019-03-26,334439.49894223124,327762.8315245837,373966.33552608883,389635.1388659412,336481.4937209431
2019-03-27,334425.69559512154,327582.59989895666,373880.1901994797,389180.2705766325,336740.9536714694
2019-03-28,334506.60383449343,327539.48351333634,373889.62388363865,388904.2372580349,336861.7848060611
2019-03-29,334625.64853968815,327789.5490898537,373816.37657814845,388957.4813944804,337040.85779361834
2019-04-01,333535.75499516824,326784.9926942702,372672.31238630123,387928.2625108941,335494.6825481865
2019-04-02,334287.5817561417,327614.86959014536,373716.1013863812,389308.5441609457,336321.1808517051
2019-04-03,333657.60819398164,327020.9214558524,373206.8291489023,388930.27081962855,335457.46773569746
2019-04-04,333939.4737810178,327218.2352668634,373543.3664449943,389137.4997381943,335742.2948723528
2019-04-05,334541.8164267275,327828.98806467047,374320.67840937193,390043.99065393466,336347.69504008244
2019-04-08,334225.3983012972,327569.57979743066,373971.59229929006,389782.49365798605,335979.4135349759
2019-04-09,334506.3808790955,327713.16842462326,374264.0629659037,389816.35408172524,336227.2792372439
2019-04-10,335949.0616225441,329066.75948790536,375985.9254070351,391550.9622152865,337552.67697643983
2019-04-11,335027.2192433186,327982.8384553766,374882.8491251448,390007.71648945793,336344.8700257686
2019-04-12,334717.564242578,327644.713121297,374686.74704761826,389816.8114631142,335772.4026461267
2019-04-15,334511.4045313375,327544.6136291593,374271.76309400203,389484.7120106273,335774.60219256143
2019-04-16,332902.0855132693,325757.82718980534,372070.48844274547,386561.57240768225,333913.0930393242
2019-04-17,332612.9422782705,325402.75210688025,371637.33962370997,385910.4202873231,333604.2813265039
2019-04-18,333427.9564362912,326365.61306740576,372484.6239136875,387080.046885277,334675.0512180782
2019-04-22,332813.04671055014,325738.7510556728,371659.4566379449,386098.5081566936,333926.0417145863
2019-04-23,334180.23072056676,327073.62630155555,373472.123246036,388130.54448951443,335221.9296984835
2019-04-24,335302.24937706126,328171.12036702706,374710.12011492177,389407.16517674463,336524.13592264045
2019-04-25,335233.66184694564,328134.9719627781,374600.6743307246,389336.32067207,336437.1348422254
2019-04-26,336395.6322257399,329266.45755608473,376100.6908731457,390993.3803459539,337595.60747168364
2019-04-29,335244.63166472793,328192.7006798619,374717.1109451405,389606.0877722606,336378.67079592944
2019-04-30,335796.87447499775,328860.8639018098,375329.2020588336,390489.7478482365,337177.8228985825
2019-05-01,335262.8279328727,328206.0386811649,374831.55128984305,389769.48631875095,336732.09033920866
2019-05-02,334155.6774186053,327155.5091944047,373705.34955749626,388720.23700718675,335591.255108676
2019-05-03,335732.45042247645,328724.7396520064,375753.7867401767,391049.94546956924,337122.1964749077
2019-05-06,335964.94930074277,328883.4933033924,375895.3763686442,391004.4833392017,337376.5705528052
2019-05-07,335373.0958230696,328127.0134348896,374898.6550794477,389456.64566077484,337003.36698837875
2019-05-08,334540.20849760954,327404.3115402588,373979.2591948636,388681.2367483731,336175.52232013416
2019-05-09,334966.35245847475,327857.8100353394,374396.16114282707,389151.67021390033,336750.53305692476
2019-05-10,335550.6043906967,328551.25190654915,374981.18740415166,389952.6432866213,337322.4826244272
2019-05-13,335546.366464961,328483.66684994166,374666.15323511284,389341.35669537575,337579.02972247236
2019-05-14,335994.9096769277,328912.97363466857,375258.9025207707,389987.5348389116,337848.27291799267
2019-05-15,337179.36648315896,330152.137131629,376800.3754365712,391854.97338182153,339217.2620628994
2019-05-16,336879.17416779243,329932.43980742217,376565.99424897716,391804.4800865231,338883.1957351203
2019-05-17,336245.3268495045,329103.4830351505,375723.93007178715,390465.5474340137,338224.27343571256
2019-05-20,334971.9549481194,327705.1415039332,373941.3869033502,388136.75804794696,336875.7760497993
2019-05-21,335430.3895310869,328209.22076223366,374574.98668197816,388963.20215944183,337267.61467433855
2019-05-22,335700.5924597385,328425.75834195357,374942.56351306225,389289.77738191,337695.33183222957
2019-05-23,336430.28481582185,329138.8309515742,375766.08347285265,390147.8011383964,338795.8918454398
2019-05-24,336842.3217006497,329450.2525343204,376161.26829047204,390351.38810931664,339113.01269962324
2019-05-28,336764.25865046115,329278.7445804569,375963.3052370199,389908.62594013265,339250.2834703139
2019-05-29,336380.6262991424,328739.1307833556,375112.67843125615,388494.5421333423,338884.18479574256
2019-05-30,337889.1811103876,330079.15268721984,376963.3061741542,390248.33625147684,340449.24357554945
2019-05-31,339349.29935837776,331717.29836744437,378304.79267938243,391882.65989771625,342447.2042476293
2019-06-03,340156.28058993415,332431.41669277626,379157.773091634,392601.6841179776,343370.59395044256
2019-06-04,339586.56019377644,331620.97348019056,378575.000595246,391525.36999425024,342077.09139148553
2019-06-05,340228.57735351135,332569.89410734986,379495.50404750335,393258.21031598,342624.0913487573
2019-06-06,340508.0177882628,332706.0899349693,380036.73557257024,393697.9348483989,342907.4816721431
2019-06-07,341931.9877276435,334061.9726805251,381709.558455061,395415.5708216984,344537.65655362484
2019-06-10,340169.5434316066,332145.0573978147,379779.29725943407,393049.55468216684,342372.907574815
2019-06-11,340146.097599947,331998.7473648399,379952.3265684678,393114.00453570695,342275.56562215375
2019-06-12,340835.4746481331,332740.0256978828,380963.534912632,394458.41772757436,342965.3489353523
2019-06-13,341660.1741315366,333528.1895569209,382218.6060381422,395946.38258116663,343832.4115337612
2019-06-14,341600.6612318843,333395.89744159183,382377.80753293703,396112.80359454587,343844.56374841376
2019-06-17,341692.22618338675,333456.7540635635,382834.6307351743,396765.2799640873,343987.2109060667
2019-06-18,343063.55580248364,334460.78367303504,384353.7859923122,397654.0502682125,345125.0159885873
2019-06-19,344854.25989587844,336061.4951103664,386271.82445341843,399287.24524567294,346605.3126700586
2019-06-20,347209.4625318456,338535.73763192515,389103.6017187626,402704.2083410135,348914.4716292114
2019-06-21,345952.93547649134,337311.5625313056,387838.4677115585,401492.2180151271,347271.43988337426
2019-06-24,347168.8992890569,338626.42277825344,389465.05177719065,403612.67017318186,348808.36567012634
2019-06-25,346515.5665939661,338131.2758955735,388707.3008843846,403097.90959958633,348534.1385102448
2019-06-26,344995.5734353874,336344.0669718842,386438.378759233,399753.72143093584,346634.34862124093
2019-06-27,346293.09047909896,337343.3456700358,388194.15928870084,401236.42422782426,347873.7138754681
2019-06-28,346810.8998464479,337708.61529621476,388963.05923492514,401876.1881599785,348159.5834749615
2019-07-01,345871.5297065405,336205.6854612459,387811.41649458173,399431.0941570512,346717.71362441004
2019-07-02,347695.740654851,338282.1791420149,390533.47919278895,403190.78761158674,348933.8051932902
2019-07-03,348879.0057565045,339514.47077836585,391975.5076540199,404896.672157468,350375.35747199383
2019-07-05,346758.3445390626,337779.7601389632,389155.99264779297,402349.0102607502,348184.8517458017
2019-07-08,346327.57670798554,337375.8429368845,388470.09111262386,401552.26144401083,347893.1360462502
2019-07-09,346478.71411738486,337827.5353564581,388552.58385440614,402157.08046620904,348275.28751586424
2019-07-10,347740.53771240544,339222.65917063406,390238.66269747895,404367.48256726906,349243.2807219679
2019-07-11,345850.17491266126,337434.8475880422,387786.9177139373,401741.0792377291,347007.2319867273
2019-07-12,346462.8176931761,338127.964766928,388477.5948872445,402637.3484182738,347676.21439319925
2019-07-15,347070.0652757848,338726.1724416043,389048.2855772621,403175.43293752853,348485.7116050303
2019-07-16,346108.3247522954,337707.86882047035,387810.05148259655,401650.32118240756,347439.4374688103
2019-07-17,347505.2335635152,338921.081840357,389652.6911864197,403439.16553515324,349038.4230465772
2019-07-18,348588.8389258489,340071.0471054712,391015.74089936557,405110.4159191806,350060.4998696155
2019-07-19,347085.4796986827,338268.43100935494,388934.11364070146,402095.4695416725,348349.70640695485
2019-07-22,347550.12730261055,338513.1100901502,389608.8001607512,402492.8806866715,348659.0519219338
2019-07-23,347701.72236700245,338645.384736595,389878.3947819625,402800.1769610983,348509.5921082423
2019-07-24,348423.8077314184,339259.5140732832,390948.12729413435,403888.7877740798,349265.18503092934
2019-07-25,347259.1430230914,338109.5646557917,389398.066193858,402117.1638094549,348013.23672564013
2019-07-26,347679.7322895163,338500.11173960724,390142.32028736547,403007.61945749685,348474.1583257005
2019-07-29,347837.04918509925,338785.1271261834,390508.2643438247,403741.83353980427,348741.3187145628
2019-07-30,348230.6892195004,339343.5581830168,390900.36271050345,404446.4362256943,349354.5256645312
2019-07-31,347884.0393875407,338778.8429226468,390143.73823944904,403025.8056541622,349248.19273529603
2019-08-01,350561.32772153494,341348.43167981337,393735.5604156561,406994.18429562694,352494.5910986741
2019-08-02,350454.17508756317,341121.7974455142,393449.6122782957,406392.2783469089,352695.06626143504
2019-08-05,350121.8348398736,340646.8564747027,392345.3984823384,404641.1744385866,353024.05356105935
2019-08-06,352122.18257307215,342546.23506314564,394917.78397916205,407350.50620909437,355098.61573045753
2019-08-07,353042.1452216267,343693.9334020163,396298.2383200034,409408.7573658068,356156.1110411258
2019-08-08,354944.8906498348,345792.4738343419,398903.3297156814,412775.94405006955,358155.0446353113
2019-08-09,354052.67473832256,344961.5402705254,397651.12795351236,411443.31809064833,357312.5886217525
2019-08-12,355245.2806752219,345856.77646498044,398879.340640277,412155.85404756264,359051.65828636754
2019-08-13,355350.4506377968,346059.0958503269,399319.8799346392,412943.63256201666,359082.38996846305
2019-08-14,354996.2661104711,345353.12862585654,398437.5808051127,411128.2693900816,359447.89087170013
2019-08-15,356815.69471351214,347145.4974062742,400594.1169758444,413446.43164084014,361578.65435076575
2019-08-16,357141.1929833397,347379.9263763593,401601.3629862056,414611.4659417721,361431.97043770686
2019-08-19,356574.5456680339,346985.8588184879,401330.70321393956,414793.3783372941,360429.6426907027
2019-08-20,357221.2716419203,347246.31112805946,402148.01958878955,414971.6929154685,361130.5436326993
2019-08-21,357381.74182355514,347277.9327761557,402578.50858984166,415287.88119409414,360859.78896817
2019-08-22,356807.7323113104,346910.07276137354,401804.7357628955,414797.29209543177,360226.8254157155
2019-08-23,357225.83477171237,347085.4986765496,401502.4597782299,413702.9276297083,361123.16720879247
2019-08-26,357800.983544188,347785.86026740225,402608.42463660805,415314.28334846377,361579.45128554443
2019-08-27,359144.8312994877,348942.30272600055,403962.0771213933,416354.6927838066,363325.5592531269
2019-08-28,359540.3993766877,349428.952608678,404262.2102950849,416795.84696439793,363827.4194900562
2019-08-29,359869.6114604285,350035.86563621217,404687.25851920847,417806.0306873004,364209.10833982914
2019-08-30,359351.5883868809,349412.34978690825,404508.7257647034,417570.8607276678,363653.4221071083
2019-09-03,359673.77455794055,349902.20507332403,405234.281049424,418827.5314002743,364152.5682747332
2019-09-04,360991.49227595754,351385.54331631045,406946.6081737481,421145.6062748736,365596.07315280294
2019-09-05,358671.07458499464,349226.4416169896,403962.055001615,418051.466698838,362910.8832309146
2019-09-06,358938.20083685237,349166.02390036616,404242.27357576764,417665.17686232924,363113.385618781
2019-09-09,356940.74009165465,347421.7399228861,401907.135983408,415615.1522311525,360834.3737777216
2019-09-10,354374.16354068543,345060.17505438626,398743.2166941192,412468.73108760547,357993.28994830017
2019-09-11,354503.7034099328,345314.62337208283,399167.60297933005,413333.5319654983,358167.0092015876
2019-09-12,354448.74566999124,345393.5070383308,399222.3573740823,413731.83366261894,358005.29523166025
2019-09-13,351680.1384234206,342825.3999835538,395739.89411630004,410182.23878558615,354843.46746408526
2019-09-16,353529.95169744897,344651.4372855222,397685.00431631226,412166.9607508958,356997.48025904084
2019-09-17,354590.86745650216,345735.1691476709,399197.4625377511,414020.7104712247,358201.6412456522
2019-09-18,354180.39893019904,344932.6866446824,399100.83248055115,413296.9893565452,357606.09443586046
2019-09-19,354948.01439413935,345603.7306127733,399999.183562646,414087.71736736246,358339.9062984214
2019-09-20,356715.48300833284,347112.90839016857,401888.4941061377,415545.22705945506,360222.54258356796
2019-09-23,357138.0848240398,347735.011511661,402328.99028472195,416417.3888816511,360795.7428903146
2019-09-24,357845.0613118738,348292.99633713963,403078.2061624564,416895.3072680543,361752.8084748846
2019-09-25,356029.264479294,346589.80135924247,401060.0591987522,414956.53471624287,359630.5300478065
2019-09-26,356631.2893864768,347127.0115822151,401943.63500509027,415887.5657445393,360364.052853177
2019-09-27,356000.31595668703,346289.3727774137,401190.527516841,414620.53720894916,359670.52962326934
2019-09-30,356251.5462827496,346244.8331034124,401444.3367217923,414266.96362552623,359717.36933213007
2019-10-01,356437.4625666581,346362.99512199295,401399.93791472993,413951.2101169192,359935.75751303684
2019-10-02,356453.002976331,346420.449202548,401424.14360170456,414057.6060688071,360075.22545927716
2019-10-03,358324.26711738785,348367.21626688086,403849.6911543764,416939.378669475,362221.4757987729
2019-10-04,359744.9603054323,349730.4231190962,405586.98711350193,418760.6015516172,363761.24083322
2019-10-07,358347.1749084191,348487.3898420011,403832.18656531937,417083.5233492016,362300.7227282179
2019-10-08,358040.41542446543,348189.7005700783,403499.78904226446,416747.3506814228,362116.34978893894
2019-10-09,358036.351844608,348146.3191492024,403811.5802959942,417138.1369867883,361876.5418066532
2019-10-10,356741.6729615873,347108.26690042694,402283.83040178183,415939.7139122671,360377.97291639564
2019-10-11,355889.5154078507,346223.180894276,401433.0133588904,415005.5915779124,359114.38104066264
2019-10-14,356676.61053200887,346881.534857429,402408.32727631275,415853.7507320907,359984.62766415084
2019-10-15,355906.51974547026,346182.99153978575,401725.6720311895,415325.4471941732,358906.7310897433
2019-10-16,356435.5636050376,346734.51380085724,402311.6367750843,415994.88165671617,359465.3693095325
2019-10-17,357047.3314894404,347358.4816610252,403053.3740450922,416838.48064667435,359964.2739345475
2019-10-18,357405.0949688721,347681.4441537442,403371.9201881145,417082.9513880715,360266.38310461503
2019-10-21,357013.17406944383,347415.57993961894,403253.22260600666,417320.01262040576,359753.92636297405
2019-10-22,357399.47187165904,347727.9806157261,403388.953401604,417207.1869229641,360250.6772002187
2019-10-23,357762.9324413882,348127.0305472286,403849.67688528803,417790.8173924946,360659.0882549991
2019-10-24,358373.6788078861,348673.00617663783,404709.90323110856,418667.6100887464,361099.1917384454
2019-10-25,358017.0675129656,348397.51983240875,404126.18940516724,418115.4400379462,360669.9728081793
2019-10-28,356716.92524405057,347069.444755543,402843.04237896134,416753.83212679334,359109.6213732294
2019-10-29,356294.9818582257,346796.9443605554,402571.2717384093,416821.46446029877,358878.0381564869
2019-10-30,357781.98362502747,348304.1534096949,404319.75697604363,418774.02810184436,360797.10423069005
2019-10-31,359339.88570972387,349653.7476997591,406272.8332638602,420572.3274795738,362532.75800607266
2019-11-01,359656.27403901273,349954.1622932027,406545.024500848,420807.0427666528,362705.1154712703
2019-11-04,358619.4806985341,349111.01951814344,405066.19331691833,419448.6341723451,361456.3156415151
2019-11-05,356167.5821201079,346625.840312145,401608.0710318097,415420.2124766603,358739.8183768637
2019-11-06,357277.6238295784,347480.1640750158,402849.32719825266,416300.3586846796,359747.7098847024
2019-11-07,354629.2503614926,344939.6870570768,399610.59550377436,412915.8483454696,356743.7634968741
2019-11-08,354141.7415869479,344463.3141274794,398955.49420750263,412193.2052676689,356154.15239626536
2019-11-11,354260.4099272586,344580.20844644797,399063.9682164665,412297.8925155304,356286.2432274436
2019-11-12,354168.80354593723,344382.5716334853,398948.98203667224,411982.7801508034,356258.8557203951
2019-11-13,355229.1582739093,345468.2774219847,400435.5156787347,413729.94188305346,357496.25747863535
2019-11-14,356703.3869346905,346805.0434779526,402347.5606266193,415633.1679666936,359101.58971385483
2019-11-15,356958.44634854444,347103.2248171911,402901.22154950944,416399.16697312903,359343.1118358405
2019-11-18,357726.0938283355,347943.99911586463,403790.58541361574,417494.3821756217,360192.55330608203
2019-11-19,358323.86640681024,348498.5458057567,404446.1291892949,418116.96916643594,360999.9831811698
2019-11-20,358840.4673469466,349003.4056999653,404691.32719286013,418240.9020919487,361831.80127222935
2019-11-21,357289.72353153594,347316.92267120164,402650.96860055544,415701.5739612351,360033.7022320498
2019-11-22,357273.09546803025,347048.27558142494,402578.22718593525,415159.150108417,359826.5736595847
2019-11-25,358015.9893385316,347646.2712463371,403548.7498889048,415994.4576701097,360488.3604627679
2019-11-26,359453.2351246027,349171.37186332553,405428.4778771803,418263.3825383496,362120.3215763223
2019-11-27,359340.2247967264,349040.1747326405,405531.5791583187,418423.0241114341,361896.20736127504
2019-11-29,358784.23881620535,348543.65093120513,405011.19199521944,418005.4233328427,361356.7066170834
2019-12-02,356948.5039898184,346690.142365382,402426.95999059064,415012.78386680625,359156.38317858055
2019-12-03,359104.77662357717,348633.034639473,404832.7138374457,417202.5299505117,361695.76527471934
2019-12-04,358940.650644417,348553.0318762642,404683.7590602552,417211.1066001359,361275.99569305475
2019-12-05,358660.5957015267,348309.7335465036,404474.76020153734,417093.2860618632,360880.1489483234
2019-12-06,358395.4844505772,348034.870990153,404167.4749641109,416740.67260523903,360431.930421931
2019-12-09,358361.87703946396,348007.94240799826,404074.1518634586,416631.9054024623,360481.297590247
2019-12-10,358126.9005113017,347720.13467727177,403746.29227790714,416157.0638292042,360214.1298170813
2019-12-11,359167.0221660286,348638.03092261445,404821.8961093619,417054.7378577006,361344.4873182371
2019-12-12,357407.8911861358,346903.70531702024,402835.65902601223,414957.438638876,359150.9321741242
2019-12-13,359018.2875031267,348285.4197692895,404724.0697038889,416597.2691253579,360841.40765767684
2019-12-16,358904.3444499203,348351.518895607,404910.9225083044,417248.156326147,360593.7581368022
2019-12-17,358661.6840462504,348125.5074436475,404312.9786765994,416514.4661120874,360334.6829888304
2019-12-18,358774.9190536934,348328.11327661364,404666.4891108039,417144.5676974785,360241.96037606325
2019-12-19,359717.79279119935,349392.80087301444,405888.8580979632,418747.7596082954,361292.98060123605
2019-12-20,360027.9771171727,349801.4137378905,406457.14099344425,419624.40193376655,361720.65015369817
2019-12-23,359862.65983659786,349555.86501326074,406469.9585430063,419563.1732782077,361440.452405255
2019-12-24,360677.5040443297,350461.19291584776,407558.9449637518,420969.2502310682,362385.81357353023
2019-12-26,361782.34219866875,351650.5315354638,409185.79281501623,423023.20654741157,363581.6591259843
2019-12-27,362096.71896282723,351906.7984996361,409625.43337216484,423421.02384077397,363859.27919606405
2019-12-30,362102.57889528834,351749.09937083704,409579.76191597665,423047.4546198324,363585.3480824872
2019-12-31,361835.45975468465,351800.9240530631,409324.13975453505,423382.7344944134,363293.9478418041
2020-01-02,363291.1013981243,353392.897094459,410834.034350565,425215.51622469624,365146.7470155015
2020-01-03,364830.3155605734,354965.8957846242,412516.4267097471,427072.11990545044,366772.0636517324
2020-01-06,365014.14673085255,355507.68336485815,413203.54110503005,428656.75810582837,367331.87109020207
2020-01-07,364220.6938174231,354772.6808977065,412445.78209643514,428000.1356832032,366572.42243649287
2020-01-08,363965.2485028894,354590.4537167671,412193.94878479,427878.0598391947,366384.1343783997
2020-01-09,364487.92086131114,354784.7852286886,413024.5129565527,428257.79805108055,366584.92935759755
2020-01-10,365536.7604305391,355812.54905818147,414194.7868603639,429476.20589283435,367646.8766183519
2020-01-13,365825.9292654607,356396.7456166858,414673.9941334042,430598.47768721945,368250.5035579688
2020-01-14,365865.90081250406,356327.9095171505,414521.166595094,430155.75900195196,368179.3779693416
2020-01-15,366837.51875112264,357319.4404148429,415919.99863303365,431817.52172611543,369203.887190762
2020-01-16,367249.4163437228,357694.6343958097,416820.67053192924,432888.1912006028,369591.56012583297
2020-01-17,367347.10493806173,357829.82853252813,417230.6580901067,433515.2785434043,369731.2508203663
2020-01-21,368649.47312860365,358978.41247091745,418757.58368790604,434898.6675165193,370918.0366675788
2020-01-22,368555.30662976997,358810.80189521535,418718.41934046056,434745.49038379494,370744.8513631027
2020-01-23,369547.66792738985,359908.70098312374,419949.1483433125,436312.3565907847,371879.26658139686
2020-01-24,369920.82199656614,360206.63546470803,420181.3650512207,436350.2974442532,372187.1103656628
2020-01-27,369993.4300577899,360112.08586483396,419929.0692443784,435638.8580413966,372089.416045518
2020-01-28,369990.7580124761,360160.2304441394,420168.25069003756,436083.88722229557,372139.1619138259
2020-01-29,371140.15061193524,361267.7681288301,421387.55378085043,437291.89598329226,373283.53630869044
2020-01-30,371555.42186646984,361720.6704024763,421862.42998862575,437876.6267985816,373751.502114731
2020-01-31,371700.43253936706,361649.3090569524,421399.0918866755,436734.35576634796,373677.7672904181
2020-02-03,371820.6680161751,361879.4638223725,421972.1465811868,437719.3961840592,373895.44313503394
2020-02-04,371201.0409497274,361374.15003715374,421674.05730429525,437821.0601919382,372922.4680307666
2020-02-05,370712.35580625245,360810.8097706121,421372.12828470225,437483.4578672109,371991.828074508
2020-02-06,371502.58045273955,361902.5311124423,422310.95304203767,439091.56950127974,373172.4275893977
2020-02-07,372593.2077807982,362852.0076929031,423376.39928165195,439887.7549899942,374518.84559602576
2020-02-10,373949.28557798604,364331.3023550967,425244.7905363817,442312.5508768155,375996.79164555593
2020-02-11,373449.01265095733,363857.99936314864,424925.9078168183,442147.6336070092,375367.8017727203
2020-02-12,373572.2001883663,364077.0265624825,425274.3823629354,442814.773187245,375381.22200011445
2020-02-13,374188.70288367313,364971.55880034884,425904.09955522325,443987.7285681656,376355.25224606326
2020-02-14,375286.5494628501,366103.4138010576,427491.4767392313,445948.0809725888,377570.37816728995
2020-02-18,376340.17497018183,367244.7501447302,428787.446514259,447569.63700954884,378888.20718917105
2020-02-19,376250.39085356036,367300.59044833994,428713.65457103075,447781.5863383389,378937.46639141755
2020-02-20,377273.8504718723,368218.96206311265,430002.31748851965,449042.7816097297,380086.83140506165
2020-02-21,378121.8297006413,369080.9519751518,431031.3333922995,450217.9444558386,381242.40244482766
2020-02-24,377941.59612345457,368825.0288601177,430025.4375633325,448564.7020817606,381573.05324090336
2020-02-25,375558.26850224956,365571.4368648116,426586.42081528174,442807.3369149585,378746.2352494927
2020-02-26,375102.11881789274,365442.70380243886,425957.3907432438,442688.6289306416,378425.8043210333
2020-02-27,371979.1440945315,362022.1177922219,420662.1932711956,435491.7796135873,375647.6730520664
2020-02-28,371658.39763839304,360198.08313709835,419923.8323004355,431678.5782253425,374791.58359678625
2020-03-02,374865.0295012951,364503.5802541356,424520.71004673647,439199.7009812457,378546.9630673939
2020-03-03,378858.46755877475,368281.1803650966,429157.673899675,443841.9845370047,382706.460295022
2020-03-04,379465.1605700263,368896.2166944502,430541.8053347948,445877.10857325734,382776.72643530875
2020-03-05,380786.20666891016,370739.2416489532,432120.00848772575,448873.8393114447,385610.24574220064
2020-03-06,383008.50205524534,372737.1058711947,434455.7699410982,450767.52457034396,389864.2933878207
2020-03-09,377210.6598016038,368433.08639998315,429121.21005396964,449322.95195228374,387185.1122289518
2020-03-10,369770.5071988073,361570.2689638953,422677.5300695014,445124.5038828021,378444.8297821967
2020-03-11,361674.1776235216,355212.7841270082,413589.7889980385,439382.65998895734,370911.10240787826
2020-03-12,353620.854849237,350854.36866170453,400045.41981611075,429967.3405076934,367188.5399900169
2020-03-13,358403.84892846306,351493.1726685851,407472.45742758445,429899.6376185282,366772.33530084544
2020-03-16,355831.5786913149,349943.0767510557,404493.3128185994,429002.86075034284,368223.6806972448
2020-03-17,347967.1311202878,344802.6047533357,396804.04600728065,427972.23800872423,360498.9529803529
2020-03-18,339311.76272123057,339632.8306235341,384296.22053921333,420471.50222382916,353287.8128968449
2020-03-19,336641.7891422158,342501.52275792294,375753.5717045924,419765.5053311127,357074.31683154905
2020-03-20,345146.9950580389,352389.34938605985,381432.1772755615,425799.76487751585,369383.6547733428
2020-03-23,356914.6223312514,358891.94648586673,397506.99615489756,433514.0674285702,377216.5634479467
2020-03-24,361401.92174182617,362286.52787532343,405013.15602001117,441169.93608474446,379503.6173020367
2020-03-25,366958.73105504183,363232.87591282895,412461.7145863775,439449.1155371311,380270.7848257275
2020-03-26,369276.95908184047,366312.44451008504,415328.5876527351,444542.0153154568,383331.2302098871
2020-03-27,369276.9534101772,366605.6368351765,414616.68216681405,443888.8623171882,384838.5561621728
2020-03-30,369531.3506094793,365204.9595885466,418522.00441475026,447146.5144771312,383163.0364365246
2020-03-31,367681.7067374925,363133.5958514073,416106.11731489946,443732.40080545575,380876.4795079812
2020-04-01,366707.9484766186,363961.45571539225,413097.6948611554,443308.855282435,382284.1408863529
2020-04-02,369943.27325763344,367172.54923518625,415405.33453224186,445785.260049926,385534.40627535374
2020-04-03,371559.6800775811,368776.84982823423,416295.01358319307,446740.00418564066,387119.65395572584
2020-04-06,373025.8259527449,370232.01486960443,418898.6379157756,449534.03992299957,388318.8144218781
2020-04-07,371763.09285557014,368978.7391275951,416908.39426635177,447398.24336704024,386648.24578783044
2020-04-08,369971.10433180333,367200.1718659776,415322.9716058182,445696.8736583175,384661.65902665735
2020-04-09,373697.0922111205,370898.2536178669,419543.56802916975,450226.13584573776,388124.844053947
2020-04-13,374992.1251516826,372183.5872906286,421345.5745121951,452159.9288471003,388837.4197098898
2020-04-14,376239.41788389324,373421.53830970114,422825.11399477994,453747.6718011981,389951.11414155917
2020-04-15,377437.36497770477,374610.51326905214,424620.5261685233,455674.3882302739,392368.4958925341
2020-04-16,376450.36529657466,373630.90581241786,424799.2121743877,455866.1421173086,392051.7036210646
2020-04-17,373784.2829185863,370984.79130254465,421301.8352281723,452112.9907688388,388954.4513263015
2020-04-20,374429.9956820786,371625.667941164,423042.2819385126,453980.72193373996,389944.26901523315
2020-04-21,374958.0875020706,372149.80456911033,422862.20528120315,453787.47569245606,391058.3403372409
2020-04-22,376839.56186190713,374017.1874544338,424767.173244501,455831.76007763785,392249.8283495363
2020-04-23,377711.5354702426,374882.6303365791,426365.2976604665,457546.76046193857,393309.4288954952
2020-04-24,378108.5950815327,375276.7161335498,425824.53673585155,456966.45195512613,393788.81449893577
2020-04-27,376409.3087870244,373590.1567993556,423370.77385742316,454333.2375211017,391299.6633170998
2020-04-28,377197.2496200416,374372.1962773486,423970.38572760497,454976.7009320351,392595.59568238317
2020-04-29,377425.0882347778,374598.3284739156,424615.34259618673,455668.8255666536,392538.49595471384
2020-04-30,374567.0094703533,371761.6555521245,421372.91786332714,452189.27190526965,389357.53862802696
2020-05-01,375231.71642242535,372465.7089060466,422512.8483177429,453482.0240278076,390430.50439141423
2020-05-04,375990.77653686225,373245.17647652776,423516.2774540467,454637.68394842534,390932.2944385107
2020-05-05,376542.75765859813,373949.6386974242,424183.24390356697,455633.5340727742,391285.10159839946
2020-05-06,374338.11865909555,372061.53243463003,421556.3111775003,453298.282296364,388794.0262172977
2020-05-07,377281.3254138629,375276.68587843544,425095.9521309955,457655.2119713004,392526.35811233375
2020-05-08,376556.31125677255,374717.47168505617,424047.98921942833,456753.3776201965,391404.54717313766
2020-05-11,375251.9874329864,373717.9283685081,422578.53377410583,455684.7586862527,390121.5289426391
2020-05-12,375921.14978715265,373943.26175358664,423458.2170130387,455901.7798336292,390804.61926197755
2020-05-13,376684.4729938994,374688.1084796497,424480.2395499261,457014.27722334984,391815.40276560397
2020-05-14,378330.7705238644,376106.4263701917,426801.4469888763,459241.87023872713,393578.0024116973
2020-05-15,379146.91649901547,376841.156491875,427784.3000508072,460181.35659577907,394135.1893874658
2020-05-18,378605.13848570833,375900.1669219824,426976.3759694644,458572.3065921319,392239.7914551891
2020-05-19,379492.6844550976,376870.08060575376,428486.9498478585,460463.9805402366,393305.9782841134
2020-05-20,381092.6125338194,378076.1367334602,430476.3614609303,461982.28025960433,394555.0010268539
2020-05-21,379740.3653572002,376576.4360486846,428584.28304028144,459595.32510485826,393292.9965526214
2020-05-22,380553.81264110026,377504.3290474322,429731.63152093586,461087.1254094135,394428.0779324682
2020-05-26,378727.96070959215,375499.0427997513,427508.37613007287,458329.68536933657,391953.3626423787
2020-05-27,379418.80727904657,376053.47326497664,428409.9585029719,459098.7338216572,392377.7919248418
2020-05-28,379826.876337296,376471.29299217515,428570.1057217814,459224.98168836953,392590.34367969324
2020-05-29,381547.40149096516,378066.2486528797,431114.138016392,461897.8498222411,394389.1256875738
2020-06-01,381956.8982182407,378560.4465406753,431565.1999489777,462527.5686182892,394527.69140185206
2020-06-02,381485.8363784717,377857.30062010494,431219.9005605777,461757.0579736376,393711.925030231
2020-06-03,379501.11486703635,375646.3491176899,428611.5796208672,458418.6617665672,391061.5543184376
2020-06-04,378602.62219280086,374792.1422404716,427866.74077946134,457750.64176184195,389607.88785372046
2020-06-05,377704.9224212645,373504.79288101697,426419.5883226283,455353.2215991115,388099.7080736175
2020-06-08,378914.9575250615,374694.8703087607,427983.8249430749,457057.31329558406,389366.47088596906
2020-06-09,380050.6060610368,376087.89755826007,429645.89978200314,459426.69482742157,391165.83913713525
2020-06-10,383273.56286723656,379378.61902646645,433442.48393596814,463712.36597017036,394869.60337612015
2020-06-11,381770.9532355947,378319.96877181536,430929.6222162108,461640.911517964,394780.5852214572
2020-06-12,381602.7257036825,377870.31879526214,431170.2389743349,461467.8290087355,393916.78634018044
2020-06-15,382414.60451213975,378030.2978236499,432414.7010123158,461666.39931397693,394089.6311566319
2020-06-16,382310.227527349,378059.58625251404,432338.54398674954,461843.55609930644,393402.01016509975
2020-06-17,382536.7445996804,378418.80433357717,432833.4330743777,462681.56208468333,393923.6358899412
2020-06-18,383489.8487207609,379374.80599312845,433524.2635900937,463354.87520295475,395294.3038434113
2020-06-19,384276.1687203684,380222.45519368217,434429.9881928486,464457.85154979455,396110.5248219138
2020-06-22,384960.91777736944,381047.6238548594,435060.51374959754,465375.9816714074,396874.31434104516
2020-06-23,385459.97401950444,381711.71894648625,435764.1628660038,466480.54737149,397163.4318297841
2020-06-24,384799.18413778045,381114.1692300804,434953.39107067155,465704.5861987537,397118.9597954318
2020-06-25,385185.68526741915,381494.4808383437,435411.1092463491,466194.83121173066,397603.7320125342
2020-06-26,385459.5002828223,381755.5186251841,435528.4928326139,466256.7995231649,398346.8795072279
2020-06-29,386254.2799586362,382403.55666773126,436604.39129640587,467188.67366861494,398794.87062375137
2020-06-30,386594.45428102004,382635.004363568,437471.9069600982,468031.20724587794,398778.67865703383
2020-07-01,386675.2390774375,382523.2799829342,437497.6069873648,467696.52303999144,398580.78420139354
2020-07-02,387621.488959478,383459.19519196684,438492.0850124108,468729.7173927231,399499.7788816751
2020-07-06,388754.6086021325,384606.5129751602,440010.840056253,470501.6352152043,400411.0100501578
2020-07-07,389332.92694441817,385191.2454759045,440967.65707239386,471669.0842455904,401523.33321715926
2020-07-08,389381.24781478225,385378.4919463394,441485.3906891691,472701.86354409234,401538.0220332263
2020-07-09,390601.17117108096,386387.6651580296,443000.4147121772,473949.28165050916,403125.4039477873
2020-07-10,390169.7687859959,386019.5641952803,442497.9127867144,473532.5847106099,402576.67142631987
2020-07-13,389943.71682409913,385961.5256484623,441566.8254454449,472629.98134266975,402655.75843206426
2020-07-14,390716.00570419716,386418.047838655,442884.676662221,473552.2377476456,403142.3552202483
2020-07-15,390819.47437895346,386382.93773662194,443204.66665712645,473677.9615570215,402920.61069984245
2020-07-16,390817.047643002,386157.30152116,442706.8819586566,472474.3190199384,402900.93335944606
2020-07-17,391589.12868408294,386862.05083450617,443611.35968650406,473326.58131128846,403477.8305960617
2020-07-20,392969.31588456617,388286.2601895509,445703.1121542044,475893.1841119875,404913.6737919754
2020-07-21,393718.585368194,389074.85719305853,446468.8857021268,476781.8765589113,405677.83711914957
2020-07-22,394687.94504940126,389968.13685833255,448174.6939099169,478699.8965990405,406637.4537119326
2020-07-23,394603.70990403707,389809.24409015593,447907.2596540241,478184.8783618501,406964.9201783099
2020-07-24,394462.7910944453,389822.0836239551,447718.50499963784,478299.01206229196,406974.582084789
2020-07-27,395339.02858642244,391113.1016747972,449261.842107663,481074.53282653354,408035.6445918797
2020-07-28,395823.7553840402,391774.4332498063,449659.90256051935,481833.16349211964,408939.5935088723
2020-07-29,397284.9342097154,393077.71043610404,451660.4183372789,483801.27973680117,410093.6347779852
2020-07-30,397357.84498043655,393253.15568095964,451530.58189653786,483802.25541492726,410529.3694524833
2020-07-31,398737.3250801001,394789.24559474515,453228.50771352823,486040.57024143555,411945.5877873764
2020-08-03,399349.0784389891,395413.144131851,453970.39393911447,486893.84881638817,412322.2021649958
2020-08-04,401286.67929421325,397421.7483186155,456836.8710419136,490405.6641047443,414591.7117722088
2020-08-05,401235.2671273184,397467.5329751184,456625.08925039787,490330.3886491989,414289.4101691096
2020-08-06,402592.7262339457,398744.0328444997,458747.6428120996,492675.00199736364,415713.6996279072
2020-08-07,400891.06096137926,396947.3767006067,456416.0406186586,489786.5913972048,413754.99375501386
2020-08-10,400222.9545116896,396324.3554681714,455534.14157274517,488878.65794440237,412991.0468451808
2020-08-11,396539.7772862121,392450.2871151803,449573.9079566067,481344.1856234112,408870.99934174
2020-08-12,396317.8885975943,392377.7433411444,449023.4748445378,480960.29895246285,408448.1365113864
2020-08-13,396081.2027297335,392792.2980331883,449241.12061942887,482760.4997111406,408422.39971498743
2020-08-14,395431.49815260194,392361.34420957323,448512.47000547854,482438.4380250117,407864.9107808958
2020-08-17,397150.5409932691,394242.35793322074,451008.90493637865,485701.4061490999,409731.57258794445
2020-08-18,398725.03791832953,395889.52561245137,452672.67383240745,487628.50428751257,411559.5755415418
2020-08-19,396562.6227313197,393526.9709821636,449611.0779287149,483643.2546553513,409092.3829174578
2020-08-20,397551.8171689817,394428.21477780375,451594.69606413384,485921.9308625187,410292.44776915014
2020-08-21,398052.58926016884,394880.527380294,451620.37890345,485653.72687803634,410952.44594075996
2020-08-24,397913.5745508855,394851.721234291,450876.9292366492,484872.9752178396,410861.69578720356
2020-08-25,397451.92443564354,394639.05779809057,450142.4046693214,484531.557154724,410361.75566950784
2020-08-26,398539.47602401586,395902.065689091,451563.43050989613,486523.58018042066,411400.25881907105
2020-08-27,396466.4153987755,394056.80111406994,448900.85497446154,483998.5905389813,408998.5490816977
2020-08-28,398114.95491302374,395781.2031635783,451012.9508598978,486550.6406697239,410588.7219563983
2020-08-31,399422.18321204575,396990.7135763179,452186.49710587977,487509.8277562011,411983.76423353516
2020-09-01,400656.0663557399,397967.80445326323,454240.11697875615,489427.2416260943,413349.6073613131
2020-09-02,401612.5659048153,398785.79396335,455747.7403785091,490943.3320777227,414504.43873227155
2020-09-03,399657.0926225197,396619.8130376037,453229.0366478943,487670.4430281147,412592.27094356617
2020-09-04,397392.6534985047,394786.6316874794,450113.23150985,484944.5565194161,410098.9524993707
2020-09-08,396510.2498887139,393645.7464816797,448446.90041748463,482375.2827938509,409280.28307775565
2020-09-09,397605.37857776333,394906.38373794925,450148.14223388495,484721.2788579853,410352.5743080255
2020-09-10,397144.1313429606,394290.5141839743,449198.98798673594,483226.87573083024,409982.2194286173
2020-09-11,397049.68402399955,394115.748815182,449158.3461704922,483045.9969972673,409904.94072489516
2020-09-14,398150.03227343515,395229.4874772942,451117.4017667491,485458.59315816895,410946.27239863854
2020-09-15,398812.42688961816,395933.4225139243,452068.5555790486,486648.7543005449,411506.9242413313
2020-09-16,398626.6064338104,395654.984748826,451759.5023738033,486091.9046872505,411124.5909815727
2020-09-17,397829.5968333127,394679.2461397087,450317.4644388258,483972.7712909009,410335.2826440573
2020-09-18,396648.8473181433,393414.12726965087,448539.21132932266,481712.2069876156,409023.9455776135
2020-09-21,395526.45650713396,392146.0469386403,447058.1538966306,479735.2875944123,408041.2449284366
2020-09-22,396213.0851920505,392921.3110477175,448130.68382157973,481183.1595863532,408736.2408778799
2020-09-23,393788.77013002784,390608.35933453526,444323.0410991353,476884.9693269705,406622.3293393759
2020-09-24,394071.95556903444,391155.6178592751,444643.7693958953,477758.76781126205,407289.7128632752
2020-09-25,395236.92204757885,392640.8169473876,446292.5958919665,480306.85242598807,408683.2051844258
2020-09-28,396956.55790942255,394290.05783556466,448712.76052084134,482969.98206931987,410114.96214921033
2020-09-29,397055.41102123546,394513.36296705145,448529.11225677846,482912.901235003,410371.0668643
2020-09-30,396409.71145482815,393749.21833787765,448086.6066553049,482298.01400220185,409265.7605402348
2020-10-01,397647.0043420939,395006.39023235557,450177.50368858856,484860.11259500845,410473.78451608896
2020-10-02,397435.6814996189,394739.2209091412,449788.03057633643,484267.36036779993,410196.1535563926
2020-10-05,396427.683695973,393805.53309123084,448751.141421008,483327.322900175,409225.90501953027
2020-10-06,396101.16614721774,393480.78165738133,448168.35212660546,482617.8824346511,408888.43718767865
2020-10-07,395975.57978319476,393304.43051214615,447974.8036150222,482285.2543428529,408705.1806030299
2020-10-08,397396.4457806387,394810.51689400245,449497.91041029885,484085.27684750763,410270.24130142777
2020-10-09,398030.11594466225,395380.4301373063,450492.35216560983,485140.7430220306,410862.47082380886
2020-10-12,399171.9681772504,396269.2609836963,452271.54339737183,486743.5596736546,411786.10591006087
2020-10-13,398782.39621543785,395881.0006321867,451616.74581377883,485954.7907091359,411382.64232110995
2020-10-14,398591.22438389744,395569.84827574267,451295.5734948993,485323.07562832104,411059.306070181
2020-10-15,398395.3851767433,395421.02777315147,451035.69882941485,485121.5438279873,410904.65815454535
2020-10-16,397954.6684369224,395033.3665198186,450209.1825996637,484209.33000782505,410501.8171228543
2020-10-19,396732.3638374798,393723.1722377967,448674.6558969268,482305.014511515,409140.3191352483
2020-10-20,396432.03903979674,393535.55021766986,448360.1348983142,482200.1652646822,408945.3503383772
2020-10-21,396162.2211731019,393347.5504386031,447976.3476709789,481919.41326713096,408749.98899053584
2020-10-22,395120.04925516516,392279.1011519449,446554.91062272363,480229.87460213085,407639.70208606287
2020-10-23,395778.2296834576,392860.1354144948,447400.8742743799,481031.7259193285,408243.4880970742
2020-10-26,395893.0324331555,392824.1783349538,447421.49566015933,480708.9266209112,408206.12303442124
2020-10-27,396607.5140298048,393342.8585251018,448189.9322892895,481134.6619217683,408745.1133542445
2020-10-28,394723.5622735892,391490.8314090514,445306.36081841734,477786.74623278994,406820.5658072936
2020-10-29,393943.6642838282,390769.18555562943,444735.6028200594,477395.9655326427,406070.6622314041
2020-10-30,392314.1668913951,389242.0018819314,442657.16525812086,475254.7012894413,404483.67812761455
2020-11-02,393837.03644417686,390749.838873321,444421.45436619024,477160.05124967184,406050.55798473523
2020-11-03,394724.9233222057,391846.93867920706,446797.9082855926,482926.6213977641,407190.61728617846
2020-11-04,397628.9303022926,393441.4527122897,452657.0872084201,487865.56479422265,408847.568226234
2020-11-05,399681.2711862743,395711.9584982745,456995.4926349306,496925.4544259777,411206.98094912845
2020-11-06,398308.03860481374,394303.1503261705,455936.16719112865,496407.80385551695,409743.00761512603
2020-11-09,395529.3888541395,391652.15800730523,450862.8905727926,488160.73694336816,406988.2095238658
2020-11-10,395545.6164338669,392112.0570247813,450460.1986017158,488999.45468986983,407466.1169574331
2020-11-11,396422.33246135374,393042.3500728629,451665.5596048763,490926.39865214593,408432.8377943554
2020-11-12,397326.22187436704,393647.58621889504,452457.3761424784,490090.22008627385,409061.773369908
2020-11-13,398447.8870435156,395037.5320114335,455065.5794385492,496374.23150992044,410506.14572398533
2020-11-16,398944.2278699574,395190.0273577413,456832.4662279215,498791.71200772765,410664.6123803937
2020-11-17,399492.04628884123,395416.42580223863,457318.62852858444,497658.9238335238,410899.87598275393
2020-11-18,399034.90341486305,394407.5776779574,456117.30428935797,492713.73198888986,409851.52406284685
2020-11-19,400059.36512278614,394913.2288651594,457995.78226514265,493656.4650046919,410376.9751987987
2020-11-20,400282.25019600673,395376.351589881,457474.4741636785,492892.10218156094,410858.23257136944
2020-11-23,399548.8305827592,394129.325314269,456155.2420120887,488344.9780090302,409562.37608043937
2020-11-24,399110.7535589844,393893.17987173423,455001.0854571755,486899.2918751534,409316.9838136549
2020-11-25,399618.25825628755,394511.07546756,455396.20534562325,487536.81106048764,409959.07454921294
2020-11-27,400212.9938668411,394745.4454032498,455624.9675613164,485484.01743251574,410202.6217850509
2020-11-30,400402.4237424891,394421.33379586186,455547.37148392334,482674.85489264113,409865.8188335547
2020-12-01,400763.90534327924,395588.09727765084,457445.6624899617,490599.54396095575,411078.26965421956
2020-12-02,400331.2161152449,395505.4208133189,455854.0357986837,488766.5987376761,410992.3558005608
2020-12-03,401719.8790878868,396806.32963977556,457857.7847671331,491332.7386233938,412344.2047389841
2020-12-04,401227.3829939039,396975.36128216353,457853.5808830094,496350.7765479169,412519.85520862124
2020-12-07,401793.4039399954,397617.1816085588,457761.6145528559,495259.41186203744,413186.8075032407
2020-12-08,402021.35285845475,398108.2107427933,457352.0355906189,495066.22144932643,413697.0640257195
2020-12-09,400502.0322117013,396584.0205765844,454083.7986552476,488316.9110412412,412113.19064716995
2020-12-10,401547.4011690674,397256.81872228236,455462.7122691591,488035.5248412933,412812.33376968396
2020-12-11,401551.9284394096,397106.85075566394,455522.56677766517,487293.77673106064,412656.4934583973
2020-12-14,401523.19154251524,397178.90317265835,455446.35645348136,487720.0193189492,412731.36725542584
2020-12-15,403124.79924953816,399072.1631402312,458588.60457166354,495548.7414457128,414698.76222213847
2020-12-16,403205.62186896405,399305.902382986,458851.8205155548,497096.96422115667,414941.65406879195
2020-12-17,404000.23950977763,400171.4883646202,460612.9948362008,501200.01327060297,415841.1340835241
2020-12-18,403060.760883378,398994.9288020977,458399.78481842455,494999.939543467,414618.5035937917
2020-12-21,402565.83679033275,398618.7094596056,457180.58232496696,493048.014879063,414227.5525075825
2020-12-22,403399.04565939173,399335.42033072724,458814.90947817964,495541.9503760817,414972.3278604574
2020-12-23,403180.9279480137,399002.6486063699,457945.2205366902,492657.4859713625,414626.52568496205
2020-12-24,404065.4365773875,399689.15402809996,460053.1232267584,496004.090659695,415339.9128237944
2020-12-28,404775.71933336306,400561.7553253696,461508.2191422738,499883.53028305824,416246.6828551684
2020-12-29,404456.52307619515,400057.1292244801,460948.38720851607,497747.7272657301,415722.2969451687
2020-12-30,404968.51417797117,400557.5322407965,461828.06889516755,499255.1598443232,416242.29440589284
2020-12-31,405871.7763895019,401761.4107107873,462926.55450244027,502445.353513682,417493.31353847927
2021-01-04,404049.7799272909,400048.43958393205,457409.071123024,490130.775582391,415713.26704152644
2021-01-05,404035.09352196346,400500.13790802436,457526.043590703,492355.5254737808,416182.65266447974
2021-01-06,401664.99637540145,398480.64844743477,453444.9574046657,487465.37648416543,414084.0853952492
2021-01-07,402214.8742158609,399248.60744413076,455022.18476904643,491350.4840415061,414882.1156132959
2021-01-08,401067.3876243766,397798.3981201913,454240.6386684856,489909.0817490223,413375.1199690285
2021-01-11,399283.5544735032,396003.44805380993,451108.1342296052,484938.1256582729,411509.8844564294
2021-01-12,399974.24628058216,396627.79658828734,452072.5799636383,485970.125194385,412158.6808104663
2021-01-13,401687.613823339,397820.51884536975,454999.1941171683,488347.48239591945,413398.10688267037
2021-01-14,401279.01264356653,397899.89177361055,453820.32199809526,488129.32421227806,413480.58784259605
2021-01-15,401367.3003087246,397793.34795435524,453497.30355995754,486417.20294459804,413369.87205219886
2021-01-19,402691.22615650384,399330.41768380493,455443.27894013026,490028.04318905034,414967.12932325515
2021-01-20,404700.0064455303,402099.0672909372,459397.7462389725,499732.44192762836,417844.19184766157
2021-01-21,404900.116740461,402957.56085798854,458686.4896501738,500452.5610317117,418736.30172781565
2021-01-22,404240.83248191903,402169.1132407039,457907.99213322514,499007.43893143826,417916.9806095695
2021-01-25,405744.66445129155,403583.15169346816,460161.6940350109,501863.612397632,419386.38902804087
2021-01-26,405595.3024918755,403390.77557232394,460534.21056837693,502818.8436299226,419186.4799722655
2021-01-27,403750.23639727454,401141.6556854433,456378.62819124735,493757.5523787535,416849.2905631139
2021-01-28,404346.7070465363,402191.3666394216,456822.540361677,495822.216933071,417940.1053918917
2021-01-29,402942.88685770845,400509.83455365314,454051.07443056395,490036.983155111,416192.7290048297
2021-02-01,404374.12491969473,402166.82780332817,458420.6569581386,499397.92264349235,417914.60568057577
2021-02-02,405102.3811748433,403637.812834257,459418.8467178478,504924.79342478537,419443.19055297924
2021-02-03,404490.1624370309,403171.56105436303,458191.98099347414,503293.63692400977,418958.6815998003
2021-02-04,405139.84714249335,403802.59539017995,460200.9829886662,507981.5739168497,419614.4255532841
2021-02-05,404994.77124760323,404045.90312127525,459967.9734561956,509740.2204635583,419867.26056470245
2021-02-08,406107.7507830933,404894.54664495954,462232.40118866327,512831.2252624035,420749.134700123
2021-02-09,406152.60619279655,405219.61659603997,462040.40831388335,513689.8288081924,421086.93352148874
2021-02-10,406731.3673328151,405637.9265555632,463012.7928139747,514522.50395609223,421521.6233807724
2021-02-11,406399.53162822966,405618.138685596,462833.20902225864,516470.4673778016,421501.0606707157
2021-02-12,405831.9678023737,405365.9778409429,462323.63497197424,517949.51462955395,421239.0258814794
2021-02-16,403573.5920283444,403361.65759626776,459357.4191503076,515234.0261607543,419156.2218141071
2021-02-17,403888.594038146,402965.6765094754,460364.6306066609,513693.61059945734,418744.73516651936
2021-02-18,402459.06997739675,401269.9625313658,459086.4576883684,511471.8361979271,416982.6215621241
2021-02-19,400715.14679405984,400015.7099360721,457062.6049036415,511872.7572099127,415679.2557881515
2021-02-22,399416.92621496145,399218.5860386295,453844.5375263278,507507.90025432745,414850.91864981054
2021-02-23,399666.6538484595,399446.53770865785,454339.54377255245,508374.4552996791,415087.79629786144
2021-02-24,400178.273648791,399919.6143707894,456054.5647255477,512411.32357873226,415579.3973774215
2021-02-25,393921.09931101534,393699.15435641824,447060.4361352613,498639.5319867807,409115.36077784153
2021-02-26,397784.81120735605,396995.6921088161,450057.15802033886,495974.56288415287,412540.98213609593
2021-03-01,397924.85075047053,397197.4798846202,452753.9513192452,504400.704606266,412750.6713817677
2021-03-02,393010.3299556846,392291.9423921814,447162.27061751584,498171.1671772336,407653.0461549392
2021-03-03,386875.849216359,386168.6749323444,440182.53464781365,490395.23561258323,401290.0079105072
2021-03-04,381651.9469484838,380954.32148834516,434238.84354979475,483773.53309829906,395871.4743250028
2021-03-05,386494.7546312595,385788.2769538976,439748.9299636509,489912.168578988,400894.71456413
2021-03-08,383771.10428848484,383069.60519917635,436649.99444259057,486459.7298850846,398069.58689123084
2021-03-09,391657.60991483054,390941.6950019937,445623.1625613833,496456.48929155996,406249.92668652424
2021-03-10,393432.5039829166,392713.3447232322,447642.61498056125,498706.3055994776,408090.9494747528
2021-03-11,399922.3903881104,399191.36819932045,455026.72710128705,506932.74149414635,414822.63503267476
2021-03-12,402402.8765036973,401667.32020920806,457848.99338575365,510076.9506133014,417395.53870438744
2021-03-15,407665.4391825162,406920.26339639415,463836.67181902286,516747.6582060158,422854.1731042612
2021-03-16,407656.12631551846,406910.96755248035,463826.07575465704,516735.8534226083,422844.51325995
2021-03-17,408571.24581726926,407824.4142980233,464867.2873541979,517895.8385821466,423793.72813816083
2021-03-18,400874.6311520176,400141.8683526886,456110.1748117106,508139.78074129,415810.3542311076
2021-03-19,398330.45875033573,397602.3464695134,453215.4470621709,504914.84430008027,413171.39145980874
2021-03-22,403122.4425622033,402385.5709656262,458667.70670714934,510989.0565705863,418141.9142403504
2021-03-23,402044.9926950525,401310.09058000264,457441.79763466766,509623.3050445285,417024.3209178727
2021-03-24,397870.2766975542,397143.0055881679,452691.8576398713,504331.5277486449,412694.0640174908
2021-03-25,399909.5956660626,399178.59686487453,455012.169425504,506916.5231885943,414809.3636069131
2021-03-26,407419.9132031571,406675.1862164599,463557.31541015126,516436.4349266595,422599.4993571176
2021-03-29,406006.7355358977,405264.59171097475,461949.4194178274,514645.12229625933,421133.66974169406
2021-03-30,405443.22877423005,404702.1149890253,461308.26842547546,513930.83363823884,420549.1679349638
2021-03-31,406662.4570606879,405919.1146357469,462695.49122197303,515476.30034031934,421813.8220344854
2021-04-01,413836.2579699565,413079.8024816595,470857.75276840176,524569.6510735442,429254.9032740095
2021-04-05,417873.4453570609,417109.6102530405,475451.21441896335,529687.1001568133,433442.50754496345
2021-04-06,418443.7009043049,417678.8234243927,476100.04409569636,530409.9434255688,434034.0095824468
2021-04-07,419011.6760825517,418245.76039505744,476746.27919691586,531129.8961492206,434623.14628930844
2021-04-08,419627.6649827444,418860.62332289916,477447.1437144373,531910.7100006321,435262.0856057113
2021-04-09,420247.8423919767,419479.66710356245,478152.7738655056,532696.8331130935,435905.3694859558
2021-04-12,421608.834166713,420838.17110764625,479701.2933976805,534421.9960649566,437317.0688751949
2021-04-13,424743.9416095827,423967.5478558611,483268.379695238,538395.988642242,440568.9836512084
2021-04-14,421454.91213721014,420684.5304337804,479526.1628248572,534226.8879183071,437157.4120432631
2021-04-15,428469.4331598477,427686.2295423803,487507.1976951889,543118.3390041618,444433.2789715407
2021-04-16,429247.6852840582,428463.0590916489,488392.6832930207,544104.8341151677,445240.52708928543
2021-04-19,428345.3904708047,427562.4135922252,487366.0634647166,542961.1052459872,444304.61471977073
2021-04-20,429427.1685236833,428642.21425204194,488596.89709314547,544332.343084163,445426.6974868299
2021-04-21,432567.519668868,431776.82511755516,492169.9496100486,548312.982462063,448684.051334183
2021-04-22,429170.48400454165,428385.99892913323,488304.84463634447,544006.9754875619,445160.4494568081
2021-04-23,432744.9211963344,431953.9023709724,492371.7948639427,548537.852698952,448868.0624594692
2021-04-26,434590.63707111916,433796.2444430116,494471.8274548841,550877.4411563921,450782.5457219762
2021-04-27,433872.4656347587,433079.385759495,493654.70091723866,549967.1029911704,450037.61676876823
2021-04-28,432746.28401287255,431955.2626964043,492373.3454596681,548539.5801749334,448869.4760516086
2021-04-29,435670.4763468553,434874.1098695964,495700.45516676793,552246.2214437142,451902.6174772434
2021-04-30,435714.6534285482,434918.2061995542,495750.71930145693,552302.2193314845,451948.440501601
2021-05-03,434062.4238023651,433268.99670064263,494178.1544537972,550550.268156045,450234.65236749034
2021-05-04,432933.618644185,432142.25489684654,488861.9575879525,544627.6396794866,449063.7903667399
2021-05-05,432254.78649607656,431464.66359289846,483156.5114026566,538271.3592592477,448359.66639871214
2021-05-06,432959.6869393603,432168.275541521,486207.0078311042,541669.8332944812,449090.82991029974
2021-05-07,435364.891724032,434569.083828001,491697.4282242175,547786.559403224,451585.6474312754
2021-05-10,433929.5189458702,433136.3347822815,486985.34011411614,542536.9518493277,450096.79576304695
2021-05-11,431837.4286230768,431048.068612583,482880.91598752525,537964.3259994086,447926.7586726372
2021-05-12,427241.1333251289,426460.17492937273,470554.3301821665,524231.6163289668,443159.21533745975
2021-05-13,429070.27820259327,428285.9762943855,475745.72016292845,530015.2008930601,445056.51020307094
2021-05-14,432538.4167902698,431747.7754364037,483202.3401248591,538322.4157761544,448653.8641451753
2021-05-17,432806.952358411,432015.82014565956,482424.8952560328,537456.2858650053,448932.4047686904
2021-05-18,432019.0451243695,431229.35313523316,481276.11545035325,536176.461930319,448115.1418125724
2021-05-19,429925.03534204,429139.1710145981,480517.4126814105,535331.2120763388,445943.1137477093
2021-05-20,432539.6933280741,431749.04964081186,487369.62338387803,542965.0712538552,448655.18824402173
2021-05-21,432591.7002106568,431800.9614594869,486053.9998838307,541499.3713555179,448709.132790742
2021-05-24,435533.1189416984,434737.0035414322,492899.45107227267,549125.6999446709,451760.1424317902
2021-05-25,436354.2718265964,435556.6554326532,493059.37899675703,549303.8712396118,452611.8896999225
2021-05-26,436403.8751731619,435606.16810875904,495073.54385263554,551547.7968189204,452663.3411600641
2021-05-27,435917.73854906356,435120.92009872064,493666.08881836385,549979.7899380977,452159.0921351504
2021-05-28,436900.0393909207,436101.42538291775,496119.1096046688,552712.6328198015,453177.99138512375
2021-06-01,439266.6945909252,438463.75454990676,500914.8347593561,558055.4181010206,455632.8230471542
2021-06-02,440207.40346699813,439402.74389469536,504089.7329743064,561592.484739551,456608.580704515
2021-06-03,437012.0745862901,436213.2557880186,498013.68323962035,554823.3251143988,453294.2007699358
2021-06-04,439942.1619868575,439137.98725214327,502519.7455860694,559843.40504065,456333.4568996059
2021-06-07,440641.55923280976,439836.10606278444,505669.2820710618,563352.2168745043,457058.9121766135
2021-06-08,441190.31804098096,440383.86178917094,506438.57497916167,564209.2649107799,457628.11655294773
2021-06-09,441149.48637823784,440343.1047630378,506284.6708514887,564037.8045619219,457585.76359062566
2021-06-10,443756.99272562616,442945.8448231586,509732.3232990405,567878.7391771042,460290.4199936802
2021-06-11,442071.8313098255,441263.7637309812,507028.83389527554,564866.856108649,458542.473102586
2021-06-14,442195.67128418165,441387.3773369937,507689.77165823965,565603.1886627186,458670.9270869577
2021-06-15,441264.8905432957,440458.29797965323,504268.6091035153,561791.7657073863,457705.46746566147
2021-06-16,437058.0668079601,436259.16394004057,499175.88412716007,556118.1011066588,453341.90656246635
2021-06-17,436031.6515409387,435234.6248678838,494218.08527120115,550594.7539796925,452277.249279111
2021-06-18,434204.253810881,433410.56745664927,489347.8291910499,545168.9358476071,450381.766655846
2021-06-21,436392.4720369439,435594.78581644903,495906.4369542573,552475.7000787276,452651.5131676154
2021-06-22,437523.4506180046,436723.6970703041,495401.4026094414,551913.0552279577,453824.6295682897
2021-06-23,437440.58338293846,436640.98130909645,495047.8095313142,551519.1269204706,453738.67487899447
2021-06-24,437113.5378273258,436314.533563368,495370.0693951275,551878.1477570643,453399.44431222545
2021-06-25,437995.5951202784,437194.97853485914,496980.38414572016,553672.1550594193,454314.3651551352
2021-06-28,438783.1526121669,437981.09644242993,498063.6211310525,554878.959543544,455131.26533846295
2021-06-29,438066.75800896704,437266.01134418265,495908.74634322367,552478.2729053556,454388.17941938207
2021-06-30,438369.8440140496,437568.5433352862,495861.07642795454,552425.1651659748,454702.5577545083
2021-07-01,439028.4103206618,438295.9730356248,497030.13912651467,553817.9752128476,455434.2340065168
2021-07-02,440990.3087309882,440628.20920646895,499329.25400876993,557751.1458457636,457921.9944594729
2021-07-06,442649.5849672121,442312.789927764,501616.3956375249,561026.4503668926,460388.86314375995
2021-07-07,443350.09565088025,442590.5024229384,503203.657219633,562610.1067805447,461428.3564824912
2021-07-08,442708.86245614564,441496.63960467675,502434.3341823954,560157.2147177769,460871.7444213228
2021-07-09,443363.42759169155,443460.6542748711,503637.0969937183,566616.4987799634,461232.5664861968
2021-07-12,444461.27806984325,445252.26114989823,504820.8645556036,570198.0394982434,462608.5579593601
2021-07-13,443098.0429281292,444036.21540352365,502200.5800410903,566071.0086157167,460894.19059201557
2021-07-14,444773.02494319197,445520.40064295684,504491.82420215994,568609.7393950967,463166.67859154165
2021-07-15,445372.02914987033,445933.5365274724,504582.4417074871,567161.5803941069,464522.78830304765
2021-07-16,444688.3985074872,445218.9879339064,503271.7364896694,564753.1358126093,463752.30994732055
2021-07-19,444378.470094767,443076.09593745996,502543.0876133911,557188.2026602365,463976.01497166674
2021-07-20,446101.0269355855,446013.6658276131,505893.64842048666,567120.7107609242,465557.40654171194
2021-07-21,445499.1659388689,445921.113270095,505634.4023160137,569202.4613306931,464312.1205747715
2021-07-22,446539.06597041484,446541.6118367481,506652.49093276623,568673.8541217952,465699.46429743466
2021-07-23,448390.57995490526,449462.71147079207,508631.39375021565,574315.5330546093,467525.7560886317
2021-07-26,448912.49379040464,450777.5259196956,508112.1854882355,574673.9838957927,468348.2323023319
2021-07-27,449265.37318942626,450309.3339420207,508869.10583448433,573310.5350368448,468947.83437660703
2021-07-28,450164.0436567012,451265.6571426174,509400.9755457673,573339.6102283935,469752.7284520209
2021-07-29,449504.43097643886,450933.29729879176,508758.77800211136,573886.4007097521,468959.36353954196
2021-07-30,449707.62810394086,451053.06995552604,508607.6567788495,572837.591975063,469496.0785976173
2021-08-02,449961.94319903094,450791.0627964784,509017.2897872333,571867.1168205767,470087.3813278017
2021-08-03,450525.86793760787,451386.00020498736,509717.28498625354,572743.7157877419,470672.5348224802
2021-08-04,450257.7394557854,451008.6892145841,509664.4980390091,572600.2311584768,470408.48833323515
2021-08-05,449642.3602568016,450757.3906323132,509379.03033875534,573202.445462139,469943.35284592106
2021-08-06,446629.35308184143,447933.3199515461,505125.39898448763,568370.3527353493,466532.7965089253
2021-08-09,444926.63362326083,446291.102745268,502820.3443924383,565710.5368102583,464825.93642602244
2021-08-10,444041.8478061569,445436.3690537428,501276.8945824047,563760.050847272,463816.25789514824
2021-08-11,445204.64980577066,446740.8651277178,502773.07620089006,565805.2613388845,465018.35672835365
2021-08-12,445427.3837069416,446843.2790475661,503261.8614386013,566240.7366824,465042.3705047606
2021-08-13,447936.85123756866,449218.99081277027,506669.918811316,570091.837502227,467978.18361103715
2021-08-16,448517.39623736095,449894.6066107355,507381.1368119693,571102.3264442519,468722.91692311084
2021-08-17,447415.02500413713,448698.1486182706,506180.30900120887,569597.2134413946,467576.93877309264
2021-08-18,446530.8697104919,447638.0417344884,504780.80055825243,567479.5874455558,466726.59520960174
2021-08-19,447320.1063794718,448358.87577321945,505930.84352585126,568766.9908921012,467733.5146586348
2021-08-20,447651.0083236251,448700.2921763631,507023.55423113145,570381.4511817477,468085.4060053885
2021-08-23,449225.496954859,450646.65728016075,509029.61244928144,573472.0192574753,469893.2314968614
2021-08-24,448700.35438708647,450269.16292819445,508214.32641985995,572733.0551950209,469189.64151125867
2021-08-25,447753.87970732467,449383.5947389881,506818.485343106,571119.8265317396,467984.05833046965
2021-08-26,447484.7444279587,449073.12288186053,506371.93908284,570465.0622485179,467814.705239298
2021-08-27,450776.9204823628,452614.015934007,510067.2252201418,575075.8346264362,471455.28709955275
2021-08-30,451852.242354539,453785.438992296,511763.3575455373,577412.998854438,472676.42599194
2021-08-31,451297.94100272236,453370.7693729773,511456.95903171616,577510.0285362306,471979.6395704647
2021-09-01,452193.1409743724,454369.16920466494,512774.22045988974,579341.3251205314,472994.88497617777
2021-09-02,452604.3260872462,454676.48592145863,513351.77615662356,579832.5539522625,473484.2103220651
2021-09-03,452419.9010014991,454884.1015238985,513354.2776075482,580737.4469500174,473261.3994193456
2021-09-07,450094.9711858211,452497.80187154113,510149.3831174443,576737.1980159748,470632.1903915307
2021-09-08,451132.3458629915,453431.5647374596,510953.73958997783,577244.1994211798,471820.00355604093
2021-09-09,451972.47915629914,453706.1555077755,511178.2163581175,575987.5898865864,472632.21557358117
2021-09-10,449898.671339608,451415.0795548825,508447.71067770355,572300.5701501608,470072.7420963867
2021-09-13,450607.9499723013,452021.8528677809,509583.1460218213,573527.8629767665,470920.0241574293
2021-09-14,451392.8172065963,452653.17423201556,510725.3670363484,574620.7263658182,472068.0938071345
2021-09-15,451420.2872246143,452831.50042719854,510654.19896704896,574796.6071230766,472075.2876956182
2021-09-16,449917.00940906536,451087.98931816407,508590.8282104536,571821.6222554181,470224.14012321725
2021-09-17,448085.8193426496,449026.29373486375,506266.03528336476,568628.1879928795,468064.3363628274
2021-09-20,448085.8053349695,448651.1091728757,506069.3603906814,567554.4136056068,468274.7346573492
2021-09-21,448270.11426824407,448894.21918668936,506511.4518348871,568281.1288429865,468464.68333420187
2021-09-22,449149.8496209501,449674.15644552355,508132.55770377495,570198.1316510504,469470.88151425624
2021-09-23,447034.60629022354,447822.151091378,505499.847702955,567665.8353627906,466695.1908462533
2021-09-24,445798.8930993702,446509.5418445764,504046.36085204297,565855.3962472337,465017.28467214125
2021-09-27,444758.10700832936,445248.8226703143,502280.8576162802,563148.1500533404,463665.83296046156
2021-09-28,441150.76441057905,441945.27203749685,496968.26149682456,557216.1820111431,459858.45714192186
2021-09-29,441328.58234614716,442198.2153839322,497138.4741768925,557543.0029409416,460173.5661188776
2021-09-30,441139.28015683684,442269.8850943257,496804.0631133375,557635.2938252668,460234.733143604
2021-10-01,443630.0984788486,444574.5688933212,499884.97557020874,560839.0408639861,462775.4726730414
2021-10-04,442429.07904313586,443244.79354132025,497870.7050132167,557958.6014347685,461413.8625212986
2021-10-05,442122.49724179396,443343.54565600626,497097.5307120728,557756.5854190108,461016.4936876049
2021-10-06,442777.7676622821,444140.63791143114,498341.5649529087,559722.409870974,462039.78757627145
2021-10-07,442280.71375850553,444035.30350230576,497716.3986437595,559846.465344375,461412.0686006348
2021-10-08,441020.7123868995,442978.91632081923,495526.61982369376,557437.1132972332,460080.4118170235
2021-10-11,440247.4862073823,442219.2630891953,494376.89351345965,556034.2346240232,459249.9580667822
2021-10-12,442044.1494506285,443751.65008487436,496941.86220480676,558610.2873766845,461528.41003794246
2021-10-13,444059.0621159438,445714.7704176685,499213.16710259515,561036.4498685949,463838.6705381602
2021-10-14,446373.59939245076,448094.8991343354,502635.4200845032,565434.8034193212,466232.9226421427
2021-10-15,445453.6734887807,447354.5587434934,501490.80515942443,564491.6513779092,465249.05527163163
2021-10-18,445442.27632533025,447438.78557163326,502001.21023084794,565549.114860898,465566.40172329906
2021-10-19,444495.3106856769,446889.22019756853,501007.4094365592,565349.3480143321,464352.6318808904
2021-10-20,445096.5306997704,447943.9420239359,501573.0081218275,566917.9299565558,464984.3898735488
2021-10-21,445249.7541099163,448393.1716467724,501261.88502291933,566960.8188822988,465338.76515496726
2021-10-22,446063.5119932822,448949.68439521367,502128.65967777115,567337.9182298314,466415.2474795483
2021-10-25,447188.4845430294,450330.2000153681,503424.0179842406,569361.4313040414,467613.9865412604
2021-10-26,448513.67735822,451503.08367963205,504783.4120518846,570474.5677010001,469122.51492158533
2021-10-27,450193.5301225413,452910.8369263061,506429.1831344443,571584.6088810761,471361.2565068024
2021-10-28,449520.45339633327,452233.69641045376,507502.92167163274,573755.4724844616,470558.82243761263
2021-10-29,448869.48678093165,451467.1404895412,507051.286711977,573147.5398969208,470006.55893714074
2021-11-01,448340.75393024227,451008.77148415067,507161.3625930298,573804.8591070331,469210.4004166115
2021-11-02,450163.47442481894,452887.74575523246,509255.2999885135,576370.4075758653,471185.7296484242
2021-11-03,450349.3609482618,453660.25988402887,510177.0353433586,580340.3847057271,471077.97411713534
2021-11-04,452525.26459387183,455767.7165919754,511938.4252436698,581123.0183423171,473710.27651795436
2021-11-05,454583.25974286173,457288.39524402545,514686.92145385395,582920.6906128668,476175.21829126857
2021-11-08,454793.6374838953,458051.6431827477,513793.5505160685,582291.6100269632,476698.78982693865
2021-11-09,456028.1196065251,459302.6203082434,513950.3588612298,580860.3480110741,478788.641104172
2021-11-10,452870.07999822305,456785.1614974841,508859.3215902511,575327.0183425592,475179.4846426356
2021-11-11,452707.00841688144,457116.6865110016,508594.9617526863,576588.250175207,475355.63723037735
2021-11-12,453091.9106576588,457885.0172790977,509420.7063391739,579321.9952860192,475690.7433884151
2021-11-15,452489.3353789783,458528.99289738014,508160.96886022965,581347.7082006646,475292.51127242553
2021-11-16,451980.96040847845,458122.66541559703,507720.5267264878,581385.9981775929,474744.76543114096
2021-11-17,453144.230094688,459011.878511953,509253.25041411316,582461.1206910897,476122.7092575842
2021-11-18,454184.06910038635,460070.5180638216,511081.5755079413,585449.7518947185,477332.0487734396
2021-11-19,454303.18098592333,459486.12797981204,512042.4652700268,585260.2814931289,477632.95108478674
2021-11-22,450537.54930834414,455763.3629293516,507706.1317726321,580472.8977756386,473484.7822181037
2021-11-23,449031.05950601026,454992.1896906044,506213.2061515599,581597.1829291545,471712.35009952827
2021-11-24,451207.0613628791,457204.2223982136,509345.14347715175,586128.8352747376,474854.13802337996
2021-11-26,450528.0259115044,454592.14644782885,506044.07433894475,572349.2192521362,474505.128707053
2021-11-29,451855.08709241205,456381.3803215668,509584.0024298697,580566.8000751657,475459.77978548495
2021-11-30,450349.15544054855,453760.6694993153,506213.371396533,570773.298816997,474329.6046863159
2021-12-01,447678.8124761331,449882.73363325425,502158.56187386834,560916.4156999355,471390.1338843646
2021-12-02,449946.9221549826,452522.7346807768,505163.95283751993,565259.7072040855,473910.23531449516
2021-12-03,450702.73658920126,452399.0480342265,505923.6627066418,564249.9918723629,474434.2000647715
2021-12-06,450300.13792752655,452548.6155558355,506272.098239274,566201.7903238626,473837.14423908456
2021-12-07,452374.2527698157,455185.04816584603,509256.9809712343,571025.02294549,475853.19387508533
2021-12-08,451689.7515201034,455183.5942483371,508527.8097825174,571644.836900147,474922.657958152
2021-12-09,449855.48743928276,452903.45131305995,506472.4084802442,568449.7926527442,473112.5123834031
2021-12-10,450734.5062703051,453897.8523020597,507907.3706457829,570526.4261047414,473904.9583893477
2021-12-13,451624.2973238627,454455.00313556363,509121.74849279027,571305.9451186612,475212.2107207959
2021-12-14,449367.3450931924,452117.3907327778,506178.2052170734,567649.9187282217,472916.0497504007
2021-12-15,451295.08308018255,454456.14047107304,509101.6334595556,572157.0590623086,474571.91795574524
2021-12-16,450600.6002602791,453555.63975560927,507519.8872538271,569531.7601655999,473758.6461635636
2021-12-17,450788.62980079436,453489.5444068254,507806.1549528001,569366.9922740243,474303.91947200795
2021-12-20,449292.5988489415,452123.1890169727,505511.75436071027,566751.2518115469,472634.8351706867
2021-12-21,451031.32733288157,454125.75275722326,507835.5095094425,570075.1441820296,474288.4651495628
2021-12-22,452864.89694172645,456302.6478332213,510090.09196416935,573390.2137202225,476553.0966662629
2021-12-23,452491.8638254302,456018.0392349608,509986.27488308103,573632.9473791369,475822.2802136627
2021-12-27,454984.1211944746,458873.4006611006,513270.7616100126,578294.4423658539,478595.3511451888
2021-12-28,454703.3123216506,458679.06264204707,512955.02505282854,578123.0898935988,478201.2822015555
2021-12-29,454015.97183414217,458521.3079534897,511654.0504910539,577479.5425081796,477465.1943656308
2021-12-30,455587.667980544,460034.96684385656,513039.0063394719,578680.552330721,479315.6997397003
2021-12-31,454961.9101340608,459421.11770694185,512303.9906889237,577872.2079979668,478854.5530354743
2022-01-03,451893.72453295754,456973.5925747364,508623.7253030635,574960.8171591656,475124.32073381194
2022-01-04,450922.3708668883,455991.3196411985,508429.6735294169,574741.4562430374,474103.032484544
2022-01-05,445154.7132821006,450158.82614953665,499408.04720958514,564543.1871043645,468038.87570735114
2022-01-06,443003.23829506,447983.1658099761,496729.10976984596,561514.850078692,465776.79939095624
2022-01-07,442149.1501294499,447119.47659230046,495380.5784144328,559990.4369388781,464878.8049345125
2022-01-10,442392.98451074254,447366.05198638834,495276.9829024982,559873.3300143821,465135.1741613765
2022-01-11,446051.10013072606,451065.2895419559,500059.6044417542,565279.7234867574,468981.3433041473
2022-01-12,445119.9614028267,450123.6836143379,501329.0650324568,566714.7530818608,468002.33733087487
2022-01-13,443345.9257511299,448329.70551484247,497082.42912728025,561914.2510038996,466137.1034535044
2022-01-14,441796.8242044089,446763.19006964605,495880.1382248673,560555.151682879,464508.366916182
2022-01-18,438523.120572097,443452.68578807265,490812.7217997874,554826.819039895,461066.37130937516
2022-01-19,438104.4375944832,443029.2962740275,490927.84564629034,554956.9578784251,460626.1650074462
2022-01-20,436619.06308516575,441527.22424029163,486870.2688978063,550370.1729391179,459064.4315368074
2022-01-21,436062.9257932617,440964.83524825843,482369.7932015096,545282.7240938916,458479.7047776036
2022-01-24,437464.397841166,442382.0616487485,484387.1853056071,547563.2339383964,459953.22259526345
2022-01-25,435869.7063692299,440769.44378880353,481642.54853896884,544460.6287714606,458276.5524818054
2022-01-26,431847.4147353643,436701.9364114649,475723.6818068468,537769.7956788255,454047.4860518415
2022-01-27,429973.37768110906,434806.8327647252,469409.1953469511,530631.744277942,452077.10997867683
2022-01-28,434160.30348830175,439040.8250157443,477090.70922359044,539315.1172230409,456479.27396570996
2022-01-31,437807.38501129317,442728.9044368446,483989.84746139933,547114.0734289101,460313.84177933267
2022-02-01,436214.04610117065,441117.6543432516,484218.45652007003,547372.4987532595,458638.5937591192
2022-02-02,437795.75472105667,442717.14340715215,485974.2287457266,549357.2670276993,460301.613608308
2022-02-03,437173.46907747246,442087.86247068795,485283.4619156711,548576.4071477585,459647.3379951294
2022-02-04,437847.62504651054,442769.5968219349,486031.8072880843,549422.3552336124,460356.15044254484
2022-02-07,441088.8279917307,446047.23506679403,489629.6975931544,553489.4992674844,463763.97459256975
2022-02-08,442437.1794952726,447410.74377952045,491126.4322575401,555181.4450869462,465181.64108681655
2022-02-09,443941.1024097105,448931.572726363,492795.8586294397,557068.6058763934,466762.876484358
2022-02-10,442255.65313891676,447227.17683289683,490924.9293190677,554953.6611901275,464990.78296669555
2022-02-11,450682.780796489,455749.03626953054,500279.4441122498,565528.2356781947,473851.12575676036
2022-02-14,453094.2563617749,458187.61992902664,502956.29733739287,568554.2166562277,476386.5685560752
2022-02-15,448789.9293548109,453834.90673739795,498178.28847156564,563153.0374637848,471860.96810098237
2022-02-16,453405.39918356715,458502.2603972588,503301.6807524207,568944.6465961982,476713.70636266464
2022-02-17,459602.5776322093,464769.1031210201,510180.84525893215,576721.0240030513,483229.4644735356
2022-02-18,459265.47986495745,464428.21594028035,509806.65061294596,576298.0251362473,482875.0374501199
2022-02-22,460224.9028412592,465398.42406771675,510871.65600854706,577501.9335307463,483883.7816861301
2022-02-23,462299.24107382743,467496.08053624054,513174.27066814434,580104.865994221,486064.7558626133
2022-02-24,459317.3501904112,464480.6693550632,509864.2291553037,576363.1133421604,482929.5742843567
2022-02-25,457787.5118959791,462933.6337059455,508166.0354720049,574443.4332736338,481321.0912694048
2022-02-28,462532.6377556371,467732.1008976471,513433.35214897455,580397.7380969529,486310.1508169712
2022-03-01,470650.0570826676,475940.77048283,522759.0557111981,590939.7436581863,494844.86403489194
2022-03-02,466882.65283699345,472131.015756525,517319.04732671456,584790.223864882,490883.7880429525
2022-03-03,467618.76864169125,472875.40645186254,520398.862509243,588271.7229887985,491657.745508394
2022-03-04,472691.05892093614,478004.7158130051,528688.3719068241,597642.3890823668,496990.7880860083
2022-03-07,476971.5886940298,482333.3642591755,536546.1959551797,606525.0673987264,501491.3679577999
2022-03-08,483426.9912866594,488861.3338992033,551225.5620481299,623118.9852682715,508278.6247958017
2022-03-09,474936.16286345344,480275.0576182077,534848.002271881,604605.3873301997,499351.3065613817
2022-03-10,474871.18677025323,480209.35110995325,536517.3847242212,606492.4984718927,499282.9902284262
2022-03-11,475636.0204210224,480982.78247697494,532746.8027116372,602230.1394680354,500087.14184432133
2022-03-14,469640.31410542474,474919.67669277004,524716.330875327,593152.295829445,493783.2129870177
2022-03-15,464090.9518495297,469307.9324509222,514901.2755824018,582057.1149895812,487948.5734928247
2022-03-16,463566.2580488752,468777.34041551704,518124.97124148556,585701.260156649,487396.90664707054
2022-03-17,468320.18902685447,473584.7117064212,520657.9000705139,588564.5454437764,492395.22395953647
2022-03-18,465847.6065211569,471084.3341857246,516081.39414315904,583391.1501481523,489795.5328824098
2022-03-21,464697.49028604006,469921.2891614038,520024.6678632569,587848.7241219947,488586.2923789274
2022-03-22,462078.68381488277,467273.0439293648,516254.085850673,583586.3651181376,485832.8603700454
2022-03-23,468078.21642063104,473340.0190161546,523305.9420646983,591557.9574949758,492140.8122164062
2022-03-24,467622.40230466146,472879.08096188935,527105.3353082407,595852.8854256666,491661.56596784474
2022-03-25,464921.1759408152,470147.4893313125,524946.6011251986,593412.5990053434,488821.4770894315
2022-03-28,461330.32849792193,466516.2761338673,515390.58339354413,582610.2406204572,485046.03419314715
2022-03-29,460389.606441778,465564.9791490404,515620.8536434158,582870.5437963555,484056.9522394497
2022-03-30,463205.43424036575,468412.46048222855,519765.630301986,587555.9016670168,487017.53389278
2022-03-31,462365.2320753662,467562.813361712,519967.08932089905,587783.6359160814,486134.13927751494
2022-04-01,459381.02086651867,464545.0557716542,516412.8469426285,583765.8325763443,482996.5180923673
2022-04-04,459507.31105616764,464672.7656258472,516554.81596924295,583926.3178692883,483129.3005084858
2022-04-05,456920.59452301066,462056.97106408176,513646.96042353177,580639.2061645666,480409.60809182894
2022-04-06,460038.4113634719,465209.83618529595,517151.85200087895,584601.2221404534,483687.70320153097
2022-04-07,458814.94993071124,463972.6214687537,515776.49870390416,583046.4888156563,482401.3470283286
2022-04-08,460693.5576082034,465872.3471184279,517888.3341845952,585433.7597848985,484376.52868772484
2022-04-11,459579.68537739146,464745.9535277459,516636.175510824,584018.2887038838,483205.39539173647
2022-04-12,461132.79821377574,466316.5253546727,518382.1061980506,585991.9318602916,484838.3494279376
2022-04-13,463841.73033336084,469055.90936361713,521427.35030807176,589434.3509902755,487686.5401935033
2022-04-14,462091.5203196901,467286.024733035,519459.85296958283,587210.2434207319,485846.3567637683
2022-04-18,461972.4141381905,467165.57964450447,519325.9598406053,587058.887321873,485721.12766562426
2022-04-19,462997.58470607986,468202.2744512191,520478.40460327076,588361.6393358065,486798.9993935579
2022-04-20,467815.0993275144,473073.9441477027,525894.0102287492,594483.5736478199,491864.1690072762
2022-04-21,465409.14677589067,470640.9455876625,523189.36038394435,591426.170684614,489334.533144354
2022-04-22,459174.7013927634,464336.41700102825,516180.9130533687,583503.648781406,482779.59230982076
2022-04-25,454248.19010629633,459354.52537647955,510642.77890463837,577243.2052014418,477599.82281647524
2022-04-26,451108.0545380378,456179.0906361944,507112.7977453571,573252.8273426672,474298.26163541904
2022-04-27,447903.12149071496,452938.13000964385,503509.97454620415,569180.1070435292,470928.57191759796
2022-04-28,453059.5197197102,458152.49280232313,509306.5359374051,575732.6831590305,476350.0462001108
2022-04-29,443266.5306945715,448249.41795549326,498297.7543098784,563288.0845970621,466053.62691849424
2022-05-02,433672.45700279274,438547.4945068105,487512.5832124671,551096.260899349,455966.34865281865
2022-05-03,434821.3691660946,439709.3219239969,488804.13200135384,552556.2595390445,457174.3231865119
2022-05-04,439092.42135891446,444028.3862496728,493605.4322774825,557983.7679167642,461664.9382620576
2022-05-05,437418.97930429963,442336.13254897506,491724.23358540965,555857.2144678695,459905.46921807376
2022-05-06,438143.29018015554,443068.5856128518,492538.46713987103,556777.6441815101,460667.01489620155
2022-05-09,431799.1958520395,436653.1754857284,485406.75802599586,548715.784115089,453996.7883701912
2022-05-10,428152.5640428041,432965.55083374673,481307.3994786911,544081.7679987893,450162.6933888547
2022-05-11,431649.3410578345,436501.63613044494,485238.29886597785,548525.3537212961,453839.22995891003
2022-05-12,425030.46212488174,429808.3524652763,477797.6908345723,540114.306691689,446880.0929178088
2022-05-13,421583.64941178495,426322.79313367896,473922.95878166583,535734.2139107547,443256.08917511604
2022-05-16,425604.9182065327,430389.26617386955,478443.4652290157,540844.3060115367,447484.0801846555
2022-05-17,422932.418782821,427686.72441126883,475439.17690807406,537448.1843167394,444674.1950182596
2022-05-18,423157.2009741284,427914.03344419406,475691.8656481011,537733.8299074288,444910.5326351813
2022-05-19,429376.4417148041,434203.18646859395,482683.2206907099,545637.0302663052,451449.48719899514
2022-05-20,429676.15130321396,434506.26517916087,483020.1390107459,546017.891053891,451764.60402155743
2022-05-23,431674.3041530033,436526.87984298565,485266.36111160653,548557.07597662,453865.47633718804
2022-05-24,434921.2977699617,439810.37385419867,488916.4666701146,552683.245422189,457279.3888412371
2022-05-25,432298.72453658783,437158.31951667974,485968.30284043023,549350.56823804,454521.9964313973
2022-05-26,431499.4481520338,436350.05823514215,485069.7968628368,548334.8748965787,453681.63147682237
2022-05-27,431724.26845493686,436577.40580808657,485322.5284459869,548620.5689181923,453918.00916455063
2022-05-31,427453.216262117,432258.34148241073,480521.22816985834,543193.0605404726,449427.394089005
2022-06-01,429961.9533796314,434795.28003937117,483341.4232110955,546381.0786465721,452065.098385719
2022-06-02,429961.9533796314,434795.28003937117,483341.4232110955,546381.0786465721,452065.098385719
2022-06-03,429961.9533796314,434795.28003937117,483341.4232110955,546381.0786465721,452065.098385719
2022-06-06,429961.9533796314,434795.28003937117,483341.4232110955,546381.0786465721,452065.098385719
2022-06-07,429961.9533796314,434795.28003937117,483341.4232110955,546381.0786465721,452065.098385719
2022-06-08,429961.9533796314,434795.28003937117,483341.4232110955,546381.0786465721,452065.098385719
2022-06-09,429961.9533796314,434795.28003937117,483341.4232110955,546381.0786465721,452065.098385719
2022-06-10,429961.9533796314,434795.28003937117,483341.4232110955,546381.0786465721,452065.098385719
2022-06-13,429961.9533796314,434795.28003937117,483341.4232110955,546381.0786465721,452065.098385719
2022-06-14,429961.9533796314,434795.28003937117,483341.4232110955,546381.0786465721,452065.098385719
2022-06-15,429961.9533796314,434795.28003937117,483341.4232110955,546381.0786465721,452065.098385719
2022-06-16,429961.9533796314,434795.28003937117,483341.4232110955,546381.0786465721,452065.098385719
2022-06-17,429961.9533796314,434795.28003937117,483341.4232110955,546381.0786465721,452065.098385719
2022-06-21,429961.9533796314,434795.28003937117,483341.4232110955,546381.0786465721,452065.098385719
2022-06-22,429961.9533796314,434795.28003937117,483341.4232110955,546381.0786465721,452065.098385719
2022-06-23,429961.9533796314,434795.28003937117,483341.4232110955,546381.0786465721,452065.098385719
2022-06-24,429961.9533796314,434795.28003937117,483341.4232110955,546381.0786465721,452065.098385719
2022-06-27,429961.9533796314,434795.28003937117,483341.4232110955,546381.0786465721,452065.098385719
2022-06-28,429961.9533796314,434795.28003937117,483341.4232110955,546381.0786465721,452065.098385719
2022-06-29,429961.9533796314,434795.28003937117,483341.4232110955,546381.0786465721,452065.098385719
2022-06-30,429961.9533796314,434795.28003937117,483341.4232110955,546381.0786465721,452065.098385719
2022-07-01,429961.9533796314,434795.28003937117,483341.4232110955,546381.0786465721,452065.098385719
2022-07-05,429961.9533796314,434795.28003937117,483341.4232110955,546381.0786465721,452065.098385719
2022-07-06,429961.9533796314,434795.28003937117,483341.4232110955,546381.0786465721,452065.098385719
2022-07-07,429961.9533796314,434795.28003937117,483341.4232110955,546381.0786465721,452065.098385719
2022-07-08,429961.9533796314,434795.28003937117,483341.4232110955,546381.0786465721,452065.098385719
2022-07-11,429961.9533796314,434795.28003937117,483341.4232110955,546381.0786465721,452065.098385719
2022-07-12,429961.9533796314,434795.28003937117,483341.4232110955,546381.0786465721,452065.098385719
2022-07-13,429961.9533796314,434795.28003937117,483341.4232110955,546381.0786465721,452065.098385719
2022-07-14,429961.9533796314,434795.28003937117,483341.4232110955,546381.0786465721,452065.098385719
2022-07-15,429961.9533796314,434795.28003937117,483341.4232110955,546381.0786465721,452065.098385719
2022-07-18,429961.9533796314,434795.28003937117,483341.4232110955,546381.0786465721,452065.098385719
2022-07-19,429961.9533796314,434795.28003937117,483341.4232110955,546381.0786465721,452065.098385719
2022-07-20,429961.9533796314,434795.28003937117,483341.4232110955,546381.0786465721,452065.098385719
2022-07-21,429961.9533796314,434795.28003937117,483341.4232110955,546381.0786465721,452065.098385719
2022-07-22,429961.9533796314,434795.28003937117,483341.4232110955,546381.0786465721,452065.098385719
2022-07-25,429961.9533796314,434795.28003937117,483341.4232110955,546381.0786465721,452065.098385719
2022-07-26,429961.9533796314,434795.28003937117,483341.4232110955,546381.0786465721,452065.098385719
2022-07-27,429961.9533796314,434795.28003937117,483341.4232110955,546381.0786465721,452065.098385719
2022-07-28,429961.9533796314,434795.28003937117,483341.4232110955,546381.0786465721,452065.098385719
2022-07-29,429961.9533796314,434795.28003937117,483341.4232110955,546381.0786465721,452065.098385719
2022-08-01,429961.9533796314,434795.28003937117,483341.4232110955,546381.0786465721,452065.098385719
2022-08-02,429961.9533796314,434795.28003937117,483341.4232110955,546381.0786465721,452065.098385719
2022-08-03,429961.9533796314,434795.28003937117,483341.4232110955,546381.0786465721,452065.098385719
2022-08-04,429961.9533796314,434795.28003937117,483341.4232110955,546381.0786465721,452065.098385719
2022-08-05,429961.9533796314,434795.28003937117,483341.4232110955,546381.0786465721,452065.098385719
2022-08-08,429961.9533796314,434795.28003937117,483341.4232110955,546381.0786465721,452065.098385719
2022-08-09,429961.9533796314,434795.28003937117,483341.4232110955,546381.0786465721,452065.098385719
2022-08-10,429961.9533796314,434795.28003937117,483341.4232110955,546381.0786465721,452065.098385719
2022-08-11,429961.9533796314,434795.28003937117,483341.4232110955,546381.0786465721,452065.098385719
2022-08-12,429961.9533796314,434795.28003937117,483341.4232110955,546381.0786465721,452065.098385719
2022-08-15,429961.9533796314,434795.28003937117,483341.4232110955,546381.0786465721,452065.098385719
2022-08-16,429961.9533796314,434795.28003937117,483341.4232110955,546381.0786465721,452065.098385719
2022-08-17,429961.9533796314,434795.28003937117,483341.4232110955,546381.0786465721,452065.098385719
2022-08-18,429961.9533796314,434795.28003937117,483341.4232110955,546381.0786465721,452065.098385719
2022-08-19,429961.9533796314,434795.28003937117,483341.4232110955,546381.0786465721,452065.098385719
2022-08-22,429961.9533796314,434795.28003937117,483341.4232110955,546381.0786465721,452065.098385719
2022-08-23,429961.9533796314,434795.28003937117,483341.4232110955,546381.0786465721,452065.098385719
2022-08-24,429961.9533796314,434795.28003937117,483341.4232110955,546381.0786465721,452065.098385719
2022-08-25,429961.9533796314,434795.28003937117,483341.4232110955,546381.0786465721,452065.098385719
2022-08-26,429961.9533796314,434795.28003937117,483341.4232110955,546381.0786465721,452065.098385719
2022-08-29,429961.9533796314,434795.28003937117,483341.4232110955,546381.0786465721,452065.098385719
2022-08-30,429961.9533796314,434795.28003937117,483341.4232110955,546381.0786465721,452065.098385719
2022-08-31,429961.9533796314,434795.28003937117,483341.4232110955,546381.0786465721,452065.098385719
2022-09-01,429961.9533796314,434795.28003937117,483341.4232110955,546381.0786465721,452065.098385719
2022-09-02,429961.9533796314,434795.28003937117,483341.4232110955,546381.0786465721,452065.098385719
2022-09-06,429961.9533796314,434795.28003937117,483341.4232110955,546381.0786465721,452065.098385719
2022-09-07,429961.9533796314,434795.28003937117,483341.4232110955,546381.0786465721,452065.098385719
2022-09-08,429961.9533796314,434795.28003937117,483341.4232110955,546381.0786465721,452065.098385719
2022-09-09,429961.9533796314,434795.28003937117,483341.4232110955,546381.0786465721,452065.098385719
2022-09-12,429961.9533796314,434795.28003937117,483341.4232110955,546381.0786465721,452065.098385719
2022-09-13,429961.9533796314,434795.28003937117,483341.4232110955,546381.0786465721,452065.098385719
2022-09-14,429961.9533796314,434795.28003937117,483341.4232110955,546381.0786465721,452065.098385719
2022-09-15,429961.9533796314,434795.28003937117,483341.4232110955,546381.0786465721,452065.098385719
2022-09-16,429961.9533796314,434795.28003937117,483341.4232110955,546381.0786465721,452065.098385719
2022-09-19,429961.9533796314,434795.28003937117,483341.4232110955,546381.0786465721,452065.098385719
2022-09-20,429961.9533796314,434795.28003937117,483341.4232110955,546381.0786465721,452065.098385719
2022-09-21,429961.9533796314,434795.28003937117,483341.4232110955,546381.0786465721,452065.098385719
2022-09-22,429961.9533796314,434795.28003937117,483341.4232110955,546381.0786465721,452065.098385719
2022-09-23,429961.9533796314,434795.28003937117,483341.4232110955,546381.0786465721,452065.098385719
2022-09-26,429961.9533796314,434795.28003937117,483341.4232110955,546381.0786465721,452065.098385719
2022-09-27,429961.9533796314,434795.28003937117,483341.4232110955,546381.0786465721,452065.098385719
2022-09-28,429961.9533796314,434795.28003937117,483341.4232110955,546381.0786465721,452065.098385719
2022-09-29,429961.9533796314,434795.28003937117,483341.4232110955,546381.0786465721,452065.098385719
2022-09-30,429961.9533796314,434795.28003937117,483341.4232110955,546381.0786465721,452065.098385719
2022-10-03,429961.9533796314,434795.28003937117,483341.4232110955,546381.0786465721,452065.098385719
2022-10-04,429961.9533796314,434795.28003937117,483341.4232110955,546381.0786465721,452065.098385719
2022-10-05,429961.9533796314,434795.28003937117,483341.4232110955,546381.0786465721,452065.098385719
2022-10-06,429961.9533796314,434795.28003937117,483341.4232110955,546381.0786465721,452065.098385719
2022-10-07,429961.9533796314,434795.28003937117,483341.4232110955,546381.0786465721,452065.098385719
2022-10-10,429961.9533796314,434795.28003937117,483341.4232110955,546381.0786465721,452065.098385719
2022-10-11,429961.9533796314,434795.28003937117,483341.4232110955,546381.0786465721,452065.098385719
2022-10-12,429961.9533796314,434795.28003937117,483341.4232110955,546381.0786465721,452065.098385719
2022-10-13,429961.9533796314,434795.28003937117,483341.4232110955,546381.0786465721,452065.098385719
2022-10-14,429961.9533796314,434795.28003937117,483341.4232110955,546381.0786465721,452065.098385719
2022-10-17,429961.9533796314,434795.28003937117,483341.4232110955,546381.0786465721,452065.098385719
2022-10-18,429961.9533796314,434795.28003937117,483341.4232110955,546381.0786465721,452065.098385719
2022-10-19,429961.9533796314,434795.28003937117,483341.4232110955,546381.0786465721,452065.098385719
2022-10-20,429961.9533796314,434795.28003937117,483341.4232110955,546381.0786465721,452065.098385719
2022-10-21,429961.9533796314,434795.28003937117,483341.4232110955,546381.0786465721,452065.098385719
2022-10-24,429961.9533796314,434795.28003937117,483341.4232110955,546381.0786465721,452065.098385719
2022-10-25,429961.9533796314,434795.28003937117,483341.4232110955,546381.0786465721,452065.098385719
2022-10-26,429961.9533796314,434795.28003937117,483341.4232110955,546381.0786465721,452065.098385719
2022-10-27,429961.9533796314,434795.28003937117,483341.4232110955,546381.0786465721,452065.098385719
2022-10-28,429961.9533796314,434795.28003937117,483341.4232110955,546381.0786465721,452065.098385719
2022-10-31,429961.9533796314,434795.28003937117,483341.4232110955,546381.0786465721,452065.098385719
2022-11-01,429961.9533796314,434795.28003937117,483341.4232110955,546381.0786465721,452065.098385719
2022-11-02,429961.9533796314,434795.28003937117,483341.4232110955,546381.0786465721,452065.098385719
2022-11-03,429961.9533796314,434795.28003937117,483341.4232110955,546381.0786465721,452065.098385719
2022-11-04,429961.9533796314,434795.28003937117,483341.4232110955,546381.0786465721,452065.098385719
2022-11-07,429961.9533796314,434795.28003937117,483341.4232110955,546381.0786465721,452065.098385719
2022-11-08,429961.9533796314,434795.28003937117,483341.4232110955,546381.0786465721,452065.098385719
2022-11-09,429961.9533796314,434795.28003937117,483341.4232110955,546381.0786465721,452065.098385719
2022-11-10,429961.9533796314,434795.28003937117,483341.4232110955,546381.0786465721,452065.098385719
2022-11-11,429961.9533796314,434795.28003937117,483341.4232110955,546381.0786465721,452065.098385719
2022-11-14,429961.9533796314,434795.28003937117,483341.4232110955,546381.0786465721,452065.098385719
2022-11-15,429961.9533796314,434795.28003937117,483341.4232110955,546381.0786465721,452065.098385719
2022-11-16,429961.9533796314,434795.28003937117,483341.4232110955,546381.0786465721,452065.098385719
2022-11-17,429961.9533796314,434795.28003937117,483341.4232110955,546381.0786465721,452065.098385719
2022-11-18,429961.9533796314,434795.28003937117,483341.4232110955,546381.0786465721,452065.098385719
2022-11-21,429961.9533796314,434795.28003937117,483341.4232110955,546381.0786465721,452065.098385719
2022-11-22,429961.9533796314,434795.28003937117,483341.4232110955,546381.0786465721,452065.098385719
2022-11-23,429961.9533796314,434795.28003937117,483341.4232110955,546381.0786465721,452065.098385719
2022-11-25,429961.9533796314,434795.28003937117,483341.4232110955,546381.0786465721,452065.098385719
2022-11-28,429961.9533796314,434795.28003937117,483341.4232110955,546381.0786465721,452065.098385719
2022-11-29,429961.9533796314,434795.28003937117,483341.4232110955,546381.0786465721,452065.098385719
2022-11-30,429961.9533796314,434795.28003937117,483341.4232110955,546381.0786465721,452065.098385719
2022-12-01,429746.97240294155,434577.8823993515,483099.75249949,546107.8881072488,451839.0658365262
2022-12-02,430095.80308145867,432999.9951866348,483491.89025793324,544125.0521454861,450198.5058516208
2022-12-05,424450.91003382637,425624.172521115,477146.18776479195,534856.2994039024,442529.7197538004
2022-12-06,423880.92396304075,423475.5558433198,476505.4383298744,532156.2620486085,440295.76125785557
2022-12-07,427115.8396292485,425459.09836850024,480141.9664686611,534648.8606443229,442358.08895082574
2022-12-08,427532.95575185854,427369.5083453845,480610.8672603751,537049.5579649855,444344.37931276124
2022-12-09,426127.19118056475,427477.0393354423,479030.57802025037,537184.6856929829,444456.1813718719
2022-12-12,425563.6193295775,426898.5642463014,478397.0391259441,536457.7508395356,443854.72958503914
2022-12-13,430721.8707328502,433293.4491306166,484195.68376168725,544493.8180677642,450503.61561740714
2022-12-14,429947.91388636804,431523.0094048916,483325.64072475745,542269.0129435392,448662.85504446947
2022-12-15,424969.9774729848,421997.6473481205,477729.6970562845,530299.0633281561,438759.1510876007
2022-12-16,424745.96244659607,423117.59926719696,477477.8707241537,531706.4395478838,439923.5868524938
2022-12-19,421276.5699349034,420347.47957161,473577.7556067613,528225.3967290246,437043.439596497
2022-12-20,421478.94602762815,424899.17267676967,473805.2565470483,533945.2357029899,441775.9233327954
2022-12-21,423646.9179765561,426474.8486520635,476242.3806670779,535925.2929356731,443414.1842511998
2022-12-22,419874.59282134083,419568.4131089397,472001.72403454344,527246.3907605775,436233.42906219646
2022-12-23,419909.2773033179,420722.02861349826,472040.7145702185,528696.0699835605,437432.86551081744
2022-12-27,417643.95265095634,421117.4243683376,469494.1514780631,529192.9400484835,437843.9661575323
2022-12-28,415373.3596613642,418004.3904314755,466941.6659883676,525280.9775264154,434607.2843039062
2022-12-29,419391.010261207,422949.46658828296,471458.1050444957,531495.1573222523,439748.7760403151
2022-12-30,418843.08449176134,424187.26480119454,470842.1546815945,533050.6238918437,441035.73888602696
2023-01-03,420664.5261765443,425467.05601941445,472889.7270523565,534658.860545632,442366.3626750557
2023-01-04,424623.78113716416,429471.51193928026,477340.52069230436,539691.0194611812,446529.873279935
2023-01-05,419336.5943216887,424123.963788617,471396.9334048997,532971.0773164338,440969.9235936526
2023-01-06,427181.3323356509,432058.2615017627,480215.5900478488,542941.6320621502,449219.3670466497
2023-01-09,428140.4046541187,433028.2830996308,481293.7305105731,544160.5998644355,450227.91734424443
2023-01-10,429714.26788247237,434620.11438721546,483062.98773613136,546160.95850645,451882.9752546483
2023-01-11,429419.1427295028,434321.61992862046,482731.2230059257,545785.8584726079,451572.62476790854
2023-01-12,434386.66378806194,439345.8528481621,488315.4582607021,552099.5098114683,456796.41732812143
2023-01-13,439600.0786962599,444618.78687223943,494176.1149111602,558725.6888708334,462278.7892576421
2023-01-17,436722.8617408568,441708.7220786353,490941.6935229873,555068.7854639775,459253.138364858
2023-01-18,435468.7017932788,440440.24397442373,489531.830512477,553474.765320162,457934.27704021666
2023-01-19,442378.9456165793,447429.3788144795,497299.97617754416,562257.5907279499,465201.01629464177
2023-01-20,440903.43242330936,445937.0203782587,495641.27907377464,560382.2336356746,463649.3822400223
2023-01-23,441739.57657888724,446782.71039998456,496581.2299298678,561444.9614238635,464528.66258280963
2023-01-24,443338.0179350469,448399.4004123474,498378.1166402683,563476.5585302351,466209.5665922364
2023-01-25,445379.12825873145,450463.81313647714,500672.62935476756,566070.7818412138,468355.9766019264
2023-01-26,441346.101390834,446384.74309002544,496138.90507787326,560944.8598402819,464114.8882402854
2023-01-27,440731.3104809481,445762.9334003087,495447.78831503924,560163.4690005527,463468.38062747614
2023-01-30,439600.0786962598,444618.78687223926,494176.1149111601,558725.6888708334,462278.7892576421
2023-01-31,441198.5575762788,446235.5148368538,495973.0438039803,560757.3336695168,463959.73272676213
2023-02-01,446380.0554966849,451491.2890993397,501825.70924577676,567414.2443457018,469415.0616556071
2023-02-02,447258.81750028796,452435.73281201656,503453.3386193292,569612.4740925869,470356.00727108563
2023-02-03,441031.7247862781,445869.69084374764,495562.8850590033,559828.977874584,463507.0823350556
2023-02-06,438629.0270056449,443670.53770427365,492584.2986211884,556791.6062134656,461095.57321080344
2023-02-07,439199.9579870214,444715.79728129675,492981.78239283804,558034.0782226574,461657.97139802383
2023-02-08,439544.2227042972,445041.6180735294,492540.6028518737,557165.0397323888,462199.64168618206
2023-02-09,436526.879158266,442144.3643075103,488820.8461670126,553123.0605638702,459040.8053006872
2023-02-10,435096.95605016575,441075.1696944195,487281.8005731963,552124.4482657544,457490.07359918725
2023-02-13,436453.7876072454,442390.39204595453,489070.4033283003,554143.0249718007,459126.2605788901
2023-02-14,435434.3132540708,441373.39632998744,488115.0525730659,553165.3992845782,458070.63721073157
2023-02-15,434662.8407262315,440797.3446317832,486920.17636411055,552071.902413555,457070.7360709391
2023-02-16,432268.3646773383,438621.80460808595,483663.5409317264,548632.0990638533,454353.0290880276
2023-02-17,432843.93385127943,438942.7086466787,484191.83770564303,548687.1408248993,455035.75817678677
2023-02-21,428236.67644388427,434629.58783455665,477896.5684902676,541782.4939570661,450085.86144760886
2023-02-22,427866.67507447983,433883.4650728831,477428.3284685389,540530.0987552104,449849.18190223444
2023-02-23,429818.1398522397,435534.7743699258,479840.3823406329,542735.3140961298,451854.9920812207
2023-02-24,426112.78489770816,431668.00164844526,475320.2553641823,537259.9278000629,447639.44025490945
2023-02-27,427219.27289338736,433018.58236385335,476651.019175627,539235.0586399412,449022.56812147365
2023-02-28,428015.0800682842,433973.089469137,477196.30258015817,539995.8656006033,450127.2932793061
2023-03-01,425591.27263089415,431672.4110133772,474324.44777458214,536974.8787511527,447423.62408581673
2023-03-02,426734.0814685983,432831.5490832196,475598.1162112139,538416.7777667702,448625.0577257549
2023-03-03,432877.3039378507,439062.5501051641,482444.7805877452,546167.773505419,455083.42056709575
2023-03-06,431681.0640904113,437849.2175668762,481111.5629173379,544658.4597850854,453825.814966989
2023-03-07,424965.94657729875,431038.14987461775,473627.5175174903,536185.8955097117,446766.2195121624
2023-03-08,425622.17298525485,431703.75289307703,474358.8864354775,537013.8661907532,447456.109593445
2023-03-09,425545.06550198194,431625.5436454911,474272.94960647105,536916.5785249951,447375.04658339586
2023-03-10,429128.34719283675,435260.0257091609,478266.54209423234,541437.6586674132,451142.14657661656
2023-03-13,436515.96429170016,442753.20211993717,486500.0929824516,550758.7257358222,458908.7400861562
2023-03-14,438623.58247716405,444890.9353915587,488849.04818014626,553417.9391463725,461124.4767033571
2023-03-15,441632.5299864351,447942.87679512746,492202.5412085512,557214.3732554917,464287.7798203588
2023-03-16,446492.33710881404,452872.12415635504,497618.83021129254,563346.0646413644,469396.8895575283
2023-03-17,453916.3486453761,460402.215033379,505892.94295468513,572713.0511165546,477201.7444983023
2023-03-20,454620.0820982671,461116.00390983385,506677.2588062757,573600.9621472561,477941.57868225174
2023-03-21,451602.9197016457,458055.7302390012,503314.61022850557,569794.1631918099,474769.6392634597
2023-03-22,454185.7276884607,460675.443147964,506193.1677808741,573052.9306871677,477484.9423819538
2023-03-23,459766.4012329697,466335.8571624357,512412.867449164,580094.1500274698,483351.8981742771
2023-03-24,457127.0496586912,463658.79273266566,509471.2916733882,576764.0406414885,480577.1508461653
2023-03-27,453301.4161884715,459778.49600210873,505207.5964337452,571937.1816316253,476555.2667011062
2023-03-28,454754.68999859545,461252.535179653,506827.2802519568,573770.7989498553,478083.0918157876
2023-03-29,456391.98772501724,462913.22773272655,508652.0600110124,575836.6019976715,479804.38106576353
2023-03-30,460589.30272453174,467170.5168317782,513329.9969127105,581132.4171562202,484217.01358264615
2023-03-31,461902.02243145386,468501.99357322755,514793.0322005808,582788.6952586852,485597.07432742877
2023-04-03,463251.0653389758,469912.3931434693,516347.62740803283,584659.326917836,487033.34693596157
2023-04-04,465520.3385769693,472775.84169265843,519252.703404844,589249.2537824328,489921.669178743
2023-04-05,465997.72870397754,472910.7729980555,519534.73907246266,588747.9920112775,490786.21195565874
2023-04-06,466072.7816687364,473153.20966857614,519222.3832970693,588485.5683432284,491185.88881538436
2023-04-10,463119.9960089017,469888.3658841332,516078.8998845864,584492.1364139876,487137.5098896756
2023-04-11,463351.9742578679,470243.6804864391,516107.96880819113,584623.5606852182,487598.27324242605
2023-04-12,463297.900075906,470495.4290441518,515957.80252992414,584992.3679014993,487748.43628676026
2023-04-13,464912.325912187,472406.46472998045,518869.13335127867,589461.7426297328,488883.80588540557
2023-04-14,462146.0854374185,469179.81925781484,515479.71657025215,584631.4368450589,485379.90257137443
2023-04-17,459968.7836278964,467216.3375054724,513021.27096234384,582302.9304592347,482804.18316507793
2023-04-18,460904.98284814024,467970.65533095907,514257.75210273964,583438.0230588946,483720.54048804863
2023-04-19,459644.47711711144,467032.80672348104,512527.3866399127,581948.0252477864,482824.6290571979
2023-04-20,460890.87708544347,468135.0087533712,513825.848851727,583052.1123804732,484398.80896613386
2023-04-21,460144.7302219735,467028.1426413345,512605.8054678981,580768.7438756184,483024.11918264366
2023-04-24,461692.107329399,468438.4023447511,514242.9212791294,582264.4062782848,484950.2580424067
2023-04-25,463206.4566600253,469804.3617662032,515438.90561077185,583006.0498607842,487195.9502379232
2023-04-26,461838.5554391134,468635.652931414,514023.0626529899,581886.747551211,485404.94860105927
2023-04-27,461876.09563689673,469250.74998541846,514707.29265986563,584143.6511514932,485248.7477220151
2023-04-28,464049.5385352616,470981.3985315251,517789.87271491106,587103.7016735721,487916.6649927278
2023-05-01,459606.0301566065,467497.0445357856,512594.3134685646,583059.1758863761,482785.17711932654
2023-05-02,463893.16774157586,471394.08259965066,517687.9032648527,588149.899536529,487961.57491210516
2023-05-03,465401.77058136585,473201.22904915153,519126.80208570504,590161.9025621345,489954.95791372977
2023-05-04,465237.4784662278,473445.10723385104,518928.52826979733,590728.5221889861,489474.79834623396
2023-05-05,464310.9490875439,472838.150142272,517896.6681666687,590210.5959632251,488703.3644970012
2023-05-08,462619.96336881124,471724.48154740484,516027.7980395587,589279.9058829173,486732.5302818808
2023-05-09,462341.55837918934,471401.12108484865,515877.2425575327,589134.5828016438,486196.3618434888
2023-05-10,464986.02144562965,473725.84732147364,519277.8646321425,592583.4928497776,488927.8830862848
2023-05-11,465739.7854519109,474107.3099107828,520013.2515570817,592597.4894490845,490008.60986576544
2023-05-12,463648.7264481051,472263.98318150686,517502.89338126365,590180.9356282421,487787.5594901259
2023-05-15,463067.04139570636,472374.3613565299,516892.36938744294,590883.8281991404,487158.26789145556
2023-05-16,461105.69985159853,470506.75345828774,514408.82908993616,588114.3465748377,485298.7398108891
2023-05-17,461256.1186085206,470731.87543978135,514721.984479981,588706.8118139147,485293.94435494294
2023-05-18,460077.78561791754,469810.13940119,513546.1236826949,588001.619714843,483963.11345487816
2023-05-19,459769.07294212864,469588.20468379685,513520.2283146121,588361.8710032314,483275.0186109538
2023-05-22,459384.7806884508,469117.1546969078,513277.8617730934,588051.7905165481,482612.3899351228
2023-05-23,459468.40634773416,468881.98888647574,512840.8965235578,586577.4840923394,482605.14535562304
2023-05-24,457554.63566386316,466889.4926454687,510514.83875434025,583716.2558726512,480505.7808694599
2023-05-25,456895.953413058,466531.0702269797,510348.3836592125,584508.5585750474,480018.0631627584
2023-05-26,459515.3957655113,469457.87687100476,514105.50111897837,589846.396980284,483154.04820582434
2023-05-30,462307.1452607421,472064.865806018,517614.54286934703,593641.7814891009,486145.5925050883
2023-05-31,462970.2713587344,472428.7104066194,518383.10201526666,593923.9315171575,487076.05512739683
2023-06-01,464971.52447945665,474705.69127931475,521152.6961493928,597890.4943583807,489355.9457153684
2023-06-02,462582.5414060202,471940.89168295934,518414.8814332061,594010.3156132948,486193.269965704
2023-06-05,462965.26055470394,472725.2702155212,518724.6704873411,595152.1590445457,486788.1409625292
2023-06-06,463371.59831033024,472996.2742034782,519260.6952832838,595500.3074262607,487389.4190072181
2023-06-07,459439.3718747843,469043.7024642474,513883.8677915974,588928.9705395807,482923.2302276121
2023-06-08,462958.7576548155,472766.2394009865,518499.42989485146,594874.641518708,486981.837484302
2023-06-09,461940.43509073375,471781.63021838013,517505.36280157504,593935.0123270933,486010.6993332261
2023-06-12,463313.66841645003,473156.0227904817,519580.4368610494,596553.4248696355,487428.37559376995
2023-06-13,461298.2718379747,471115.2976083092,517511.8402979521,594322.6091345565,484988.4711415669
2023-06-14,462510.3570239429,472291.3113013499,518898.335839041,595795.4677178186,486531.3763841499
2023-06-15,466134.7034297682,475878.25111384905,523343.19837466633,600861.6870067703,490348.2014097917
2023-06-16,464734.2465588124,474282.2947944765,521665.98114561074,598516.8009390734,488671.407631887
2023-06-20,464954.55393789074,474087.63972206984,521492.79210000776,597174.3101912896,488916.46750118356
2023-06-21,464176.9989480027,473219.9202786193,520173.8253099342,595254.3124525843,488280.1248165646
2023-06-22,462498.2196839091,471717.27361839253,518267.70182038075,593511.2057547542,486189.34470377484
2023-06-23,463236.09575502784,472311.0754374972,518888.17154442915,593763.8655921397,487328.2288806188
2023-06-26,463112.31500598893,472001.50999572995,518565.454761713,592896.2591033602,487113.07246059424
2023-06-27,462785.39168921363,471722.31506841216,518721.4025932475,593479.7434189975,486702.6374567609
2023-06-28,463861.8488257231,472549.4236803403,519998.97954355675,594396.1040086811,487708.0841462571
2023-06-29,460946.87269932893,469751.99021337036,516806.5505021887,591160.9956620077,484085.02882540267
2023-06-30,463748.96120830317,472438.66589339654,520372.9043881335,595109.564432212,487219.55343286874
2023-07-03,462816.6508309457,471593.9250304175,519368.72237889096,594211.9556868739,486052.5285560706
2023-07-05,461238.79353432596,471164.1496421537,517598.06497758476,593670.4354076423,485609.5766792767
2023-07-06,457814.60183206334,468511.59400441655,513755.46755506,590328.1949982343,482875.6963079919
2023-07-07,458096.22798662045,469286.579774999,514071.50591672695,591304.6830018436,483674.44237615267
2023-07-10,459497.0130500215,470049.246808395,515643.4544354327,592265.6493022956,484460.49202682317
2023-07-11,462296.0765454824,473343.6929674309,518784.53855348425,596416.6766823443,487855.94264821947
2023-07-12,466983.9316471486,478559.85697895667,524045.20778497885,602989.0832676757,493232.0290916607
2023-07-13,470269.96203362296,481917.3925121867,527732.7618097903,607219.603742171,496692.503345094
2023-07-14,468251.7728509952,480960.5018625269,525467.9678888749,606013.9141984048,495706.2753740937
2023-07-17,468908.36014898313,481547.5954246012,526204.7843052116,606753.6565809405,496311.368644383
2023-07-18,471014.384818808,484345.60700694117,528568.1464273427,610279.1725940432,499195.1644957349
2023-07-19,472962.8452024209,485860.4717570314,530754.6913112097,612187.9137757584,500756.473501474
2023-07-20,468912.6059048665,481106.1493899706,526209.5488546389,606197.4311979456,495856.3883107423
2023-07-21,468987.97870655556,480670.71172066714,526294.1315412063,605648.7764012583,495407.60055296985
2023-07-24,469013.96967671387,481100.15681498643,526323.2983763673,606189.8805075911,495850.2120093333
2023-07-25,469394.6383109525,482255.03484106966,526750.4813263741,607645.0356612849,497040.49745398865
2023-07-26,470941.20260742126,483411.07915502385,528486.0220016969,609101.6603466244,498231.98494374816
2023-07-27,464827.8527351737,476885.5564651994,521625.67523823486,600879.4518032265,491506.39617935807
2023-07-28,468420.6507137544,480945.40842339536,525657.4811219487,605994.8963495557,495690.7191850397
2023-07-31,469819.0274591611,482443.82308476587,527226.7270476565,607882.910293555,497235.0737586014
2023-08-01,466177.54243041674,479725.6158858912,523140.28498999664,604457.9484145375,494433.5290142174
2023-08-02,461537.9729688318,474951.21104047453,517933.8014736296,598442.1617602607,489512.7456361969
2023-08-03,459764.1494800218,473125.8366107974,515943.2325572891,596142.1760052507,487631.40703106346
2023-08-04,458728.898321757,472060.4989351428,514781.48293042515,594799.8423785468,486533.4071554616
2023-08-07,461116.5054849116,474517.4948489022,517460.83441798267,597895.6760386929,489065.732134961
2023-08-08,457897.478093269,471204.91593324195,513848.47055704903,593721.8012464877,485651.5928245482
2023-08-09,455540.2537380258,468779.1858139729,511203.21438585245,590665.3627267454,483151.492217889
2023-08-10,455055.7846082283,468280.6370197557,510659.54744447686,590037.1874295381,482637.6584105044
2023-08-11,454442.1875242053,467649.2075486918,509970.9742632564,589241.581462275,481986.8699360861
2023-08-14,454422.42757972784,467628.87333978736,509948.799829603,589215.9602033929,481965.91230043897
2023-08-15,451021.8689628257,464129.48752994224,506132.72324492515,584806.7072944695,478359.23878114216
2023-08-16,446914.3334288044,459902.5786068775,501523.28346223733,579480.7696935503,474002.73700920073
2023-08-17,444164.6551892945,457072.98909027426,498437.61903844593,575915.4652415402,471086.3950753389
2023-08-18,444451.3227561953,457367.987803359,498759.3148281316,576287.1658783029,471390.43815733236
2023-08-21,445775.30419589253,458730.4468533358,500245.075004552,578003.874711178,472794.66885486007
2023-08-22,446284.600663743,459254.544518861,500816.6029635066,578664.2417818153,473334.8348366896
2023-08-23,452279.4816862265,465423.64905289764,507544.00503918953,586437.3607204664,479693.0780169888
2023-08-24,448968.78068116773,462016.7323009975,503828.76586599054,582144.6195324231,476181.708565539
2023-08-25,449817.22778024216,462889.83700919093,504780.88564184826,583244.7381485432,477081.5818009381
2023-08-28,452580.9803362831,465733.9098707679,507882.34413826425,586828.291726093,480012.85112481244
2023-08-29,458874.9630163979,472210.8085687438,514945.3954294765,594989.2336675351,486688.3251338334
2023-08-30,460579.13189940143,473964.50408721564,516857.7985677265,597198.9034457098,488495.78722320555
2023-08-31,459641.6435796886,472999.7704382814,515805.75752732705,595983.3316628181,487501.47579432663
2023-09-01,459503.5083569252,472857.6207232389,515650.7434109737,595804.2219336792,487354.9679095495
2023-09-05,460087.6495356216,473458.73824008333,516306.261437656,596561.6346065815,487974.5150951981
2023-09-06,456035.2361621156,469288.5534403306,511758.679252421,591307.1698352703,483676.47655211226
2023-09-07,452773.91964595625,465932.4563916469,508098.85891270393,587078.4618623152,480217.4848857394
2023-09-08,453406.6386029534,466583.56345644814,508808.8904894212,587898.8617483232,480888.5542494657
2023-09-11,458749.06186689006,472081.24847416364,514804.1102811387,594825.986956555,486554.79285483604
2023-09-12,453662.2098048759,466846.562080547,509095.6902153624,588230.2420279963,481159.6161513801
2023-09-13,455390.28783435735,468624.8615942255,511034.92398478586,590470.9130284801,482992.4365701286
2023-09-14,459114.05574114656,472456.84981739736,515213.7031551382,595299.247524335,486941.90976393543
2023-09-15,451252.68406021054,464367.0105864399,506391.74189090374,585105.9881639446,478604.044059738
2023-09-18,451723.09963982366,464851.09740554256,506919.6380634639,585715.9412617981,479102.9725021481
2023-09-19,450760.3763971362,463860.3954551267,505839.2786173176,584467.6492202468,478081.89660933637
2023-09-20,444264.69327445765,457175.9344869288,498549.8808863876,576045.177229393,471192.49667608354
2023-09-21,436123.7445897348,448798.3931722761,489414.18079922494,565489.4110411279,462558.1082267259
2023-09-22,436184.74046365405,448861.1617111247,489482.6298255315,565568.4998805833,462622.80118692294
2023-09-25,438256.4487135317,450993.0780426731,491807.48236691905,568254.7307785924,464820.079965593
2023-09-26,431675.4997002693,444220.873182607,484422.4000132006,559721.7008122873,457840.24599949067
2023-09-27,432687.0271910864,445261.7977324852,485557.5271518062,561033.2737136255,458913.0842670145
2023-09-28,436306.5812316065,448986.5434211516,489619.3584498615,565726.4817950397,462752.02697622735
2023-09-29,436623.3747772771,449312.54363560467,489974.8613445336,566137.2445608493,463088.0220349731
2023-10-02,440267.38755931926,453062.4588868786,494064.1400244247,570862.1664838274,466952.9059807005
2023-10-03,432540.7654265835,445111.2853017686,485393.3935027113,560843.6268987186,458757.957273968
2023-10-04,438427.09372961393,451168.68235216243,491998.97868370847,568475.9935528359,465001.0681296095
2023-10-05,437135.3098255234,449839.3565640722,490549.35029490147,566801.0328835796,463630.9865270223
2023-10-06,444459.72154211893,457376.63067519065,498768.73987087136,576298.0559629733,471399.34601107
2023-10-09,446726.3825697149,459709.16551116534,501312.366682601,579237.0677123356,473803.3940591815
2023-10-10,449200.4144706475,462255.09784245817,504088.70324094436,582444.9619394005,476427.3821588537
2023-10-11,452405.5664692376,465553.39811774663,507685.4962594089,586600.8455354313,479826.8050598966
2023-10-12,450833.3374270162,463935.4768818563,505921.15483504685,584562.2523926895,478159.279958384
2023-10-13,445166.45838819747,458103.906740414,499561.83366329834,577214.4293726026,472148.91964147094
2023-10-16,450199.7880806464,463283.5152948677,505210.1914027735,583740.7758021838,477487.3298736649
2023-10-17,448725.0920447414,461765.9615740669,503555.30064918863,581828.6464967888,475923.2494560316
2023-10-18,442838.80148668244,455708.6033655906,496949.7578252622,574196.3287837851,469680.1786331625
2023-10-19,438695.158517098,451444.5376509883,492299.79860006267,568823.5733410856,465285.380879188
2023-10-20,432150.8221261757,444710.0094509984,484955.8026049563,560338.016254899,458344.37870231277
2023-10-23,433454.8731459987,446051.95886231004,486419.1970417519,562028.8827860506,459727.4709559296
2023-10-24,437671.5148904344,450391.14484555915,491151.07484175137,567496.2903423061,464199.6920917241
2023-10-25,426959.1145333772,439367.4202102769,479129.7145966805,553606.3129129699,452837.9909571321
2023-10-26,418818.2790835689,430989.99542137707,469994.14158073004,543050.6935480452,444203.7226060916
2023-10-27,420829.029204499,433059.1820559945,472250.5874528819,545657.8845477127,446336.3484573371
2023-10-30,425569.8353679419,437937.76574901474,477570.6778941671,551804.9373474803,451364.50470343797
2023-10-31,427605.0064854225,440032.08310432214,479854.528791084,554443.793247598,453523.0317584257
2023-11-01,434783.3516226503,447419.0456423387,487910.0037529788,563751.4225942172,461136.47126513754
2023-11-02,439004.2143572138,451762.57528632745,492646.61831049545,569224.3031962564,465613.1692340157
2023-11-03,442134.40243986255,454983.7330408572,496159.287490336,573282.9866255892,468933.08450087614
2023-11-06,440948.65722777747,453763.5276461793,494828.65477701015,571745.5184873716,467675.4688150874
2023-11-07,441702.0923989293,454538.85918537475,495674.15301380417,572722.4421620803,468474.57125278504
2023-11-08,439317.1368785035,452084.5919765088,492997.7771760937,569630.0466909887,465945.0586375735
2023-11-09,438858.2176278187,451612.3355931813,492482.78208143724,569035.0000327763,465458.3233404039
2023-11-10,440378.9936608775,453177.3084901598,494189.38339730626,571006.8778631587,467071.27675927803
2023-11-13,441184.9164185652,454006.65301257616,495093.7827361045,572051.8583102063,467926.0481648652
2023-11-14,447514.38298232947,460520.0668284812,502196.6537254261,580258.8095797698,474639.15680923226
2023-11-15,446987.6808629073,459978.0576675275,501605.59329934296,579575.8738877765,474080.53018323175
2023-11-16,450025.41245217674,463104.07195376017,505014.5086259982,583514.6758187123,477302.3849771156
2023-11-17,450042.648797688,463121.8092227477,505033.85109937424,583537.024913419,477320.66605323524
2023-11-20,451982.7408755513,465118.28434695903,507211.00514508155,586052.5988533532,479378.35113104794
2023-11-21,453631.8188189101,466815.2878703317,509061.5857216613,588190.836283714,481127.38310479664
2023-11-22,453330.0029455976,466504.7006100486,508722.890637475,587799.4939581478,480807.2735461584
2023-11-24,454397.7661228214,467603.4951704717,509921.12496236863,589183.9835157794,481939.75606154045
2023-11-27,455970.6438908938,469222.0839855139,511686.19438110106,591223.4178133629,483607.96920952166
2023-11-28,459947.1065572366,473314.1107951135,516148.5453593941,596379.4029187658,487825.453515743
2023-11-29,460141.79229140613,473514.45449515915,516367.01995584497,596631.8375144955,488031.93955557316
2023-11-30,458551.5620672697,471878.00892616634,514582.4777655085,594569.903570237,486345.32218321826
2023-12-01,463287.2152542773,476777.2074558789,519953.2970344551,600847.6367598057,491394.72529652464
2023-12-04,460307.6217118846,473525.1747927742,516117.060343082,595865.2938584756,488042.98852691497
2023-12-05,461935.4056845423,474760.1082191351,517533.5074972498,596486.5109079767,489315.78379127814
2023-12-06,462554.7664568953,475160.0374961055,518292.2736733521,596922.991819555,489727.974504512
2023-12-07,463297.7810330783,476073.9834853938,519658.3038976809,598990.8739355911,490669.9411743087
2023-12-08,461425.9730511402,474283.5144976919,516947.32745458157,595896.5754655285,488824.57817749406
2023-12-11,460964.0247590713,473736.9806013075,516664.6446792751,595518.7870298357,488261.2880921476
2023-12-12,461902.11419583467,474339.0079209379,518279.82017480885,596884.3040473252,488881.7729742362
2023-12-13,470009.4708846871,482742.5258991552,528236.4886636003,608826.0553625791,497542.9345059829
2023-12-14,474572.15707309823,487335.0469673359,533084.7528267973,614125.0218330291,502276.25772996695
2023-12-15,473254.505551429,485846.3078966576,531357.4938877291,611776.5407267091,500741.87539114285
2023-12-18,472877.79829468235,485802.79907931655,531419.0295774658,612701.3287058471,500697.03263647476
2023-12-19,474279.29833162716,487414.5545067094,533508.5804511937,615641.0725547404,502358.20289189677
2023-12-20,473827.460356438,486583.842067364,531892.5750096457,612640.081306571,501502.0216303999
2023-12-21,474896.0656668674,487948.07267710596,533966.5629238548,615879.6598886774,502908.078201964
2023-12-22,474932.1476939565,488168.98230633035,534460.4613295337,616980.5782138017,503135.76070203003
2023-12-26,476385.3486653228,489761.97103652474,536655.7579827606,619920.6078200875,504777.58889187017
2023-12-27,479110.7704894232,492193.06734215864,539987.2091000132,623137.1740061207,507283.2202068632
2023-12-28,477934.72788810026,491000.3480222443,538839.7295161302,621910.3178675732,506053.9332917176
2023-12-29,476427.2435571404,489506.87526720023,536700.9201011154,619385.3979522925,504514.6721384448
2024-01-02,474529.32145849953,487845.91879252385,533996.9067143989,616616.7230457912,502766.9275997909
2024-01-03,472619.97794688755,485693.04255977547,530754.9336215948,612098.7763338678,501004.3784019668
2024-01-04,470641.6450288849,483808.8607293566,528623.3492107791,609953.6590169205,498461.5662525679
2024-01-05,469700.7682056524,483011.5369422699,527613.5902628936,609124.7318812464,497222.90694677824
2024-01-08,472419.2079839642,485607.98829848046,531258.9267024469,613186.2585444641,500131.7671040057
2024-01-09,472172.4905326088,485110.3337348155,531260.6699627949,612836.9573809067,499336.3326410437
2024-01-10,472154.87125819165,485226.0535818087,531396.9803236169,613304.9793161786,499197.0200521595
2024-01-11,473751.2150180639,486580.98251699825,532813.6845364546,614258.5917462306,500739.9088629679
2024-01-12,475613.21207142936,488683.19882590126,534838.6317483069,616922.7031253525,502570.62349120376
2024-01-16,472434.769054904,485793.66341950285,530955.8116105971,613032.01812263,498977.4313318911
2024-01-17,469802.7750843073,482712.28392879124,527514.2978428759,608170.762604781,496063.5536512678
2024-01-18,470693.8369106053,484038.4887181674,528826.1180645204,610570.6720077952,496794.9646394572
2024-01-19,472822.6076874999,486606.09423927916,531946.6044467351,615161.2647153635,499319.63176741044
2024-01-22,473486.1139717745,487142.7719490964,532874.9177863275,616029.7797737527,500126.2607625588
2024-01-23,472770.21485119493,486639.17275605054,532411.0264768022,616061.9277512586,499244.9944289454
2024-01-24,471341.623745138,485050.25185965264,530670.1761060776,613774.2587750697,497478.1108441468
2024-01-25,473560.62624544697,487126.7651996611,533425.5474602991,616670.2124963413,499726.3371075532
2024-01-26,472486.35017027665,486083.01780421,531955.9310737489,614987.3198910558,498667.57882847823
2024-01-29,475324.9266121501,489207.0062501044,535463.3815775472,619544.3961407966,502140.71333441057
2024-01-30,474956.3836926281,488395.29353657464,534987.8165647748,618157.3397782438,501876.8106637182
2024-01-31,475090.0813106056,488286.3478207599,533917.2632641572,615990.1656160208,502297.66447144275
2024-02-01,478677.4717119978,491955.879388205,539083.8841184358,622348.2933758224,506714.916158698
2024-02-02,475105.53121077333,488478.169532902,535464.8729035273,618689.667707535,502325.7515850583
2024-02-05,471286.1457192143,484728.49992258154,530709.7171473237,613344.6047162506,497802.9685475451
2024-02-06,473516.35653985396,486921.08171168214,533468.7932677091,616444.4004395279,500331.87002582074
2024-02-07,473319.552296992,487007.3458834133,533516.2047545229,617142.1323789958,500154.31382075144
2024-02-08,472795.12765981513,486930.98792206316,532859.0907930624,617215.9471834124,499775.7934289255
2024-02-09,472656.01855923416,486902.3039361536,532907.8102597628,617567.4494183342,499642.3867425116
2024-02-12,472432.8728521289,486607.6437655282,532499.7858311926,616911.5624056206,499434.18657358317
2024-02-13,466983.39905520517,480933.47196226136,525409.968514315,608205.065341642,493320.51380084065
2024-02-14,469130.92012852815,483136.62813165894,527888.1653530386,611082.7786209563,495607.0167950895
2024-02-15,471400.42024355946,485611.5305800819,531101.8987248355,615322.0083272279,498148.3544692975
2024-02-16,469860.0661101981,484064.5647025302,528956.122192766,612745.7221783078,496423.96904536994
2024-02-20,470317.8234481519,484265.2016255361,529563.5879321052,612983.6106760909,496653.3266966896
2024-02-21,469645.06372756045,483694.9833964443,528750.9993024076,612248.2311671444,495756.1055733242
2024-02-22,471298.26044006366,485618.7428976328,531497.7692805111,616193.0445854751,497775.3731696444
2024-02-23,472536.76294710714,486855.69988558354,532909.0774891927,617762.2431167873,499615.5027286726
2024-02-26,471445.6542467173,485827.59799918265,531322.2052252648,615958.675031745,498514.30917127855
2024-02-27,471051.1981039352,485484.7581554611,530948.8949137395,615672.6909023691,497826.9982064817
2024-02-28,472033.37630821497,486746.2128641144,531850.0146896037,617098.2366638735,499318.5221948107
2024-02-29,473834.2656098969,488934.216585227,534010.40116554,620272.4847007756,501698.7151256962
2024-03-01,477829.9960169115,493328.57378040475,539384.5094987111,627372.5558376126,506060.62784090743
2024-03-04,478719.37518310937,494692.34583149105,540941.9443800019,630283.3844646293,507085.86135884677
2024-03-05,479494.832763341,495029.7364547909,541210.3746770776,629435.7565329687,508179.9040006309
2024-03-06,481109.29517242196,496779.4955471736,543648.2811556673,632696.1573650156,510105.20214080956
2024-03-07,482525.1235751984,498296.5780784342,545971.0258183242,635817.0817555495,511441.41725343984
2024-03-08,483267.5674041515,499082.78689874115,546956.5773099246,637065.2652491058,512061.9084205186
2024-03-11,482683.36731084454,498310.51623258105,546411.1249047058,636151.9217444885,511326.67122999206
2024-03-12,481521.95441752183,497208.89177067275,545002.7680185416,634660.9895131357,509854.06015740376
2024-03-13,480959.7842009639,496609.61015131883,544414.5281458076,633960.1823609563,509037.4326386475
2024-03-14,477708.0838476997,493325.38999842346,540591.4440047808,629589.2193777714,505186.70528123726
2024-03-15,476621.4266309712,491896.96872200805,539029.8024328495,627033.4395969743,503865.3744106452
2024-03-18,476802.9408390973,492329.53933185036,539505.6294848141,628178.5249925625,504095.08305651933
2024-03-19,477543.9342550801,492935.90651938616,540373.1144416495,628893.1487176566,504802.2914773194
2024-03-20,480122.58517534175,496022.80337135645,543588.9253188147,633588.4575953478,507601.77113803185
2024-03-21,480960.9660081353,496921.0784504411,544531.3328574958,634746.3579128709,508539.9204914219
2024-03-22,481140.8806316126,496739.3816976969,544097.0238125351,633251.3962672307,508903.2473554531
2024-03-25,479948.00931714254,495619.62139170343,542890.2647975214,632124.7127838618,507603.96395185764
2024-03-26,480005.87986861134,495727.28747447464,542922.7895946209,632241.2957179659,507855.82522558066
2024-03-27,483199.5298020822,498992.54771025,547271.3263724702,637558.1893597294,511385.0422810607
2024-03-28,484217.46614815417,500410.6310374796,548784.7116605014,640189.0889863528,512633.201279513
2024-04-01,481686.41961639054,498326.40041066625,546178.6237871335,638298.5767185952,509689.043983145
2024-04-02,481390.6810034702,498133.24182743975,545650.5210051948,637815.2483645569,509187.58953151206
2024-04-03,482267.96879326494,499191.7981671145,547036.970642743,639919.623450977,510130.8137689369
2024-04-04,481900.5635419166,498568.81845432124,545647.2608835167,637353.857765246,509994.1134727668
2024-04-05,482081.2918655291,499367.98238466727,546836.6754419201,640420.1924852447,509890.2824925864
2024-04-08,482652.8678417937,500125.2689583107,547821.4520829661,642060.6970719981,510567.0405127166
2024-04-09,484974.4997336528,502488.36838342657,550928.0980795433,645838.8475396539,513251.44054872886
2024-04-10,478216.85109880654,495524.29323291365,542318.2873166795,635381.5249144224,505664.2567572414
2024-04-11,479836.31768216525,497902.33770280273,545060.7504042082,640414.3501916043,507541.0810091701
2024-04-12,478894.1086144331,496379.66097790905,542816.6058485896,636135.3712040129,506485.27673449053
2024-04-15,476493.13529837347,494663.72165632324,539707.8408569212,633847.3428205518,504024.1574294156
2024-04-16,474747.6143820304,492809.86420745717,537816.2707203528,631583.0638286085,501965.70844199025
2024-04-17,475106.55110921024,492583.7839738576,537557.9657996579,629774.890093565,502410.62537647487
2024-04-18,474364.2085508899,491869.6041582252,536667.4142109321,628817.8551934434,501472.2578049698
2024-04-19,474263.2522353976,491604.4460454644,536187.6624199769,627765.193753105,501443.63950638374
2024-04-22,473802.99634599476,490689.116634481,535442.1484671617,625917.6055228467,500520.4408974
2024-04-23,475105.39106311393,492169.78874180606,537294.7566541515,628523.1628739178,501874.6282776307
2024-04-24,474267.40190744307,491572.1301437979,536413.5525798061,628059.7564378179,500922.79691022856
2024-04-25,473334.97307288635,490730.9477875422,535263.4289301116,626916.7160823279,499756.4787720238
2024-04-26,475217.47811526555,492702.6814684638,537691.4312532388,629940.9543719257,501835.57312656735
2024-04-29,476815.05731488887,494254.0797297571,539690.6936534607,632165.0405440439,503721.6305620575
2024-04-30,472397.3723582808,489192.7239590342,533742.3715934426,623794.1346337124,498662.94158492214
2024-05-01,473516.71357817197,490125.3401752061,535158.4397077027,625071.6982855992,499872.73250653665
2024-05-02,475717.3244916018,492082.3473819544,538067.0845257015,627945.3871042188,501868.65979244804
2024-05-03,478958.67936397315,495395.59763349575,542429.5236585883,633806.0066872011,505247.8024748564
2024-05-06,480838.5283029681,497572.2446438857,545992.6746316287,640606.2844266404,507467.7376620411
2024-05-07,480570.30744406546,497077.9897434441,545533.8621161687,639137.4290068016,506963.6532424308
2024-05-08,479739.8054663637,496387.9175801845,544342.2311691093,637985.9986492746,506259.8572343486
2024-05-09,481897.96069622436,499232.1564900129,547169.6768511563,643846.9270784308,509160.66108841804
2024-05-10,481794.44548377284,499754.6642927001,547632.6639024649,647273.971305423,509693.560291287
2024-05-13,481325.5077110691,498982.0972027357,546533.3168779892,644262.4610306848,508905.6287344997
2024-05-14,483103.21268990997,500989.79534969217,549308.5472507286,649080.2563715365,510953.2550792398
2024-05-15,487289.8648299105,505280.35735106096,555577.2202057401,658292.0721321095,515329.1458480098
2024-05-16,486372.63055490545,504264.359036321,554328.0484582239,656323.3652007381,514292.94181573193
2024-05-17,486916.72491950466,505565.6101599396,555820.8849144032,661746.9045960591,515620.0716364588
2024-05-20,487482.6326720659,506502.5403649925,557121.3101271198,665355.7716981408,516575.635088045
2024-05-21,488148.47380405304,507126.9044237894,557664.0975032211,665483.1071312341,517212.4162184352
2024-05-22,486639.06134125456,505214.25484696805,554699.3127127343,659119.9138177516,515261.72872704495
2024-05-23,483565.2464544687,501609.3294288286,550144.5206018733,650909.8182210075,511585.11017350625
2024-05-24,484870.3402756426,502959.044694662,552251.1277078224,654204.8486713571,512961.6679695116
2024-05-28,484317.4739006593,503418.8112701443,552410.6019681853,658946.3416741418,513430.57817586686
2024-05-29,481981.87757011066,501105.9707611199,548703.2597114239,653536.1794144333,511071.740935
2024-05-30,483128.11856121226,501496.71332015604,549380.2512909863,650780.3532831159,511470.25440631364
2024-05-31,484082.91836112464,501968.6615721138,549634.8417604726,648227.3441263105,511951.58855284745
2024-06-03,486753.47070554434,504469.4351466458,553264.9567566296,652493.9702192051,514461.9316371408
2024-06-04,488227.5732986665,505886.18855074834,554922.1973001013,654204.1678567652,516479.8975373974
2024-06-05,490764.845867998,508747.24772647634,558480.2663487714,659213.7905463229,519509.963313845
2024-06-06,490913.20586493524,509020.7324718345,558939.8793147061,660150.1023612104,519656.3491289524
2024-06-07,485634.9603232901,503325.4398060831,552288.1520633331,651512.888641563,513375.07307141455
2024-06-10,485716.3346109872,503686.97405681625,552778.5818823618,652870.6347078091,513267.76872231934
2024-06-11,487424.2861367462,505359.19996346993,554918.233879889,655281.3532967054,515424.37153312843
2024-06-12,489937.43481404294,507839.6027117708,558701.6449321221,659924.9911156544,518122.8114375858
2024-06-13,491774.7155926926,509621.025724441,560746.1079251122,662053.3740094209,520668.4113168095
2024-06-14,493111.37887708616,511244.3454308831,562653.3608995993,664996.4134905151,522668.81728459126
2024-06-17,492130.94259511784,510571.36357073655,561384.7816091693,664158.0960726618,521415.5573488024
2024-06-18,494024.9809671168,512437.3896070497,563499.4582955001,666426.6438827597,523682.64347594214
2024-06-20,493525.11987577943,512211.66564571264,562621.7253063573,665865.4236157341,523042.9751682441
2024-06-21,492623.70991788054,511009.3003419908,561508.5914972146,663937.9228167431,521969.35055180476
2024-06-24,492836.7212986096,511156.2537707526,561718.623586169,664012.8012927667,522365.65804116655
2024-06-25,492923.03264007013,511314.71261082374,561551.2728066442,663834.3081969625,522618.5114953344
2024-06-26,490838.5646534615,509307.4769677867,558858.2578183251,660828.0640018842,519887.0732325765
2024-06-27,492566.9146850167,511298.77952159743,561246.22051991,664274.7329946215,521923.7847584765
2024-06-28,490958.96750978776,510026.6425131861,559367.1819120414,662874.2056011525,519568.94345242536
2024-07-01,488782.5850640154,508082.2074296071,556771.576130318,660417.2005016407,516645.6685060695
2024-07-02,490648.62763760024,510021.93085453316,559981.305146755,664224.4355371232,518618.0849594181
2024-07-03,493085.8152338072,512555.35101237014,563333.3550557917,668200.4851628132,521194.20459500636
2024-07-05,496326.2649708525,515923.75018568995,568210.2720681101,673985.2630114587,524619.3763826569
2024-07-08,495927.56085945194,515509.3032081955,567507.4322604715,673151.5862972345,524197.94411713595
2024-07-09,495731.0246589445,515305.00675892545,567912.0953085322,673631.5792580897,523990.20435757906
2024-07-10,498078.0329539383,517744.68687809305,572241.2241345133,678766.5955959139,526471.0040149514
2024-07-11,500204.8548736615,519955.486544045,575423.9146661594,682541.7588066178,528719.0655582342
2024-07-12,501782.70754552976,521595.6408642251,578151.0760907196,685776.5940434339,530386.8638255451
2024-07-15,502666.31875064876,522514.1415336947,580576.3773013318,688653.376380309,531320.845345587
2024-07-16,505828.35225432186,525801.0282019302,586114.5122272088,695222.4609394891,534663.1307773191
2024-07-17,503239.58818631107,523110.0465622773,579868.2441431283,687813.4209336365,531926.7940431723
2024-07-18,501039.6082610636,520823.20024066756,576077.7921768605,683317.3586640843,529601.4041174437
2024-07-19,498215.9412880172,517888.0405345917,570960.089349279,677246.9715982052,526616.7738226943
2024-07-22,500273.9859226072,520027.3472383978,576396.7549339726,683695.697825326,528792.1374271766
2024-07-23,499948.45532600064,519688.96303821594,575968.7747033153,683188.0470796374,528448.0499374783
2024-07-24,494168.3502704011,513680.6300378914,564326.2533506473,669378.2161038013,522338.44961263356
2024-07-25,492400.91542717116,511843.4078780252,558884.6549211311,662923.638759799,520470.26202980086
2024-07-26,496314.4509162253,515911.46965210076,566018.0156626836,671384.9078566283,524606.888867068
2024-07-29,497103.0297054782,516731.185542599,567239.9805215537,672834.3471703504,525440.4206421206
2024-07-30,497230.2598185179,516863.4393475832,567105.5922040178,672674.9418410338,525574.9035161308
2024-07-31,502416.973149282,522254.95049983513,575852.6196659437,683050.2692405848,531057.285781798
2024-08-01,500739.29134897207,520589.59451007587,571346.9597914222,677819.6006826711,529321.7528997184
2024-08-02,503252.8820187696,522563.64286935923,574273.1379099686,679913.6784926602,532897.3980089288
2024-08-05,500462.76341929106,519259.47897688136,568769.8509693532,671301.7208295801,530197.9584362168
2024-08-06,498987.4968516716,518209.2019975502,567868.3452225222,671688.1230178264,527957.6533436149
2024-08-07,496872.8951884551,516056.59842760157,565136.2055235981,668383.3352008084,525599.5982074627
2024-08-08,498648.56029008824,518316.4408008702,568378.8621880373,673761.3085998921,527301.9733689281
2024-08-09,500551.3737406465,520118.17661958776,570881.7374521199,676514.1146918212,529499.4856352824
2024-08-12,501858.91696507606,521546.1414766091,572354.3203383713,678401.9690075204,531004.2558498369
2024-08-13,504670.6827875928,524279.3166114396,576519.8207600076,683420.5971425828,533884.416577753
2024-08-14,505009.431920156,524122.32061425905,577245.9692676405,683335.2032661192,534104.3062267081
2024-08-15,504634.4033117023,524046.7503297033,577198.8393735948,684168.5281636734,533568.9381830931
2024-08-16,506009.0248445435,525440.0080669813,579629.8338364165,687419.4840190454,535036.2211043175
2024-08-19,507350.3624005244,526875.3176226998,581725.3372618845,690288.5110583267,536607.0386511312
2024-08-20,508717.2905133359,528307.4245368995,582937.1776149271,691569.9358269685,538370.6027870345
2024-08-21,509940.27646964596,529600.2846221366,584394.6783977206,693378.5718237156,539580.8935311218
2024-08-22,507613.90999181784,527121.9919160922,581321.9980649669,689384.0890652614,536749.394371124
2024-08-23,511649.52384477685,531614.1004808845,586675.8570446987,696779.5537661077,541208.8087912612
2024-08-26,511165.37079877284,531152.5110634505,585827.933875637,695712.3557458902,540640.8762286032
2024-08-27,511333.90197559353,531483.2387802606,586113.9851679145,696445.0204816022,540839.6794712452
2024-08-28,510145.23208034167,530210.5962927544,584121.8354013537,693668.4382774942,539613.1263821034
2024-08-29,509540.14271946606,529652.2827332515,583481.091514063,693090.7407374177,538915.3619195902
2024-08-30,509002.94369822426,529330.1392465674,583469.3959524466,693913.1659293507,538000.8880486999
2024-09-03,509077.9597009862,529019.0011672914,583037.3538361021,692270.7982501126,538671.378062708
2024-09-04,510932.37987381424,530562.6133400056,585459.3538201564,694430.8178150753,540821.325765047
2024-09-05,512109.7712381314,531393.4186560393,587315.0562396989,696020.7042633728,541906.2842726198
2024-09-06,511199.2186508737,530248.4202807064,585532.4879203748,693000.7381601986,540858.4502552908
2024-09-09,513049.3535851956,532376.2970562715,588058.363321667,696718.662466613,543046.7356737964
2024-09-10,515307.58953685634,534967.485330037,591323.7608095158,701569.1040643994,545814.5703527089
2024-09-11,515831.0575932605,535597.509499766,592041.0711703912,702692.0881227828,546341.5017315251
2024-09-12,516899.0717888335,537126.935999712,593848.2522836471,706167.178288562,547458.9660345264
2024-09-13,519118.7150231897,539614.4913308907,596686.2650831552,710138.370923542,549880.3555673757
2024-09-16,520541.01969242934,540837.3240644481,598103.6078820252,711095.5895155147,551534.6040150718
2024-09-17,519725.64348157315,539737.3639030597,596791.9432289,708719.7015257124,550246.5536816291
2024-09-18,517590.79028286895,537524.1614276852,594214.3597294836,705592.2898148759,547498.9678958352
2024-09-19,519576.34432489134,540034.6772945472,596755.3185884319,709814.6422521485,549585.5654181656
2024-09-20,519769.86577172513,540158.0130684964,597513.4567152966,710855.0459487062,549471.1072160079
2024-09-23,520180.1055045997,540920.054200595,598202.1764989073,712591.5124075225,550037.249332971
2024-09-24,521786.50873888365,542806.1422359941,600250.4065092801,715657.9473402381,551736.7039089379
2024-09-25,519650.16874808725,540861.3128396939,597697.7257660789,713209.3913794224,549479.0132796026
2024-09-26,519382.72022077226,540504.3018974186,597624.2134118981,713077.5194004711,549294.3921325988
2024-09-27,520226.55304815056,541021.376578959,598339.204625042,712928.253655598,550070.8188390322
2024-09-30,519596.0273685498,540558.2754505549,597433.9469161264,712193.8637786683,549368.3366175172
2024-10-01,520908.35998668725,541575.9943662336,598728.0363913876,712801.741564638,550716.4848459474
2024-10-02,520042.2470196132,540760.2903089202,597531.3916090544,711448.3038584248,549452.5761455568
2024-10-03,517481.76245670416,538336.543245655,594411.1539726018,708151.6705516926,546680.6029879028
2024-10-04,514685.7094429172,535433.536919163,591569.1827158623,704986.2398726861,543302.1513820888
2024-10-07,512565.4421172856,533379.5652998359,588341.2831591952,701024.5503460817,540988.9188224997
2024-10-08,513368.42966992664,534151.6885564167,589241.936651423,701948.1292644334,541786.831597205
2024-10-09,512479.9347382576,533265.1298560442,588247.3030616682,700859.6535684464,540639.0548888209
2024-10-10,512481.6643778038,533432.296447465,587726.2129619838,700303.5120244445,540547.8199283142
2024-10-11,513655.4418785733,535030.8287695308,589644.0087869246,703726.8636162373,541734.2103733761
2024-10-14,513809.078767938,535222.8129576178,590160.4350944503,704604.1593202023,541952.564457252
2024-10-15,515520.27070979367,536769.3827019624,592708.9127671308,707462.5204975404,544091.0542545598
2024-10-16,516908.9027865046,538146.2817458276,594963.8029723733,710374.7704452046,545589.0254193199
2024-10-17,514853.1905773372,536537.304948822,592344.0897865563,708261.745116982,543158.5122058368
2024-10-18,516187.86996804865,538505.5969310034,594126.8914573832,711791.4458754455,544970.199912205
2024-10-21,511988.69104621466,534443.225656891,589054.2429367664,706273.5903786708,540242.4397578136
2024-10-22,512685.08342829096,535391.8979979125,589849.8908561443,707708.2454441343,541152.1931884929
2024-10-23,511038.5221094737,533697.5471395275,587765.5076814201,705154.6480923753,539467.7831608459
2024-10-24,512493.9209054876,535191.0420940128,589916.1274807348,707947.058990515,541199.3681149231
2024-10-25,511325.2915693333,533984.836141067,588673.0083031625,706543.9897853866,539772.4754779
2024-10-28,510840.98528192827,533460.17890869,588373.8591021427,706290.0670627072,539135.6711994506
2024-10-29,511647.85696988506,534362.1417106014,589328.9383094528,707580.913217503,540036.9454902499
2024-10-30,511897.27154313173,534892.6515912256,589237.4291028177,707846.7473394838,540692.5599752661
2024-10-31,509075.51858898124,531409.2834376091,584841.0660851806,700745.6967568821,537672.8982554113
2024-11-01,506463.9061872487,528736.0472077213,581615.5695286335,696868.8988566664,534351.1743151983
2024-11-04,508431.24102233804,530063.7360622329,584633.7917925393,699241.8603972578,535692.9631005103
2024-11-05,510901.34033462167,532655.3479635855,588828.9773563955,705607.991660121,538312.0976765816
2024-11-06,507261.1761088278,529545.9976280379,582706.9561481854,698288.9829578692,535169.726332824
2024-11-07,512221.892391307,534301.0306369808,590490.6039737266,708474.2949577224,539975.2573452346
2024-11-08,513777.49548236834,535833.2310896774,592376.4939640352,710578.8608379036,541523.7296226753
2024-11-11,510999.65753200225,532205.9249836897,588443.7509930076,703158.5346941531,537857.9018668957
2024-11-12,507209.71298323583,528593.3884750472,583334.0169934925,697248.5168912899,534207.0005601965
2024-11-13,505939.94057400146,527531.8595287866,581651.778343154,695736.9328763951,533134.1982763357
2024-11-14,504796.4556451592,525931.7257347392,579626.1867468301,691519.7554587198,531517.0712118464
2024-11-15,503600.69248739333,524105.3642562531,577348.5088818916,686358.7762619696,529671.3139461807
2024-11-18,506324.6969455214,527668.1191946584,581488.65533588,694220.6300149072,533271.9050070473
2024-11-19,508149.41231100616,529874.9252646698,584278.4233908706,699046.6086921813,535502.1471500297
2024-11-20,507978.6066202971,530121.6110714437,584125.844873098,700062.7305747351,535751.452736877
2024-11-21,508735.5463391021,531467.3414245491,585956.2754825247,704696.8604325103,537111.4746198016
2024-11-22,510381.6792184389,533666.1922275779,588713.2365811486,710156.7415925111,539333.6770116137
2024-11-25,512217.5036557185,533742.8514364819,590179.283920396,706232.0129223521,539411.1503341086
2024-11-26,512064.3862147295,534051.9985472757,590701.3710216804,708809.1067502573,539723.5805581518
2024-11-27,513310.28254267597,535097.196352658,591890.785427249,709300.8585702996,540779.8782659536
2024-11-29,515497.8940298563,536975.5189223693,594902.7930826597,712282.2994422896,542678.1484447479
2024-12-02,514612.0479888489,535384.8134279927,593480.0474000595,708412.0770269905,541031.316337704
2024-12-03,514033.62275627657,535062.5291288983,592317.601529167,707441.0921909487,540276.0028299298
2024-12-04,515969.9442143031,536955.9913353795,594833.1500666159,710294.18474964,542573.1230999479
2024-12-05,515183.5647175419,535991.9602027155,593823.1916284924,708710.0745894606,541803.8053103402
2024-12-06,516250.1885177731,537079.2844217349,595441.2451389001,710763.2717559385,542873.8098338005
2024-12-09,515476.83580743964,536394.6733791823,594655.8322286879,710146.7416078108,541755.2496445304
2024-12-10,514781.3995122072,535693.1444075492,593546.3730957608,708735.3753303268,540864.6439588242
2024-12-11,515021.86760903854,536313.2649030697,594430.1882610417,710904.2705344855,540922.9358532575
2024-12-12,512536.637151082,533819.7756078347,591061.6657028724,706868.3082220772,538006.7670376239
2024-12-13,510729.88777945394,532175.5384636509,588744.865096414,704535.4815941445,535970.0987029765
2024-12-16,511268.6330397902,532710.0436029441,590038.1421831754,706322.0557964831,536613.956095686
2024-12-17,510607.12677509466,531860.9326741274,589045.8984229435,704666.7880959808,535972.4161294706
2024-12-18,503226.37072495493,523936.0169806994,578010.6164786762,689799.1164760451,528113.2935062931
2024-12-19,500703.8313492794,521355.15418711124,574813.3802736202,685953.1905682221,524978.1297325823
2024-12-20,503352.2275550082,524264.97155655944,578857.0490616423,691570.5662588525,527914.0175945812
2024-12-23,502789.2836314815,523880.66730905534,578269.3013257757,691354.1907975916,527086.2931831764
2024-12-24,504491.87471448205,525687.8898641646,580571.839222668,694336.1715378001,528945.2006824249
2024-12-26,505020.1538923977,526251.1812960887,581499.9477732907,695618.2150850191,529426.1343071018
2024-12-27,502596.6480961106,523657.7432205714,578015.2016807875,690984.6640460946,526645.7472459751
2024-12-30,503205.7588760884,523940.64165727625,578197.5172188604,690171.6488174883,527320.8445803574
2024-12-31,502828.3779385239,523748.6597655715,577906.5282750211,690343.976999612,526867.4735679857
2025-01-02,502793.98973637563,523807.8986109465,577693.5694882586,690228.1674466003,527012.2971929151
2025-01-03,504975.96912695357,526081.0722421394,580200.5912276268,693223.5565461288,529299.3769801237
2025-01-06,507590.28599095775,528804.6525768113,583204.3543428776,696812.4521475111,532039.6188370548
2025-01-07,504447.45399519324,525530.468205093,579593.3449215299,692498.0187745774,528745.4046189261
2025-01-08,505822.69808725157,526963.1896230956,581173.4546377884,694385.9335643922,530186.8907204936
2025-01-10,504227.2409690074,525301.0515357458,579340.3274795118,692195.7135827597,528514.5844914563
2025-01-13,500920.6681686446,521856.2829316695,575541.1853202829,687656.499250226,525048.7424907027
2025-01-14,501986.20293852116,522966.35095177166,576765.4493273896,689119.2496541202,526165.6013598908
2025-01-15,509668.94724694843,530970.1899671754,585592.6669823342,699666.0076369413,534218.4039179584
2025-01-16,509618.66231799446,530917.8034162124,585534.8912716218,699596.9772287211,534165.6968918935
2025-01-17,512608.6618761117,534032.7678297812,588970.3013058642,703701.6044871884,537299.7171226353
2025-01-21,518062.6723742198,539714.724727305,595236.7779483765,711188.7895931947,543016.43343229
2025-01-22,522719.4957112106,544566.1766064941,600587.3130600491,717581.6079315742,547897.5641031953
2025-01-23,522912.1580161326,544766.8910922335,600808.67563977,717846.0918999132,548099.5064612428
2025-01-24,523037.715284579,544897.6959353357,600952.936764733,718018.4550647051,548231.1115039121
2025-01-27,512666.686526357,534093.217578054,589036.9696988896,703781.2598705525,537360.5366726774
2025-01-28,518685.73607139866,540363.8289182503,595952.6574111173,712044.122239736,543669.5085227855
2025-01-29,517206.4352734724,538822.7018200892,594252.9900011133,710013.3599400708,542118.9535685325
2025-01-30,522204.65272533917,544029.8161327237,599995.7755947943,716874.839080087,547357.9224403743
2025-01-31,522334.736599162,544165.3367673797,600145.2376387637,717053.4163019232,547494.272123486
2025-02-03,521259.8230372461,543045.4979754507,599253.0443097678,715987.4238813629,546367.5827097043
2025-02-04,523672.9503203704,545559.4801571327,605735.0529756388,723732.1266080703,548896.9441954392
2025-02-05,526180.3514731661,548171.6763162579,609092.3651561885,727743.4425657324,551525.1204833298
2025-02-06,525643.5482983622,547612.4378434409,609390.8529977609,728100.0757823288,550962.4608651387
2025-02-07,524021.1777836085,545922.2615337616,606977.1743462972,725216.2129865552,549261.9448897454
2025-02-10,526733.4683498008,548747.9103102008,616087.6841887671,736101.4484213943,552104.8795928694
2025-02-11,526098.3017371632,548086.1973712535,614150.4302017862,733786.8177245408,551439.1186202654
2025-02-12,524114.3806428047,546019.3597386263,614680.7752449366,734420.4738816835,549359.6370935757
2025-02-13,528067.7732794016,550137.9815432457,621852.6680091451,742989.449998465,553503.4545966665
2025-02-14,527483.4734592123,549529.261337317,617336.7137047471,737593.7886506013,552891.0105405059
2025-02-18,528190.5129889367,550265.8510696125,624039.2114456022,745601.9316823534,553632.1063657793
2025-02-19,528992.0593279039,551100.8974544626,624316.2885337095,745932.9833347634,554472.2611528863
2025-02-20,529480.0298040101,551609.2623014795,623452.7710068612,744901.2527571798,554983.7359255061
2025-02-21,528688.1448861578,550784.2811298085,617943.887588399,738319.2398918289,554153.707925592
2025-02-24,529227.5809017423,551346.2624810705,617049.5066645192,737250.6337333155,554719.1272018066
2025-02-25,528513.3105658429,550602.139736318,609056.6905597349,727700.8185646441,553970.4522808186
2025-02-26,529128.7797401198,551243.331996804,610202.4413142271,729069.7613491799,554615.5670395634
2025-02-27,525234.1683279502,547185.9481351067,597851.7093504589,714313.1091373032,550533.3621029503
2025-02-28,528128.0368106123,550200.7637448845,599367.7446504273,716124.4678266658,553566.6208688747
2025-03-03,528669.8876286508,550837.380960564,598380.5279850111,715006.1614045708,554166.077789869
2025-03-04,527188.2486992682,549371.0972193411,596929.6686091109,713594.277359943,552009.2901080963
2025-03-05,525859.9157694211,548096.4076329524,596224.9382419985,713506.3068994205,550330.0825334415
2025-03-06,523822.76604058687,545853.679168572,592849.0841131774,708520.9696319784,548133.2089821756
2025-03-07,523503.77166876453,545673.2645940422,592808.3599616332,709026.5623769915,547751.0787292352
2025-03-10,524609.1241093016,546618.5389178491,593326.5611971501,708705.4218807287,549307.1209270554
2025-03-11,523010.5222691293,545506.6151521229,591419.6460720117,707655.6317468692,547832.4262418238
2025-03-12,522185.5154681152,544865.8920308191,590365.5217320404,706830.7203103204,546853.9803499072
2025-03-13,523362.56796642876,545950.8999850778,591941.1819846488,708536.7142271857,548416.7848364512
2025-03-14,523438.15313588793,546126.1386615816,592805.5385081315,710282.8032990099,548200.3627866204
2025-03-17,524952.0221389702,547841.2302363726,595331.8571165228,714134.4476906108,550051.2151564969
2025-03-18,525983.4922981164,548847.8018730516,596772.1145673776,715867.9272924676,551002.6856904314
2025-03-19,528270.7254346852,550986.5573139929,599129.1665925685,717965.4849166262,553240.0144024087
2025-03-20,528337.5988755836,551311.5076875362,598960.0849325317,718206.9578302718,553571.1069458153
2025-03-21,526865.1678288046,549549.1463365315,596787.1223416796,714757.3875315306,551609.5300604672
2025-03-24,525672.1719040722,548633.396130531,595522.8515019346,714065.3662988227,550086.789054703
2025-03-25,526005.194682776,548919.9849060838,595586.8383538659,713803.3858416895,550329.7041119133
2025-03-26,525150.8929637804,548416.9955490546,594510.0516233987,713351.9099104074,549428.7529890735
2025-03-27,525916.8764645021,549641.3717682011,595179.7361848077,715023.5000162807,550294.9544726436
2025-03-28,528889.6152820894,552688.2107978733,598720.0782511171,719246.9622777433,553926.7629377638
2025-03-31,531468.1786113466,555855.0559576689,601920.7171984252,724372.50432546,557393.1735888254
2025-04-01,532304.0952940116,556405.9604195232,603165.8578647703,725301.4951670223,558490.6820743271
2025-04-02,532356.7245692025,556003.7235669392,603747.7375898203,725312.459426454,558092.3208507084
2025-04-03,534525.0705299203,559132.6440648286,605509.965877242,728981.4899728568,561150.0297400762
2025-04-04,532608.03238135,556608.907732238,603257.5917495664,724913.524688898,559860.0299390511
2025-04-07,524522.1713673376,549053.4454714712,593092.6296564544,714058.1958127284,550925.3497673201
2025-04-08,521933.02363440255,547925.2973870919,589392.0604200241,712859.7420841033,548460.4602399449
2025-04-09,526618.7459726623,551262.6682001244,596823.1161245079,719768.016406221,551784.8887142023
2025-04-10,522738.92803818913,549182.7019459475,593856.5508965021,722343.1142796713,547814.7647471958
2025-04-11,523234.09823506075,549935.9775352812,594600.1399377438,723987.8604309398,548886.5672980165
2025-04-14,525709.6632932142,552241.1903306535,597386.7019751337,726613.9170422374,551419.7304563405
2025-04-15,527204.7502706386,553288.3636551641,600012.8102931543,729298.2519266119,552595.8931636568
2025-04-16,531008.8528163797,557897.7239391429,605753.8078836538,739044.5263602457,556980.8444052164
2025-04-17,530550.4337811185,557528.5029760031,604218.4865656936,736577.103022008,555957.7840120592
2025-04-21,529320.4801662655,557995.2039100432,603717.7955810522,741172.5211836166,554958.7003426112
2025-04-22,529532.3376310605,557789.1070247092,602910.2741572995,738179.4682805615,555228.6443853073
2025-04-23,529301.5563950815,556531.0401884891,601571.8303879652,733046.7565296493,554932.0245416651
2025-04-24,533435.5311735373,560370.720159429,607064.7446607833,739156.597040016,559050.8772813253
2025-04-25,534107.3611040679,560230.1309563222,608087.3367778148,738499.0495545368,559523.0137505226
2025-04-28,536567.8573660424,563290.1235891372,611257.1901920936,743869.658300086,562646.5555344666
2025-04-29,537066.6657382612,563523.6540948212,611568.6547127989,743297.0031408973,563524.7137953878
2025-04-30,536325.731853103,563444.7435257549,609898.2671254177,742307.3225893852,562801.2809439487
2025-05-01,533168.5950351609,559662.3905932908,605519.1357882514,735113.2661504344,559088.4285657218
2025-05-02,530828.8757534224,556901.0522899363,603146.7086593562,731659.0550718436,556329.9221541615
2025-05-05,531737.3183975656,558336.3498419658,605129.2414656383,735859.9388686792,557763.7477361123
2025-05-06,534457.66911372,561681.6282868036,608956.3269248524,742191.9774019958,561105.5954290696
2025-05-07,534547.8726025019,561481.5822985761,608763.5247575785,741035.0837538767,560905.7545980993
2025-05-08,530902.7009717671,557374.6699078571,603465.1562005725,733163.8687893038,556803.0540533117
2025-05-09,531544.0201537326,558293.2680988031,604295.6075055241,734844.7019104402,557720.7101754516
2025-05-12,527449.918143556,552826.6911826321,599672.7081540102,726353.1647271962,552259.7395098048
2025-05-13,528109.051693459,553579.8197613651,600021.7822595027,726676.2511427,553012.0957171699
2025-05-14,525606.835758561,551006.7788694224,595884.5634420492,720968.572468549,550441.6936085228
2025-05-15,528895.3383780989,554315.7019473099,600784.9114065412,727298.683606111,553747.2232187933
2025-05-16,528870.6621368084,553994.3217442754,600132.3769914804,725383.2057233083,553426.172607377
2025-05-19,529484.1197854484,554801.2158751609,601199.7644418532,727313.1621945245,554232.2392276075
2025-05-20,529680.4851777368,555438.6255658959,602063.5056644158,729828.9786660714,554868.9952225348
2025-05-21,526567.0842723941,552985.9972936449,598367.1755485912,727257.1413172164,552418.8822443605
2025-05-22,527888.9882112939,553974.4529768383,599713.8125446559,727805.2622350228,553406.3242163637
2025-05-23,529781.0454103787,556396.007402134,602788.0373419272,733201.685692109,555825.395215381
2025-05-27,531186.4319037944,556885.029004543,604316.3219210029,732567.3734033633,556313.915301456
2025-05-28,529875.1886811707,555503.5374304389,602764.2811452196,730630.8451098417,554933.8405166847
2025-05-29,531954.7215091732,557596.8169031899,605503.6799335602,733973.5186223165,557024.9732256889
2025-05-30,533087.5830461733,558667.1992174835,606380.91088911,734485.2152070318,558094.2578088973
2025-06-02,532900.8347525537,558857.4441513118,607229.2339698005,737142.6534052411,558284.3076369445
2025-06-03,532480.0459734668,558234.7490792227,606792.459411745,736208.8663335057,557662.251170079
2025-06-04,535568.3813321058,561258.8154543437,610942.3537403678,741093.5259375387,560683.2162125085
2025-06-05,533756.2989140268,559312.6895406863,608728.2939921046,738214.3790654397,558739.0861491959
2025-06-06,530496.0732633225,555886.8946265072,604757.9352430087,733235.994054445,555316.8045606004
2025-06-09,531618.357958312,556936.9093167539,606274.1175279078,734909.8859301822,556365.7424077882
2025-06-10,532456.1092187158,557692.4840337378,607592.9582460467,736424.0734628926,557120.5422447663
2025-06-11,533930.0632031957,559179.4638689046,609636.4623666066,738969.0237285797,558605.9971070647
2025-06-12,536384.4149254692,561610.1755065722,613009.1211541268,743046.3585909678,561034.2159272704
2025-06-13,535008.6427034314,560667.1864275861,611075.9940865028,741677.2373143357,560092.1939311771
2025-06-16,533888.6599451695,559445.5794130822,609562.5604835182,739595.9342410521,558871.8397363209
2025-06-17,535802.1247178486,561471.6719795644,611198.8170523241,741323.838072419,560895.8544426197
2025-06-18,535898.0874757668,561490.7446864591,611125.7812525489,740940.8869562843,560914.907589491
2025-06-20,536286.1745031576,561881.584457647,611233.7119681649,740847.3098824332,561305.3465347681
2025-06-23,537728.0976447833,563420.180484698,613490.7798300127,743991.8341505445,562842.3646539408
2025-06-24,538862.128494056,564230.6542069626,615058.2726170355,745154.7944441945,563652.0071944987
2025-06-25,539106.3563395444,564726.4000374912,615305.7284532611,746003.3956496358,564147.2446126579
2025-06-26,540893.151220837,566545.2307822789,617475.5803919588,748582.371408371,565964.210054721
2025-06-27,539364.9116204687,564772.2832552918,615215.3492042844,745147.1990815176,564193.080774903
2025-06-30,541820.4095342105,567204.6437601012,618678.9197927648,749385.5265356293,566622.9467712541
2025-07-01,541590.6714168115,566729.8132434798,618475.0424227469,748608.0418758908,566093.9722501282
2025-07-02,541864.9297604394,567123.2962292919,619061.0797352265,749701.8512210193,565986.0074853844
2025-07-03,541153.9924088849,566544.0694014379,618368.7112792673,749292.4839724723,564985.4988082966
2025-07-07,539083.9356983905,564706.564818738,615281.9840926648,745881.8076897053,562706.0791084251
2025-07-08,538034.8911870073,563748.2854378825,613768.2606896634,744182.0848053215,561780.8511397899
2025-07-09,540483.0584913824,566131.325185562,616784.1751359223,747561.0623282864,564595.3854262296
2025-07-10,540728.2683903328,566429.7911042981,617269.6728487338,748354.3338502122,564904.5920193121
2025-07-11,539397.375956632,565592.745066246,615519.0821086065,747331.2222549678,563196.0878822778
2025-07-14,539804.6414521656,566179.0181813895,616016.1739262576,748303.2383991483,563558.1759032952
2025-07-15,537592.7051048798,563783.647611309,613083.49377283,744349.3821974532,560977.31804855
2025-07-16,539388.6104647274,565937.7680831993,615117.374051436,747406.5569835503,562950.9871537125
2025-07-17,540027.5313321518,566418.9388082235,615922.4682927645,748010.5977591131,563352.9180324465
2025-07-18,540919.0215496983,567323.1517217783,617096.1183831355,749454.6069251053,564247.3542823925
2025-07-21,543201.537988445,569769.863988256,620171.6324264111,753566.1377532117,567006.9670175895
2025-07-22,544963.8278801417,571750.7744223612,622847.3573513681,757475.651867922,569161.2494882118
2025-07-23,543568.5685290546,570131.0404856863,621636.8841263049,755871.5984414626,567354.806759217
2025-07-24,543050.6871563751,569668.3308980436,620565.3224973559,754481.7046867725,566827.9686817738
2025-07-25,543675.880051402,570002.6733231646,621348.0124863327,754761.3933541,567566.3886467853
2025-07-28,542036.4223898258,568128.9122022312,618978.5788733726,751267.7773135563,565473.1344905761
2025-07-29,545389.9828116855,571576.9178712062,623037.4348860598,756172.8809132735,569673.1142905308
2025-07-30,542588.5206833971,568424.0782656977,619483.7815466062,751186.8975448945,566556.7111711778
2025-07-31,541684.9753329076,567176.8542155985,618444.6241809715,749260.4903215979,565510.6424249555
2025-08-01,544930.1954157953,570130.1685046253,621871.7455535048,752284.0664181777,569093.8291840799
2025-08-04,547615.2868986484,573424.5453859635,625477.8541321595,757963.1987918876,572180.3135484057
2025-08-05,547328.0853925649,572932.4346312599,625252.3697683695,757334.6119610127,571950.8466151669
2025-08-06,547343.6686710044,572994.7378892401,625497.409215386,757848.1696323527,571621.0962081744
2025-08-07,548054.7496110859,574090.2480789543,626366.9675569689,759681.962966738,572472.9193852246
2025-08-08,547456.3509580129,573784.1088309957,625559.4794858721,759323.9439415942,571914.146203737
2025-08-11,546510.4280487037,572291.1073918808,624012.9896761554,756130.6112361258,570675.692767777
2025-08-12,547289.3768111453,573184.9800024532,625748.3772743612,758841.6877694149,571128.484889451
2025-08-13,549559.9546884401,575389.0267971237,628435.0587573743,761774.8685948055,573619.7181416928
2025-08-14,547609.0664680637,573330.5776610518,626051.0612836966,758771.17820157,571311.2188883093
2025-08-15,546972.8498698678,572681.6397013209,625524.0923546031,758273.7620436944,570265.7029389407
2025-08-18,545962.6008576244,571620.1634499793,624164.905551775,756511.7251582779,569139.6265739283
2025-08-19,546388.8092398344,571948.9761360823,624593.0156475469,756748.5727029148,569813.6727182497
2025-08-20,547039.2180861938,572741.7139940817,625363.3185488575,757935.1403839358,570656.9944007319
2025-08-21,545717.9864669287,571573.7357490101,623153.3716535761,755352.2459841424,569299.6772875689
2025-08-22,550720.2000336606,577011.0117417009,629498.5409705265,763796.9707958096,574575.6150068893
2025-08-25,549306.5599243698,575539.8109362759,627700.0092031499,761540.5456647201,573089.0622716532
2025-08-26,550517.178529754,577034.5506866899,629044.2987436524,763635.0163450442,574365.5813650702
2025-08-27,551641.0671780366,578470.4578040739,630271.233164867,765646.1199590124,575551.2184700379
2025-08-28,552770.8830587252,579732.7553724342,631947.2712023092,768049.4564764355,577101.891718799
2025-08-29,552100.3301905112,579402.6913291434,631143.975362268,767853.0580215391,576333.704403133
2025-09-02,550810.8044874073,578209.2408109342,629541.7349825595,766173.4920566652,574734.6624634727
2025-09-03,553142.7332648217,580376.2225740952,632709.7407776208,769711.7646044536,576888.6223871642
2025-09-04,555405.6295934424,582302.1535131591,635953.1670807688,773070.1203810454,578802.9800107788
2025-09-05,558740.0431141199,585713.6383171532,640180.1212047135,778252.5556064465,582193.9645003608
2025-09-08,560441.1996790761,587420.5352686495,642383.5499858381,780908.2135049289,583890.6043567254
2025-09-09,559546.1469594681,586514.7180368472,641454.5832135959,779899.6340790796,582990.2303671236
2025-09-10,560611.7040931472,587456.8755152439,642774.6284307524,781189.5614859111,583926.7262272976
2025-09-11,562724.6288673984,589524.4027060507,645758.5456734409,784811.3243522424,585981.829221632
2025-09-12,562048.5983479228,588912.5493936863,645019.4448138986,784136.3875947369,585373.6526617664
2025-09-15,563703.4644603713,590616.6304073991,647430.3212578113,787281.6754600044,587067.4935018972
2025-09-16,563624.4087570629,590658.3912931035,647068.2245542047,786957.5167187332,587109.0034378432
2025-09-17,562485.4705533492,589425.0906217485,645395.1214443924,784640.4332056437,585883.1139240867
2025-09-18,561771.2463703504,588806.4562838922,644968.3735393706,784608.5974979043,585268.1970873072
2025-09-19,562117.9585830581,589405.4258255458,645668.1616601902,786121.3762394602,585863.5672976923
2025-09-22,562403.8591114186,590160.5976927116,646762.9907451048,788833.723244776,586614.2011816626
2025-09-23,563516.86755149,591329.4775663546,647854.5059566977,790064.4637078675,587776.0570155409
2025-09-24,561303.1801226751,589023.1441379898,644749.659902503,786008.6801650116,585483.5828194863
2025-09-25,560365.410596801,588060.0923330904,643658.6128143304,784715.5496434256,584526.3181911183
2025-09-26,561447.0425132916,589291.0863569657,645357.2044363859,787237.4179577513,585749.9149185146
2025-09-29,563491.2370939117,591488.7081242556,648329.095741317,791311.5146794592,587934.3307242432
2025-09-30,564020.1269799519,592364.1326985487,649254.8203208813,793293.4633788068,588804.4946920708
2025-10-01,565634.1097537767,593879.6198072965,651403.2344476542,795685.8515162875,590256.9183470662
2025-10-02,565708.829490289,593745.0101692926,651652.3597993117,795611.3331474933,590329.4457709063
2025-10-03,565417.1701066531,593544.9516899573,651474.5453164211,795695.7944522712,590027.8725394951
2025-10-06,565208.4666510752,593736.5067114442,651610.3199453392,796918.2694688911,589675.1032069662
2025-10-07,566021.0392401608,594525.261840591,652166.0615305095,797278.8676300996,590748.9421755953
2025-10-08,567177.9205324003,596215.414654639,653870.7414536044,800555.6656562055,592292.9599515409
2025-10-09,565500.6007214624,594310.7776018719,651433.6111901316,797030.3031013707,590559.8457199937
2025-10-10,565251.2731047194,593583.7164245639,650038.7118832024,793803.9694690934,590979.8518460294
2025-10-13,568683.3158233842,597569.8464754018,654981.8080544884,801126.3839234649,594470.1859358802
2025-10-14,569656.1758390457,598360.5629668304,656887.1956506596,803332.2849273467,595381.1892841869
2025-10-15,571299.2965235965,600504.2603229205,659673.3812079694,808056.6257372793,597130.6926018184
2025-10-16,573379.607749199,602805.2745831048,662448.1459564554,811877.6831688782,599662.7619267204
2025-10-17,572385.7412797939,601793.0456257927,661366.2496468556,810653.3762542146,598665.5830507383
2025-10-20,575906.8892991683,605949.7827011019,666931.032716328,819161.159250712,602596.0735561305
2025-10-21,573435.266951728,602693.679429387,662220.4656089325,811082.8317321446,600048.4944685926
2025-10-22,573515.5122219583,602655.8445584053,661895.0381665796,810223.7805432999,600058.5993791607
2025-10-23,573197.5776668509,602422.1526126445,661928.7545075794,810670.1403341354,599394.501995058
2025-10-24,574074.6312495024,603320.8420659475,663402.9773440638,812644.4558243945,600218.290402954
2025-10-27,574050.5956298624,603043.287545243,663439.7313157885,812177.4004629796,600199.4580924131
2025-10-28,573522.0872927373,602340.7699770876,662336.4391885621,810276.9162012852,599752.9170124406
2025-10-29,569957.2044267113,598516.8465812074,657948.895934537,804609.7571228383,595694.4103692033
2025-10-30,569065.2347559716,598127.6621170001,657085.9050716056,804808.4161894922,594964.187468833
2025-10-31,569088.8542835056,598741.8742707134,656667.1135619857,805350.6189170722,595309.5600166513
2025-11-03,568837.2260862563,598809.3243213083,656461.5098297186,805858.8554958799,595200.434704991
2025-11-04,568205.0378954066,597695.9217962156,655215.8918502493,802920.0337708552,594415.4174909646
2025-11-05,566958.9827476419,596528.0150327962,654273.9818864817,802432.1434446181,592551.200309249
2025-11-06,567959.9970323801,596950.2771471351,655117.2352416753,801755.1994417781,593619.685445279
2025-11-07,568468.1253743405,598004.938229852,655938.8137008998,804155.8369848703,594363.6878233757
2025-11-10,569785.634659055,599712.6948486038,658164.6338583272,808117.1479866827,595819.0943929242
2025-11-11,571997.4770073601,602024.304226563,660661.5480367821,811105.4468066286,598172.7154831772
2025-11-12,571480.447510019,601495.6755659156,660480.3503377195,811194.6474326579,597857.5715170456
2025-11-13,568492.6144258286,598300.2800600702,656037.1186750751,804962.7441651016,594452.3658009849
2025-11-14,567404.1589761943,597299.6254224284,654535.9638951678,803304.9064761248,593141.1596187665
2025-11-17,566762.7896141043,596304.9596471149,653364.2787674153,800819.8297382244,592478.1249123171
2025-11-18,567064.7770065154,596637.0477033969,653650.1355484559,801163.3788323419,592738.0886939031
2025-11-19,566659.1540435242,596064.6016380733,653362.7344003416,800582.846042631,592086.180397811
2025-11-20,566183.9767620785,595167.7958771372,652390.5930131591,798166.4659403733,591621.3928242909
2025-11-21,568509.0309090769,597716.1526546823,655647.2795172568,802778.7843776908,594056.3289647957
2025-11-24,570767.7544538553,600092.0420569504,659414.5678100529,808159.1676808415,596553.016891234
2025-11-25,572477.2705896891,601927.8437593105,661786.0073592686,811418.5505289563,598338.2429670137
2025-11-26,574163.8239359703,603617.8097234537,663998.4855080848,814105.1889841455,600146.6977672369
2025-11-28,573977.4082649114,603672.6116924298,664423.6105037754,815648.6310263594,599817.5604069356
2025-12-01,571193.9225940519,600840.3034458731,660904.1988562759,811355.5085177239,596386.5473192061
2025-12-02,571393.4575947857,600997.0978957069,661160.4519745053,811560.6885926189,596557.7516923081
2025-12-03,572601.6360309634,602241.6201833987,662510.3513982545,813122.3978582775,597854.2327591357
2025-12-04,571517.028116797,601082.9176642025,661078.8919647577,811202.8406457359,596418.5986140149
2025-12-05,570803.0471303528,600283.4311671477,660376.2364454783,810308.4807128116,595354.3625520916
2025-12-08,569381.0046990227,598709.6381541747,658568.302959403,807792.9071099751,593738.7598253086
2025-12-09,568742.246449236,598064.9005758145,657877.6666894347,807042.6296195185,593271.1984761716
2025-12-10,570840.1504232626,600097.3076369747,660440.2325408383,809864.5168000335,595325.4348000201
2025-12-11,570911.0122636931,600466.0612388633,660710.1627039665,811024.4381788082,595529.4602115141
2025-12-12,568881.0114572975,598799.0492168681,657703.7408060629,808004.5043408022,593313.2947814476
2025-12-15,569031.2797764746,598785.44715049,658198.6981695447,808421.4761210586,593357.817959479
2025-12-16,569533.3049479099,599054.1127896807,659006.929664251,808949.6885472469,594036.2018314906
2025-12-17,569347.3234842687,599000.8837203251,658331.4173287691,808147.5298061273,593916.2180377775
2025-12-18,570780.4566995044,600267.3890275416,660187.6620903322,809986.472020605,595390.3194221616
2025-12-19,569982.1976962342,599648.5175017447,659453.4036015756,809739.7473334785,594554.9512529725
2025-12-22,570425.6874764188,600295.3203468439,660693.1635291785,812185.4968814981,594930.2088246581
2025-12-23,571001.1764724774,600902.799119584,661540.1063887234,813353.7376844133,595580.6449213347
2025-12-24,572599.0528184397,602376.7785705932,663621.2047169632,815572.4951714992,597337.2282611027
2025-12-26,573022.8339634408,602979.2873240748,664384.3975417274,817070.0982997669,597581.3739452393
2025-12-29,572542.5210352779,602059.5428686739,663254.9080352542,814299.8438230876,597104.9702197007
2025-12-30,572227.3341490148,601845.5578212667,662769.0715863233,813901.9672675991,596725.8800123443
2025-12-31,570013.3257027499,599588.2066224768,659592.7835265327,809755.8541868984,594141.184744613
2026-01-02,569790.3846065594,599332.857464261,659357.4158394724,809429.0388731933,593800.9504342934
2026-01-05,572371.6480280638,602366.7829587378,663014.610254452,815219.2428665326,596796.0992320353
2026-01-06,572780.8072749105,602930.8627083063,664028.2572097365,817198.4833254449,597087.8454876808
2026-01-07,573215.8243672192,603395.3717696259,664238.2026391049,817260.778556278,598000.5790886942
2026-01-08,571916.6789237972,602128.4275651372,662631.107138743,815468.3838474229,596484.6637235966
2026-01-09,573472.3226668604,603596.6875448126,664941.3232770953,818243.3274559263,598313.7496397701
2026-01-12,573765.9088655979,604221.3259451541,665474.0193677535,819849.6494158236,598575.9337202803
2026-01-13,574349.262172889,604619.3063041997,666191.6298545883,820206.5950851756,599064.3477051549
2026-01-14,575209.4230615909,605331.6493164314,667343.4167593447,821239.1543591507,600184.6512977354
2026-01-15,574308.00210358,604325.5663723673,666287.3280179014,819784.2080250229,599315.9045670539
2026-01-16,572708.8941751976,602661.8661413359,664101.207430642,816903.909925326,597395.2804868133
2026-01-20,571123.606579589,601608.5539213502,662349.7251159501,816393.3089007824,595337.7026824403
2026-01-21,574133.1920872795,604641.5546979213,666344.9012935086,821330.3134733641,598568.2508135148
2026-01-22,575046.1512644748,605545.0569207014,668378.9791394753,824394.4358616726,599718.3734151324
2026-01-23,576391.1972939133,607281.8938542767,670070.3900513808,827401.1439023553,601426.7338819734
2026-01-26,577671.4219462845,608895.9751988304,671884.3266138036,830562.9916973431,603215.6968291084
2026-01-27,578509.641652027,610257.5598704161,673375.5501600457,834018.7230366586,603801.6983718348
2026-01-28,579695.4254690716,612169.2876301054,675363.1193187863,838636.1429502694,605204.9006362549
2026-01-29,579927.2939155407,612438.6137440586,675509.5243471547,838791.1844778534,605452.0143294716
2026-01-30,575711.1848284693,606794.6414415005,667962.6175935657,824399.7210808396,600200.3122443556
2026-02-02,573579.3848635796,604028.9118639565,665087.7360334945,819228.9264002015,597562.2585867591
2026-02-03,574290.4718032863,604906.490277175,665778.0408085219,820307.1472653074,598430.4417620837
2026-02-04,573894.6175284556,604585.1071936488,665454.9170350904,820216.488964458,598112.4993631497
2026-02-05,574961.8327849424,605223.7577367323,666367.6758246007,819993.2372943896,598744.312598372
2026-02-06,577213.7100190801,608148.263691322,669975.2929998938,826336.8136390942,601637.5091807711
2026-02-09,578259.1717202183,609548.674739915,671531.4160959056,829171.1558022652,603022.9276147409
2026-02-10,579971.3198350598,611454.2383375366,673824.0763310664,832421.9956188806,604908.0905016657
2026-02-11,579071.2720142707,610427.4950950262,672802.513676932,830988.0382515255,603892.3394358932
2026-02-12,580071.0670901567,610989.2767422681,673190.3284125889,829834.3473081051,604448.1067234599
2026-02-13,582477.0364426879,613659.6287383453,676979.3327338758,835415.6763032868,607089.8702858586
2026-02-17,582278.5364442172,613229.5855353686,677128.7264997108,835295.3006473625,606664.4310682762
2026-02-18,581746.2692248661,612680.7899330878,676410.9296390213,834379.8678303219,606121.5107987985
2026-02-19,581942.0635465751,612808.8438985515,676474.6029200712,834174.9935763555,606248.1938355217
2026-02-20,582721.8131383363,613986.8139205147,678032.5068817952,837332.5010866134,607413.5526669385
2026-02-23,583521.7046823077,614879.156823949,679127.7039218765,838900.525155454,608296.3422658081
2026-02-24,583836.0984354429,615345.1544339533,679618.5928415491,839903.3888578423,608757.3509673139
2026-02-25,584246.9425985522,615940.5446012199,680029.0091927039,840759.9940657475,609346.366966555
2026-02-26,585267.546619675,617203.711111653,680887.302019044,842075.763602258,610596.0101841557
2026-02-27,586312.3232246075,618664.4617640493,682194.6646109252,844607.2024816594,612041.1222341475
2026-03-02,584696.6741504204,617085.4451762922,680326.9362642153,842637.7222737401,610427.1381070282
2026-03-03,583145.4039102729,614968.1393426519,677780.2389802631,837621.9180120779,608443.3438265383
2026-03-04,583245.4449125252,614914.9727172784,678776.9776281405,839173.3115658772,608154.6504588805
2026-03-05,581462.1494065179,613231.9820570786,675683.1405953751,835014.5697186837,606389.3075677973
2026-03-06,580451.544936365,612514.8019853636,673190.1243884477,831741.9652353461,605483.2717364759
2026-03-09,582644.5822517463,614350.1173660051,676517.1343152345,835267.1149677515,607738.0164936793
2026-03-10,580578.4543545338,612890.326178479,674034.0237729975,833987.7054416136,605653.3255554436
2026-03-11,577913.9580300895,610854.3534535109,669830.1537151479,829871.990669349,602901.0097594111
2026-03-12,575254.8521130292,608217.1262806028,665543.7884845731,824007.9192429816,600479.9521228775
2026-03-13,573861.2194765934,607014.7051622843,663774.032787116,822383.5443919919,599065.7392805391
2026-03-16,576552.5328028499,609836.3179737034,667433.037159583,827305.9504397168,602086.6109724228
2026-03-17,578671.3284926137,611660.0603594236,669944.4824045622,829392.3792125741,603868.8700511276
2026-03-18,575315.7365433531,608026.5855629318,664648.1932433711,821440.1990146022,600307.623851463
2026-03-19,574910.8087215183,606499.0493338682,664346.6472338174,818383.9252691409,599458.0095810149
2026-03-20,567878.1570921305,599088.4773399266,654710.2161734583,805287.0919875065,591617.3780814157
2026-03-23,569654.6300143816,600231.4034926803,657956.5005699575,808402.0848444427,593094.1652837571
2026-03-24,567743.025738806,597935.3546827915,655717.1930717224,804903.9346464152,590782.0766205405
2026-03-25,570138.1673561124,600588.5866859121,658911.9115994454,809512.5726612285,593796.0601122008
2026-03-26,565825.098298477,596098.7594782899,652532.2429861189,800662.0653949465,589286.5923928204
2026-03-27,564744.8114981201,595066.1397948314,650903.8930382973,798618.2091429299,587985.9395693773
2026-03-30,567732.8104131846,597979.0169666272,654029.1276130929,801589.9787057767,591494.8869574058
2026-03-31,571238.6383128737,601649.8356901896,660209.5504799356,810870.5206625132,594584.9409836715
2026-04-01,571533.7108555081,602055.7945321765,661089.4405251009,812638.8831389811,594784.6194816339
2026-04-02,560555.2253571185,590491.0159653984,648390.6955550457,797029.0529145931,583359.5115735279
2026-04-06,558257.6946466394,588070.7883373743,645733.1562653574,793762.2940951588,580968.5136263829
2026-04-07,563688.1964291154,593791.2996620048,652014.5834444715,801483.6879859758,586619.9369369162
2026-04-08,567238.9076008158,597531.6323755947,656121.6686738832,806532.2895052116,590315.0967377049
2026-04-09,571651.1927889455,602179.5504496935,661225.331136928,812805.9255817352,594906.8807686731
2026-04-10,570632.9761945994,601106.9571991618,660047.5664208588,811358.167767442,593847.2414891081
