symbols,n_assets,start,end,years,final_equity,cagr,max_dd,sharpe,calmar,profit_factor,pct_positive_months,annual_turnover,worst_year,worst_year_date,best_year,avg_correlation,n_rebalances
"GLD,IEF,QQQ",3,2005-10-03,2026-04-10,20.5,715386.0,10.07,-17.3,1.02,0.58,2.44,61.9,5.32,-3.44,2022,20.2,0.001,247
"IEF,QQQ,SPY",3,2003-06-02,2026-04-10,22.9,518826.0,7.47,-31.54,0.79,0.24,1.99,62.5,4.96,-28.16,2022,22.4,0.132,275
"EFA,IEF,QQQ",3,2003-06-02,2026-04-10,22.9,594636.0,8.11,-16.49,0.83,0.49,2.1,61.8,5.24,-11.62,2022,22.26,0.099,275
"EEM,IEF,QQQ",3,2004-02-02,2026-04-10,22.2,486940.0,7.4,-21.77,0.69,0.34,1.94,61.4,5.22,-14.95,2022,23.03,0.086,267
"IEF,QQQ,VNQ",3,2005-08-01,2026-04-10,20.7,547234.0,8.56,-30.26,0.86,0.28,2.08,63.5,5.29,-26.96,2022,22.35,0.08,249
"IEF,QQQ,TLT",3,2003-06-02,2026-04-10,22.9,452340.0,6.83,-24.22,0.67,0.28,1.8,59.3,5.67,-19.46,2022,27.16,0.141,275
"IEF,QQQ,TIP",3,2004-10-01,2026-04-10,21.5,337750.0,5.82,-20.71,0.75,0.28,1.97,60.6,5.14,-16.62,2022,17.4,0.141,259
"IEF,LQD,QQQ",3,2003-06-02,2026-04-10,22.9,365820.0,5.84,-19.9,0.7,0.29,1.86,60.0,5.3,-14.53,2022,17.85,0.17,275
"DBC,IEF,QQQ",3,2006-12-01,2026-04-10,19.4,405076.0,7.49,-28.45,0.75,0.26,1.96,59.7,5.36,-3.2,2012,20.31,-0.044,233
"IEF,QQQ,SLV",3,2007-03-01,2026-04-10,19.1,413491.0,7.71,-29.97,0.73,0.26,1.85,58.7,5.74,-23.34,2022,24.51,0.004,230
"GLD,QQQ,SPY",3,2005-10-03,2026-04-10,20.5,981970.0,11.78,-25.56,0.86,0.46,2.13,60.7,4.16,-11.54,2008,30.39,0.343,247
"EFA,GLD,QQQ",3,2005-10-03,2026-04-10,20.5,997334.0,11.86,-27.5,0.86,0.43,2.11,58.7,4.42,-14.61,2008,32.78,0.334,247
"EEM,GLD,QQQ",3,2005-10-03,2026-04-10,20.5,1178926.0,12.78,-26.76,0.87,0.48,2.14,57.9,4.45,-14.28,2008,38.28,0.33,247
"GLD,QQQ,VNQ",3,2005-10-03,2026-04-10,20.5,1334107.0,13.46,-28.65,0.93,0.47,2.29,61.1,4.77,-13.76,2008,31.08,0.248,247
"GLD,QQQ,TLT",3,2005-10-03,2026-04-10,20.5,1069908.0,12.25,-17.3,1.0,0.71,2.4,61.9,5.19,-7.86,2015,26.31,-0.017,247
"GLD,QQQ,TIP",3,2005-10-03,2026-04-10,20.5,531138.0,8.48,-25.36,0.88,0.33,2.21,59.9,4.86,-15.22,2015,19.7,0.072,247
"GLD,LQD,QQQ",3,2005-10-03,2026-04-10,20.5,715479.0,10.07,-20.44,1.01,0.49,2.48,60.3,4.76,-7.28,2015,20.15,0.125,247
"DBC,GLD,QQQ",3,2006-12-01,2026-04-10,19.4,945983.0,12.31,-23.19,0.89,0.53,2.2,62.7,4.87,-8.74,2015,25.31,0.243,233
"GLD,QQQ,SLV",3,2007-03-01,2026-04-10,19.1,1215826.0,13.96,-24.21,0.89,0.58,2.07,58.7,4.85,-13.62,2015,50.3,0.345,230
"EFA,QQQ,SPY",3,2002-07-01,2026-04-10,23.8,843110.0,9.38,-31.09,0.67,0.3,1.86,59.4,3.8,-24.22,2022,39.77,0.852,286
"EEM,QQQ,SPY",3,2004-02-02,2026-04-10,22.2,779217.0,9.7,-30.7,0.66,0.32,1.85,60.7,3.88,-25.47,2022,44.74,0.83,267
"QQQ,SPY,VNQ",3,2005-08-01,2026-04-10,20.7,628447.0,9.29,-30.81,0.64,0.3,1.84,61.0,4.19,-28.06,2022,31.18,0.769,249
"QQQ,SPY,TLT",3,2003-06-02,2026-04-10,22.9,634985.0,8.42,-30.98,0.71,0.27,1.83,60.7,4.85,-28.26,2022,24.86,0.125,275
"QQQ,SPY,TIP",3,2004-10-01,2026-04-10,21.5,270081.0,4.72,-29.18,0.55,0.16,1.63,61.0,4.68,-28.21,2022,18.91,0.241,259
"LQD,QQQ,SPY",3,2003-06-02,2026-04-10,22.9,361171.0,5.78,-28.6,0.61,0.2,1.71,61.5,4.59,-25.81,2022,18.39,0.422,275
"DBC,QQQ,SPY",3,2006-12-01,2026-04-10,19.4,470091.0,8.32,-31.09,0.59,0.27,1.72,58.8,4.17,-12.06,2011,27.68,0.551,233
"QQQ,SLV,SPY",3,2007-03-01,2026-04-10,19.1,508951.0,8.89,-38.21,0.57,0.23,1.67,59.6,4.4,-26.63,2022,30.46,0.45,230
"EEM,EFA,QQQ",3,2004-02-02,2026-04-10,22.2,923786.0,10.54,-28.41,0.69,0.37,1.93,56.2,4.2,-17.56,2008,46.78,0.802,267
"EFA,QQQ,VNQ",3,2005-08-01,2026-04-10,20.7,733091.0,10.11,-28.38,0.67,0.36,1.89,61.0,4.53,-20.38,2022,34.22,0.703,249
"EFA,QQQ,TLT",3,2003-06-02,2026-04-10,22.9,896243.0,10.07,-20.06,0.82,0.5,2.04,61.5,5.25,-11.99,2022,25.06,0.087,275
"EFA,QQQ,TIP",3,2004-10-01,2026-04-10,21.5,331688.0,5.73,-24.08,0.66,0.24,1.83,60.2,4.6,-13.61,2015,21.24,0.209,259
"EFA,LQD,QQQ",3,2003-06-02,2026-04-10,22.9,482558.0,7.13,-22.14,0.74,0.32,1.95,62.2,4.66,-10.64,2008,20.07,0.385,275
"DBC,EFA,QQQ",3,2006-12-01,2026-04-10,19.4,600303.0,9.7,-28.83,0.66,0.34,1.84,60.1,4.82,-13.41,2011,25.56,0.521,233
"EFA,QQQ,SLV",3,2007-03-01,2026-04-10,19.1,465274.0,8.38,-39.19,0.54,0.21,1.63,57.8,4.88,-23.35,2011,34.22,0.433,230
"EEM,QQQ,VNQ",3,2005-08-01,2026-04-10,20.7,934886.0,11.41,-28.22,0.7,0.4,1.98,59.4,4.65,-22.37,2022,50.79,0.683,249
"EEM,QQQ,TLT",3,2004-02-02,2026-04-10,22.2,801035.0,9.83,-21.77,0.74,0.45,1.97,60.3,5.19,-15.31,2022,28.82,0.083,267
"EEM,QQQ,TIP",3,2004-10-01,2026-04-10,21.5,352896.0,6.03,-24.69,0.63,0.24,1.85,59.8,4.63,-14.32,2015,22.48,0.191,259
"EEM,LQD,QQQ",3,2004-02-02,2026-04-10,22.2,430391.0,6.8,-21.77,0.64,0.31,1.85,61.8,4.67,-13.65,2022,22.11,0.364,267
"DBC,EEM,QQQ",3,2006-12-01,2026-04-10,19.4,738605.0,10.88,-29.07,0.7,0.37,1.92,58.4,4.54,-15.32,2011,41.27,0.511,233
"EEM,QQQ,SLV",3,2007-03-01,2026-04-10,19.1,546209.0,9.29,-40.56,0.57,0.23,1.66,56.1,4.69,-26.34,2011,40.23,0.423,230
"QQQ,TLT,VNQ",3,2005-08-01,2026-04-10,20.7,670291.0,9.63,-30.2,0.77,0.32,1.87,62.7,5.4,-27.24,2022,28.5,0.075,249
"QQQ,TIP,VNQ",3,2005-08-01,2026-04-10,20.7,308763.0,5.6,-27.3,0.63,0.21,1.73,59.8,4.83,-25.71,2022,19.02,0.165,249
"LQD,QQQ,VNQ",3,2005-08-01,2026-04-10,20.7,386194.0,6.75,-25.55,0.63,0.26,1.78,59.4,4.82,-22.28,2022,19.22,0.332,249
"DBC,QQQ,VNQ",3,2006-12-01,2026-04-10,19.4,499420.0,8.66,-30.26,0.58,0.29,1.73,58.4,5.4,-10.68,2011,32.16,0.413,233
"QQQ,SLV,VNQ",3,2007-03-01,2026-04-10,19.1,585403.0,9.69,-38.51,0.59,0.25,1.71,59.6,5.54,-22.36,2022,33.9,0.333,230
"QQQ,TIP,TLT",3,2004-10-01,2026-04-10,21.5,361140.0,6.15,-20.4,0.68,0.3,1.84,59.1,4.98,-16.79,2022,23.82,0.12,259
"LQD,QQQ,TLT",3,2003-06-02,2026-04-10,22.9,415243.0,6.43,-20.04,0.65,0.32,1.78,60.7,5.24,-14.8,2022,20.26,0.16,275
"DBC,QQQ,TLT",3,2006-12-01,2026-04-10,19.4,593086.0,9.63,-29.16,0.78,0.33,2.0,58.8,5.58,-6.32,2015,30.6,-0.055,233
"QQQ,SLV,TLT",3,2007-03-01,2026-04-10,19.1,666547.0,10.44,-29.19,0.77,0.36,1.88,59.6,5.85,-23.7,2022,31.72,-0.011,230
"LQD,QQQ,TIP",3,2004-10-01,2026-04-10,21.5,292932.0,5.12,-20.44,0.67,0.25,1.85,59.8,4.85,-11.92,2022,17.3,0.206,259
"DBC,QQQ,TIP",3,2006-12-01,2026-04-10,19.4,259184.0,5.04,-27.17,0.57,0.19,1.71,60.5,4.98,-14.09,2015,15.49,0.093,233
"QQQ,SLV,TIP",3,2007-03-01,2026-04-10,19.1,302484.0,5.96,-26.56,0.63,0.22,1.71,60.0,4.9,-17.47,2022,16.66,0.097,230
"DBC,LQD,QQQ",3,2006-12-01,2026-04-10,19.4,338626.0,6.5,-28.08,0.65,0.23,1.85,62.2,4.78,-14.1,2008,16.47,0.193,233
"LQD,QQQ,SLV",3,2007-03-01,2026-04-10,19.1,328815.0,6.43,-28.41,0.63,0.23,1.71,58.3,5.01,-23.82,2022,18.18,0.179,230
"DBC,QQQ,SLV",3,2007-03-01,2026-04-10,19.1,772376.0,11.29,-31.87,0.7,0.35,1.89,60.9,5.43,-11.78,2011,30.72,0.325,230
"GLD,IEF,SPY",3,2005-10-03,2026-04-10,20.5,560240.0,8.76,-15.04,1.02,0.58,2.3,65.2,5.31,-9.11,2022,17.59,-0.01,247
"EFA,GLD,IEF",3,2005-10-03,2026-04-10,20.5,450386.0,7.61,-17.06,0.82,0.45,1.95,56.7,5.4,-5.57,2014,23.04,0.037,247
"EEM,GLD,IEF",3,2005-10-03,2026-04-10,20.5,368952.0,6.57,-23.38,0.67,0.28,1.82,54.3,5.21,-9.64,2014,25.21,0.042,247
"GLD,IEF,VNQ",3,2005-10-03,2026-04-10,20.5,534974.0,8.52,-14.16,0.93,0.6,2.11,57.1,5.53,-7.09,2013,20.69,0.038,247
"GLD,IEF,TLT",3,2005-10-03,2026-04-10,20.5,394090.0,6.91,-21.79,0.71,0.32,1.88,50.6,5.4,-6.95,2009,23.28,0.424,247
"GLD,IEF,TIP",3,2005-10-03,2026-04-10,20.5,424394.0,7.3,-21.79,0.95,0.33,2.41,52.6,4.93,-3.89,2013,16.52,0.411,247
"GLD,IEF,LQD",3,2005-10-03,2026-04-10,20.5,422778.0,7.28,-21.79,0.87,0.33,2.27,52.6,5.2,-12.79,2021,20.46,0.308,247
"DBC,GLD,IEF",3,2006-12-01,2026-04-10,19.4,252882.0,4.91,-26.09,0.53,0.19,1.59,49.4,5.58,-11.51,2013,16.66,0.123,233
"GLD,IEF,SLV",3,2007-03-01,2026-04-10,19.1,238087.0,4.64,-31.56,0.46,0.15,1.44,49.6,5.77,-18.45,2021,29.86,0.359,230
"EFA,IEF,SPY",3,2003-06-02,2026-04-10,22.9,461473.0,6.92,-24.87,0.77,0.28,1.93,65.5,5.05,-22.69,2022,18.26,0.12,275
"EEM,IEF,SPY",3,2004-02-02,2026-04-10,22.2,370195.0,6.08,-24.23,0.65,0.25,1.82,63.3,5.07,-23.45,2022,17.24,0.093,267
"IEF,SPY,VNQ",3,2005-08-01,2026-04-10,20.7,372858.0,6.57,-30.99,0.73,0.21,1.85,61.8,5.14,-26.57,2022,21.25,0.102,249
"IEF,SPY,TLT",3,2003-06-02,2026-04-10,22.9,347876.0,5.61,-29.87,0.63,0.19,1.7,60.4,5.52,-25.64,2022,23.46,0.112,275
"IEF,SPY,TIP",3,2004-10-01,2026-04-10,21.5,241304.0,4.18,-29.29,0.6,0.14,1.71,64.5,5.24,-26.2,2022,15.13,0.125,259
"IEF,LQD,SPY",3,2003-06-02,2026-04-10,22.9,270441.0,4.45,-29.48,0.6,0.15,1.7,63.3,5.32,-23.49,2022,14.99,0.167,275
"DBC,IEF,SPY",3,2006-12-01,2026-04-10,19.4,262676.0,5.12,-27.63,0.56,0.19,1.66,58.4,5.42,-7.3,2022,18.63,-0.033,233
"IEF,SLV,SPY",3,2007-03-01,2026-04-10,19.1,298328.0,5.89,-31.81,0.63,0.19,1.68,60.0,5.55,-23.58,2022,17.29,-0.003,230
"EEM,EFA,IEF",3,2004-02-02,2026-04-10,22.2,320180.0,5.39,-21.49,0.56,0.25,1.67,58.4,4.97,-6.94,2022,20.09,0.124,267
"EFA,IEF,VNQ",3,2005-08-01,2026-04-10,20.7,378782.0,6.65,-20.78,0.71,0.32,1.83,61.4,5.33,-17.62,2022,18.71,0.093,249
"EFA,IEF,TLT",3,2003-06-02,2026-04-10,22.9,356373.0,5.72,-17.17,0.6,0.33,1.68,53.8,5.49,-7.65,2022,25.25,0.134,275
"EFA,IEF,TIP",3,2004-10-01,2026-04-10,21.5,282850.0,4.95,-15.76,0.68,0.31,1.87,59.8,5.03,-9.24,2022,15.62,0.15,259
"EFA,IEF,LQD",3,2003-06-02,2026-04-10,22.9,313188.0,5.12,-15.76,0.66,0.33,1.82,57.1,5.32,-7.82,2018,13.33,0.189,275
"DBC,EFA,IEF",3,2006-12-01,2026-04-10,19.4,220881.0,4.18,-21.14,0.44,0.2,1.51,56.2,5.56,-6.59,2012,17.39,-0.007,233
"EFA,IEF,SLV",3,2007-03-01,2026-04-10,19.1,213297.0,4.04,-33.81,0.43,0.12,1.42,53.0,5.62,-15.54,2022,22.89,0.036,230
"EEM,IEF,VNQ",3,2005-08-01,2026-04-10,20.7,270094.0,4.92,-25.46,0.5,0.19,1.62,57.8,5.4,-19.9,2022,18.6,0.08,249
"EEM,IEF,TLT",3,2004-02-02,2026-04-10,22.2,221546.0,3.65,-26.24,0.36,0.14,1.45,52.1,5.21,-8.68,2024,24.04,0.134,267
"EEM,IEF,TIP",3,2004-10-01,2026-04-10,21.5,212925.0,3.57,-26.24,0.44,0.14,1.61,57.9,4.98,-8.46,2022,12.48,0.139,259
"EEM,IEF,LQD",3,2004-02-02,2026-04-10,22.2,238955.0,4.0,-26.24,0.46,0.15,1.68,55.4,5.07,-7.38,2018,12.06,0.165,267
"DBC,EEM,IEF",3,2006-12-01,2026-04-10,19.4,191949.0,3.43,-29.83,0.36,0.11,1.4,54.5,5.41,-10.43,2014,19.51,-0.01,233
"EEM,IEF,SLV",3,2007-03-01,2026-04-10,19.1,172149.0,2.88,-34.26,0.31,0.08,1.32,50.4,5.35,-11.7,2022,23.29,0.033,230
"IEF,TLT,VNQ",3,2005-08-01,2026-04-10,20.7,288527.0,5.25,-28.67,0.54,0.18,1.6,53.0,5.34,-17.99,2022,25.09,0.202,249
"IEF,TIP,VNQ",3,2005-08-01,2026-04-10,20.7,228990.0,4.09,-24.93,0.61,0.16,1.72,54.6,4.99,-15.9,2022,16.96,0.19,249
"IEF,LQD,VNQ",3,2005-08-01,2026-04-10,20.7,248918.0,4.51,-30.48,0.62,0.15,1.67,54.6,5.25,-20.5,2022,15.99,0.201,249
"DBC,IEF,VNQ",3,2006-12-01,2026-04-10,19.4,192470.0,3.44,-29.63,0.38,0.12,1.41,53.6,5.71,-13.66,2013,22.64,-0.027,233
"IEF,SLV,VNQ",3,2007-03-01,2026-04-10,19.1,193874.0,3.53,-38.64,0.37,0.09,1.35,52.2,5.94,-23.2,2023,21.24,0.024,230
"IEF,TIP,TLT",3,2004-10-01,2026-04-10,21.5,206778.0,3.43,-15.24,0.56,0.23,1.68,47.9,4.45,-7.03,2009,20.0,0.794,259
"IEF,LQD,TLT",3,2003-06-02,2026-04-10,22.9,187863.0,2.8,-19.86,0.45,0.14,1.49,46.2,4.61,-6.09,2003,20.39,0.689,275
"DBC,IEF,TLT",3,2006-12-01,2026-04-10,19.4,196833.0,3.56,-37.75,0.38,0.09,1.41,47.2,5.3,-22.04,2009,25.82,0.16,233
"IEF,SLV,TLT",3,2007-03-01,2026-04-10,19.1,145158.0,1.97,-42.44,0.21,0.05,1.21,44.8,5.69,-23.75,2023,48.57,0.336,230
"IEF,LQD,TIP",3,2004-10-01,2026-04-10,21.5,199632.0,3.26,-16.43,0.63,0.2,1.73,51.7,4.55,-9.09,2022,13.98,0.627,259
"DBC,IEF,TIP",3,2006-12-01,2026-04-10,19.4,187176.0,3.29,-24.1,0.45,0.14,1.56,52.4,5.2,-13.63,2013,16.81,0.205,233
"IEF,SLV,TIP",3,2007-03-01,2026-04-10,19.1,152691.0,2.24,-33.7,0.31,0.07,1.3,50.4,5.0,-19.48,2023,24.74,0.34,230
"DBC,IEF,LQD",3,2006-12-01,2026-04-10,19.4,198701.0,3.61,-32.58,0.43,0.11,1.54,54.1,5.33,-13.54,2013,18.93,0.145,233
"IEF,LQD,SLV",3,2007-03-01,2026-04-10,19.1,127851.0,1.29,-42.81,0.19,0.03,1.18,47.8,5.66,-21.22,2023,28.11,0.263,230
"DBC,IEF,SLV",3,2007-03-01,2026-04-10,19.1,155150.0,2.32,-36.79,0.26,0.06,1.24,47.4,5.95,-17.58,2023,20.02,0.104,230
"EFA,GLD,SPY",3,2005-10-03,2026-04-10,20.5,755250.0,10.36,-27.59,0.8,0.38,1.98,60.3,4.52,-12.87,2015,29.82,0.37,247
"EEM,GLD,SPY",3,2005-10-03,2026-04-10,20.5,766327.0,10.43,-26.96,0.78,0.39,1.98,59.1,4.47,-13.94,2015,34.82,0.355,247
"GLD,SPY,VNQ",3,2005-10-03,2026-04-10,20.5,974742.0,11.74,-28.44,0.86,0.41,2.16,60.7,4.83,-11.32,2022,29.61,0.289,247
"GLD,SPY,TLT",3,2005-10-03,2026-04-10,20.5,791408.0,10.61,-22.71,0.94,0.47,2.2,63.6,5.29,-14.89,2018,33.02,-0.031,247
"GLD,SPY,TIP",3,2005-10-03,2026-04-10,20.5,381204.0,6.74,-21.79,0.79,0.31,1.96,61.5,4.87,-16.92,2015,17.45,0.073,247
"GLD,LQD,SPY",3,2005-10-03,2026-04-10,20.5,522607.0,8.39,-19.61,0.93,0.43,2.25,61.9,4.77,-10.1,2015,18.57,0.136,247
"DBC,GLD,SPY",3,2006-12-01,2026-04-10,19.4,606235.0,9.76,-23.19,0.75,0.42,1.94,61.4,4.86,-12.63,2015,23.33,0.273,233
"GLD,SLV,SPY",3,2007-03-01,2026-04-10,19.1,844126.0,11.81,-23.56,0.82,0.5,1.96,60.0,4.77,-16.7,2015,43.66,0.356,230
"EEM,EFA,GLD",3,2005-10-03,2026-04-10,20.5,512825.0,8.29,-37.7,0.63,0.22,1.72,54.3,4.28,-16.25,2015,37.98,0.408,247
"EFA,GLD,VNQ",3,2005-10-03,2026-04-10,20.5,812626.0,10.75,-29.99,0.78,0.36,1.94,60.7,4.88,-10.8,2015,31.34,0.304,247
"EFA,GLD,TLT",3,2005-10-03,2026-04-10,20.5,612010.0,9.23,-21.6,0.78,0.43,1.89,56.3,5.43,-11.56,2015,28.56,0.013,247
"EFA,GLD,TIP",3,2005-10-03,2026-04-10,20.5,381758.0,6.75,-22.39,0.79,0.3,1.99,55.5,4.66,-15.66,2015,20.27,0.122,247
"EFA,GLD,LQD",3,2005-10-03,2026-04-10,20.5,478297.0,7.93,-19.51,0.86,0.41,2.1,56.3,4.75,-13.23,2015,24.02,0.18,247
"DBC,EFA,GLD",3,2006-12-01,2026-04-10,19.4,331894.0,6.39,-42.58,0.52,0.15,1.58,54.5,4.94,-15.11,2015,25.49,0.321,233
"EFA,GLD,SLV",3,2007-03-01,2026-04-10,19.1,426541.0,7.89,-47.59,0.57,0.17,1.59,53.0,4.81,-20.33,2015,48.83,0.417,230
"EEM,GLD,VNQ",3,2005-10-03,2026-04-10,20.5,813766.0,10.76,-29.75,0.75,0.36,1.96,59.1,4.85,-10.9,2008,39.42,0.3,247
"EEM,GLD,TLT",3,2005-10-03,2026-04-10,20.5,572636.0,8.88,-30.77,0.72,0.29,1.87,53.8,5.33,-8.51,2018,33.0,0.025,247
"EEM,GLD,TIP",3,2005-10-03,2026-04-10,20.5,344052.0,6.21,-24.84,0.71,0.25,1.94,53.4,4.5,-12.63,2014,22.07,0.12,247
"EEM,GLD,LQD",3,2005-10-03,2026-04-10,20.5,463183.0,7.76,-22.99,0.81,0.34,2.14,55.1,4.55,-7.46,2021,26.33,0.169,247
"DBC,EEM,GLD",3,2006-12-01,2026-04-10,19.4,360984.0,6.86,-53.7,0.53,0.13,1.59,53.2,4.76,-22.06,2014,32.14,0.326,233
"EEM,GLD,SLV",3,2007-03-01,2026-04-10,19.1,412240.0,7.69,-58.58,0.54,0.13,1.58,50.0,4.68,-24.31,2014,55.12,0.422,230
"GLD,TLT,VNQ",3,2005-10-03,2026-04-10,20.5,812913.0,10.75,-20.37,0.92,0.53,2.07,57.9,5.44,-10.51,2018,26.7,0.019,247
"GLD,TIP,VNQ",3,2005-10-03,2026-04-10,20.5,414111.0,7.17,-18.94,0.83,0.38,2.08,56.3,4.81,-9.82,2013,17.64,0.092,247
"GLD,LQD,VNQ",3,2005-10-03,2026-04-10,20.5,510006.0,8.26,-19.51,0.82,0.42,2.14,57.1,4.99,-6.02,2008,21.08,0.13,247
"DBC,GLD,VNQ",3,2006-12-01,2026-04-10,19.4,479845.0,8.44,-27.71,0.62,0.3,1.75,55.8,5.43,-10.77,2013,28.69,0.229,233
"GLD,SLV,VNQ",3,2007-03-01,2026-04-10,19.1,616808.0,9.99,-36.27,0.64,0.28,1.71,55.7,5.39,-9.22,2015,44.36,0.335,230
"GLD,TIP,TLT",3,2005-10-03,2026-04-10,20.5,535021.0,8.52,-21.79,0.94,0.39,2.4,51.4,4.83,-5.86,2013,28.17,0.374,247
"GLD,LQD,TLT",3,2005-10-03,2026-04-10,20.5,537776.0,8.54,-21.79,0.88,0.39,2.28,54.7,4.98,-10.44,2021,33.65,0.285,247
"DBC,GLD,TLT",3,2006-12-01,2026-04-10,19.4,408896.0,7.55,-37.16,0.63,0.2,1.73,49.8,5.75,-17.51,2013,38.24,0.096,233
"GLD,SLV,TLT",3,2007-03-01,2026-04-10,19.1,476030.0,8.51,-32.88,0.61,0.26,1.63,50.4,6.06,-17.84,2013,42.97,0.327,230
"GLD,LQD,TIP",3,2005-10-03,2026-04-10,20.5,395463.0,6.93,-21.79,0.93,0.32,2.42,55.1,4.59,-4.8,2013,16.74,0.317,247
"DBC,GLD,TIP",3,2006-12-01,2026-04-10,19.4,238738.0,4.6,-28.78,0.55,0.16,1.7,48.9,4.81,-14.59,2013,16.88,0.226,233
"GLD,SLV,TIP",3,2007-03-01,2026-04-10,19.1,245020.0,4.8,-32.4,0.56,0.15,1.57,49.1,4.49,-14.84,2013,26.07,0.417,230
"DBC,GLD,LQD",3,2006-12-01,2026-04-10,19.4,303447.0,5.9,-21.04,0.64,0.28,1.82,52.8,4.71,-15.39,2013,16.59,0.195,233
"GLD,LQD,SLV",3,2007-03-01,2026-04-10,19.1,296000.0,5.84,-27.65,0.61,0.21,1.66,50.4,4.89,-15.69,2013,31.39,0.368,230
"DBC,GLD,SLV",3,2007-03-01,2026-04-10,19.1,399029.0,7.51,-57.79,0.53,0.13,1.54,46.1,5.28,-21.49,2012,41.71,0.529,230
"EEM,EFA,SPY",3,2004-02-02,2026-04-10,22.2,474045.0,7.27,-38.71,0.53,0.19,1.65,57.7,4.17,-21.09,2022,45.18,0.856,267
"EFA,SPY,VNQ",3,2005-08-01,2026-04-10,20.7,458739.0,7.64,-33.72,0.55,0.23,1.71,58.2,4.5,-23.33,2022,32.71,0.773,249
"EFA,SPY,TLT",3,2003-06-02,2026-04-10,22.9,607093.0,8.21,-25.98,0.7,0.32,1.82,62.9,5.11,-23.04,2022,30.46,0.105,275
"EFA,SPY,TIP",3,2004-10-01,2026-04-10,21.5,240137.0,4.15,-26.74,0.52,0.16,1.59,62.5,4.68,-24.48,2022,15.33,0.24,259
"EFA,LQD,SPY",3,2003-06-02,2026-04-10,22.9,328150.0,5.34,-23.05,0.6,0.23,1.68,64.7,4.62,-22.05,2022,16.74,0.428,275
"DBC,EFA,SPY",3,2006-12-01,2026-04-10,19.4,309774.0,6.02,-38.56,0.46,0.16,1.54,57.9,4.87,-11.97,2011,24.41,0.58,233
"EFA,SLV,SPY",3,2007-03-01,2026-04-10,19.1,305568.0,6.02,-40.09,0.43,0.15,1.47,55.2,4.75,-22.32,2022,31.5,0.473,230
"EEM,SPY,VNQ",3,2005-08-01,2026-04-10,20.7,513519.0,8.23,-33.27,0.55,0.25,1.75,61.0,4.62,-24.34,2022,49.16,0.741,249
"EEM,SPY,TLT",3,2004-02-02,2026-04-10,22.2,505847.0,7.58,-25.24,0.64,0.3,1.76,62.2,5.03,-23.79,2022,20.77,0.087,267
"EEM,SPY,TIP",3,2004-10-01,2026-04-10,21.5,240992.0,4.17,-24.73,0.5,0.17,1.59,61.8,4.71,-24.18,2022,16.42,0.21,259
"EEM,LQD,SPY",3,2004-02-02,2026-04-10,22.2,286979.0,4.87,-22.36,0.52,0.22,1.61,62.2,4.64,-22.89,2022,19.55,0.393,267
"DBC,EEM,SPY",3,2006-12-01,2026-04-10,19.4,378171.0,7.11,-37.77,0.51,0.19,1.63,57.9,4.74,-15.69,2011,40.08,0.559,233
"EEM,SLV,SPY",3,2007-03-01,2026-04-10,19.1,317616.0,6.23,-40.82,0.43,0.15,1.49,53.0,4.63,-26.64,2011,36.41,0.453,230
"SPY,TLT,VNQ",3,2005-08-01,2026-04-10,20.7,416314.0,7.14,-30.73,0.62,0.23,1.67,59.0,5.24,-26.83,2022,27.84,0.095,249
"SPY,TIP,VNQ",3,2005-08-01,2026-04-10,20.7,217564.0,3.83,-29.6,0.48,0.13,1.53,59.0,4.87,-26.81,2022,19.68,0.2,249
"LQD,SPY,VNQ",3,2005-08-01,2026-04-10,20.7,246200.0,4.45,-29.21,0.46,0.15,1.54,59.4,4.77,-24.65,2022,19.02,0.376,249
"DBC,SPY,VNQ",3,2006-12-01,2026-04-10,19.4,289653.0,5.65,-33.62,0.42,0.17,1.51,59.2,5.34,-11.99,2022,31.41,0.477,233
"SLV,SPY,VNQ",3,2007-03-01,2026-04-10,19.1,370353.0,7.09,-36.15,0.47,0.2,1.55,56.5,5.3,-24.57,2022,32.13,0.379,230
"SPY,TIP,TLT",3,2004-10-01,2026-04-10,21.5,240881.0,4.17,-28.96,0.5,0.14,1.56,61.8,5.2,-26.36,2022,27.99,0.101,259
"LQD,SPY,TLT",3,2003-06-02,2026-04-10,22.9,293292.0,4.82,-29.26,0.55,0.16,1.61,62.5,5.16,-23.75,2022,29.6,0.153,275
"DBC,SPY,TLT",3,2006-12-01,2026-04-10,19.4,344792.0,6.6,-28.31,0.58,0.23,1.67,57.1,5.63,-11.33,2018,41.99,-0.046,233
"SLV,SPY,TLT",3,2007-03-01,2026-04-10,19.1,451498.0,8.21,-31.63,0.66,0.26,1.71,59.6,5.65,-23.91,2022,39.71,-0.02,230
"LQD,SPY,TIP",3,2004-10-01,2026-04-10,21.5,193572.0,3.12,-28.47,0.45,0.11,1.5,63.7,4.92,-24.27,2022,13.22,0.212,259
"DBC,SPY,TIP",3,2006-12-01,2026-04-10,19.4,165481.0,2.64,-25.55,0.34,0.1,1.37,59.2,5.05,-16.63,2018,16.56,0.117,233
"SLV,SPY,TIP",3,2007-03-01,2026-04-10,19.1,206066.0,3.86,-27.62,0.46,0.14,1.47,59.1,4.96,-21.05,2022,15.76,0.103,230
"DBC,LQD,SPY",3,2006-12-01,2026-04-10,19.4,215376.0,4.04,-28.08,0.44,0.14,1.51,59.7,4.93,-9.29,2015,16.63,0.226,233
"LQD,SLV,SPY",3,2007-03-01,2026-04-10,19.1,233559.0,4.54,-32.07,0.49,0.14,1.52,57.4,4.9,-24.57,2022,17.91,0.194,230
"DBC,SLV,SPY",3,2007-03-01,2026-04-10,19.1,422989.0,7.84,-40.32,0.54,0.19,1.62,58.3,5.32,-11.86,2011,26.99,0.359,230
"EEM,EFA,VNQ",3,2005-08-01,2026-04-10,20.7,519160.0,8.29,-26.52,0.57,0.31,1.72,56.2,4.46,-17.28,2022,52.95,0.738,249
"EEM,EFA,TLT",3,2004-02-02,2026-04-10,22.2,485086.0,7.38,-23.08,0.58,0.32,1.7,57.3,5.14,-12.41,2015,22.44,0.113,267
"EEM,EFA,TIP",3,2004-10-01,2026-04-10,21.5,257997.0,4.5,-22.67,0.55,0.2,1.69,56.8,4.19,-14.74,2015,17.5,0.241,259
"EEM,EFA,LQD",3,2004-02-02,2026-04-10,22.2,294079.0,4.98,-22.99,0.53,0.22,1.65,56.6,4.44,-13.27,2015,20.14,0.419,267
"DBC,EEM,EFA",3,2006-12-01,2026-04-10,19.4,272973.0,5.32,-47.93,0.42,0.11,1.48,50.2,4.72,-17.67,2011,42.91,0.591,233
"EEM,EFA,SLV",3,2007-03-01,2026-04-10,19.1,194972.0,3.56,-53.52,0.29,0.07,1.3,46.1,4.67,-28.61,2011,37.97,0.498,230
"EFA,TLT,VNQ",3,2005-08-01,2026-04-10,20.7,465750.0,7.72,-22.68,0.62,0.34,1.68,59.4,5.46,-18.36,2022,28.26,0.082,249
"EFA,TIP,VNQ",3,2005-08-01,2026-04-10,20.7,224689.0,3.99,-25.59,0.49,0.16,1.54,57.0,4.66,-18.5,2022,14.76,0.192,249
"EFA,LQD,VNQ",3,2005-08-01,2026-04-10,20.7,248426.0,4.5,-25.29,0.46,0.18,1.54,57.0,4.87,-17.74,2022,19.09,0.363,249
"DBC,EFA,VNQ",3,2006-12-01,2026-04-10,19.4,288599.0,5.63,-30.24,0.43,0.19,1.48,56.7,5.61,-11.73,2011,30.63,0.472,233
"EFA,SLV,VNQ",3,2007-03-01,2026-04-10,19.1,324793.0,6.36,-36.77,0.44,0.17,1.48,53.5,5.36,-21.26,2011,34.9,0.387,230
"EFA,TIP,TLT",3,2004-10-01,2026-04-10,21.5,309002.0,5.38,-19.01,0.62,0.28,1.76,58.7,4.87,-10.21,2018,24.65,0.121,259
"EFA,LQD,TLT",3,2003-06-02,2026-04-10,22.9,328134.0,5.34,-19.32,0.58,0.28,1.68,57.1,5.22,-13.16,2018,20.37,0.171,275
"DBC,EFA,TLT",3,2006-12-01,2026-04-10,19.4,270080.0,5.27,-27.52,0.44,0.19,1.49,55.4,5.85,-12.48,2015,30.22,-0.025,233
"EFA,SLV,TLT",3,2007-03-01,2026-04-10,19.1,288294.0,5.7,-37.15,0.46,0.15,1.45,52.2,5.79,-17.23,2022,28.06,0.014,230
"EFA,LQD,TIP",3,2004-10-01,2026-04-10,21.5,229680.0,3.94,-16.07,0.56,0.25,1.67,59.5,4.75,-12.78,2015,12.72,0.233,259
"DBC,EFA,TIP",3,2006-12-01,2026-04-10,19.4,175072.0,2.94,-28.91,0.37,0.1,1.43,57.1,4.99,-14.8,2015,10.87,0.144,233
"EFA,SLV,TIP",3,2007-03-01,2026-04-10,19.1,192445.0,3.48,-24.56,0.44,0.14,1.45,53.0,4.5,-17.55,2015,15.55,0.143,230
"DBC,EFA,LQD",3,2006-12-01,2026-04-10,19.4,202336.0,3.71,-28.72,0.4,0.13,1.47,56.7,4.98,-14.58,2008,12.71,0.249,233
"EFA,LQD,SLV",3,2007-03-01,2026-04-10,19.1,184620.0,3.26,-29.48,0.38,0.11,1.38,50.0,4.87,-17.42,2022,18.12,0.23,230
"DBC,EFA,SLV",3,2007-03-01,2026-04-10,19.1,229625.0,4.45,-51.52,0.35,0.09,1.37,48.7,5.54,-17.2,2014,30.23,0.401,230
"EEM,TLT,VNQ",3,2005-08-01,2026-04-10,20.7,417698.0,7.15,-26.64,0.55,0.27,1.66,54.6,5.5,-20.63,2022,22.84,0.077,249
"EEM,TIP,VNQ",3,2005-08-01,2026-04-10,20.7,199744.0,3.4,-21.12,0.41,0.16,1.49,55.0,4.64,-18.05,2022,16.97,0.173,249
"EEM,LQD,VNQ",3,2005-08-01,2026-04-10,20.7,231580.0,4.14,-23.37,0.41,0.18,1.53,54.2,4.83,-20.33,2022,20.99,0.336,249
"DBC,EEM,VNQ",3,2006-12-01,2026-04-10,19.4,357816.0,6.81,-39.51,0.48,0.17,1.58,54.5,5.45,-13.91,2011,49.65,0.462,233
"EEM,SLV,VNQ",3,2007-03-01,2026-04-10,19.1,318057.0,6.24,-47.37,0.42,0.13,1.48,53.0,5.22,-24.65,2011,45.4,0.377,230
"EEM,TIP,TLT",3,2004-10-01,2026-04-10,21.5,264774.0,4.63,-26.24,0.5,0.18,1.66,54.8,4.79,-8.78,2022,24.43,0.119,259
"EEM,LQD,TLT",3,2004-02-02,2026-04-10,22.2,272708.0,4.63,-26.24,0.47,0.18,1.64,54.7,4.95,-12.76,2018,18.79,0.157,267
"DBC,EEM,TLT",3,2006-12-01,2026-04-10,19.4,328103.0,6.33,-39.39,0.5,0.16,1.58,51.9,5.69,-14.5,2012,30.89,-0.02,233
"EEM,SLV,TLT",3,2007-03-01,2026-04-10,19.1,288459.0,5.7,-35.45,0.44,0.16,1.46,49.6,5.62,-13.4,2022,31.25,0.019,230
"EEM,LQD,TIP",3,2004-10-01,2026-04-10,21.5,210589.0,3.52,-26.24,0.45,0.13,1.64,59.1,4.66,-8.85,2022,11.8,0.207,259
"DBC,EEM,TIP",3,2006-12-01,2026-04-10,19.4,166966.0,2.68,-32.87,0.34,0.08,1.4,50.6,4.8,-13.75,2014,12.72,0.134,233
"EEM,SLV,TIP",3,2007-03-01,2026-04-10,19.1,172489.0,2.89,-29.44,0.37,0.1,1.39,50.4,4.22,-13.58,2014,17.74,0.133,230
"DBC,EEM,LQD",3,2006-12-01,2026-04-10,19.4,217900.0,4.11,-28.16,0.44,0.15,1.53,56.2,4.68,-14.07,2008,19.03,0.232,233
"EEM,LQD,SLV",3,2007-03-01,2026-04-10,19.1,178884.0,3.09,-30.94,0.35,0.1,1.39,49.6,4.6,-13.83,2022,20.45,0.214,230
"DBC,EEM,SLV",3,2007-03-01,2026-04-10,19.1,301232.0,5.94,-62.22,0.43,0.1,1.45,47.0,5.25,-25.58,2014,35.96,0.4,230
"TIP,TLT,VNQ",3,2005-08-01,2026-04-10,20.7,222963.0,3.95,-25.4,0.49,0.16,1.54,51.0,4.91,-16.16,2022,25.58,0.167,249
"LQD,TLT,VNQ",3,2005-08-01,2026-04-10,20.7,243201.0,4.39,-30.58,0.5,0.14,1.52,53.4,5.19,-20.88,2022,19.57,0.191,249
"DBC,TLT,VNQ",3,2006-12-01,2026-04-10,19.4,232278.0,4.45,-35.15,0.39,0.13,1.42,52.8,5.86,-13.83,2009,31.85,-0.039,233
"SLV,TLT,VNQ",3,2007-03-01,2026-04-10,19.1,330232.0,6.45,-41.16,0.49,0.16,1.47,50.4,6.1,-27.23,2023,38.8,0.008,230
"LQD,TIP,VNQ",3,2005-08-01,2026-04-10,20.7,186547.0,3.06,-27.19,0.46,0.11,1.51,54.6,4.76,-18.75,2022,16.62,0.225,249
"DBC,TIP,VNQ",3,2006-12-01,2026-04-10,19.4,143936.0,1.9,-27.46,0.26,0.07,1.28,51.5,5.05,-17.41,2013,19.84,0.093,233
"SLV,TIP,VNQ",3,2007-03-01,2026-04-10,19.1,159342.0,2.47,-31.82,0.32,0.08,1.31,52.2,4.69,-20.58,2023,16.6,0.1,230
"DBC,LQD,VNQ",3,2006-12-01,2026-04-10,19.4,159048.0,2.43,-30.75,0.27,0.08,1.32,53.6,5.2,-14.23,2008,20.36,0.177,233
"LQD,SLV,VNQ",3,2007-03-01,2026-04-10,19.1,150141.0,2.15,-39.72,0.25,0.05,1.25,50.0,5.2,-23.1,2023,19.93,0.167,230
"DBC,SLV,VNQ",3,2007-03-01,2026-04-10,19.1,347900.0,6.74,-46.28,0.46,0.15,1.5,50.4,6.09,-22.5,2023,35.25,0.294,230
"LQD,TIP,TLT",3,2004-10-01,2026-04-10,21.5,226388.0,3.87,-17.26,0.61,0.22,1.75,49.0,4.35,-9.32,2022,27.63,0.6,259
"DBC,TIP,TLT",3,2006-12-01,2026-04-10,19.4,210337.0,3.92,-26.06,0.45,0.15,1.57,48.1,5.19,-15.62,2013,31.81,0.175,233
"SLV,TIP,TLT",3,2007-03-01,2026-04-10,19.1,182853.0,3.21,-32.53,0.37,0.1,1.37,48.3,4.86,-21.06,2023,30.53,0.306,230
"DBC,LQD,TLT",3,2006-12-01,2026-04-10,19.4,262452.0,5.11,-36.35,0.53,0.14,1.69,53.6,5.06,-16.49,2013,38.19,0.129,233
"LQD,SLV,TLT",3,2007-03-01,2026-04-10,19.1,169137.0,2.79,-45.96,0.31,0.06,1.32,48.7,5.31,-23.54,2023,38.56,0.243,230
"DBC,SLV,TLT",3,2007-03-01,2026-04-10,19.1,243372.0,4.76,-47.82,0.38,0.1,1.37,47.0,6.32,-27.2,2023,42.49,0.08,230
"DBC,LQD,TIP",3,2006-12-01,2026-04-10,19.4,177932.0,3.02,-26.1,0.42,0.12,1.53,56.7,4.95,-14.96,2013,12.26,0.221,233
"LQD,SLV,TIP",3,2007-03-01,2026-04-10,19.1,138970.0,1.74,-37.52,0.26,0.05,1.25,51.3,4.69,-19.49,2023,25.63,0.294,230
"DBC,SLV,TIP",3,2007-03-01,2026-04-10,19.1,157640.0,2.41,-41.92,0.3,0.06,1.32,47.0,4.91,-15.18,2013,13.94,0.23,230
"DBC,LQD,SLV",3,2007-03-01,2026-04-10,19.1,178682.0,3.08,-36.2,0.34,0.09,1.35,49.1,5.05,-17.29,2023,16.18,0.226,230
"GLD,IEF,QQQ,SPY",4,2005-10-03,2026-04-10,20.5,669056.0,9.71,-16.59,1.05,0.59,2.43,63.2,5.09,-12.3,2022,20.95,0.115,247
"EFA,GLD,IEF,QQQ",4,2005-10-03,2026-04-10,20.5,619724.0,9.3,-16.16,0.97,0.58,2.26,59.1,5.4,-3.6,2022,19.49,0.116,247
"EEM,GLD,IEF,QQQ",4,2005-10-03,2026-04-10,20.5,659873.0,9.63,-20.21,0.94,0.48,2.29,58.7,5.36,-3.42,2022,21.25,0.114,247
"GLD,IEF,QQQ,VNQ",4,2005-10-03,2026-04-10,20.5,811358.0,10.74,-15.7,1.13,0.68,2.5,63.6,5.56,-7.48,2022,18.86,0.092,247
"GLD,IEF,QQQ,TLT",4,2005-10-03,2026-04-10,20.5,640891.0,9.48,-17.3,0.94,0.55,2.25,58.7,5.81,-3.94,2022,19.96,0.136,247
"GLD,IEF,QQQ,TIP",4,2005-10-03,2026-04-10,20.5,543606.0,8.6,-17.3,1.04,0.5,2.48,61.1,5.46,-4.27,2022,17.39,0.156,247
"GLD,IEF,LQD,QQQ",4,2005-10-03,2026-04-10,20.5,588363.0,9.02,-17.3,1.04,0.52,2.52,60.7,5.6,-3.93,2022,17.08,0.15,247
"DBC,GLD,IEF,QQQ",4,2006-12-01,2026-04-10,19.4,470286.0,8.33,-20.08,0.88,0.41,2.16,59.2,5.48,-3.24,2012,18.71,0.081,233
"GLD,IEF,QQQ,SLV",4,2007-03-01,2026-04-10,19.1,560409.0,9.44,-16.5,0.91,0.57,2.07,59.1,5.85,-4.62,2022,25.98,0.178,230
"EFA,IEF,QQQ,SPY",4,2003-06-02,2026-04-10,22.9,603404.0,8.18,-25.88,0.84,0.32,2.06,65.1,5.03,-25.06,2022,22.11,0.302,275
"EEM,IEF,QQQ,SPY",4,2004-02-02,2026-04-10,22.2,522719.0,7.74,-26.42,0.76,0.29,1.99,63.3,5.12,-26.35,2022,21.31,0.285,267
"IEF,QQQ,SPY,VNQ",4,2005-08-01,2026-04-10,20.7,514215.0,8.24,-31.19,0.85,0.26,2.04,60.6,5.02,-28.59,2022,22.35,0.269,249
"IEF,QQQ,SPY,TLT",4,2003-06-02,2026-04-10,22.9,476655.0,7.07,-31.17,0.74,0.23,1.9,63.3,5.49,-28.59,2022,20.79,0.128,275
"IEF,QQQ,SPY,TIP",4,2004-10-01,2026-04-10,21.5,318288.0,5.53,-30.15,0.72,0.18,1.89,62.9,5.23,-28.52,2022,17.33,0.159,259
"IEF,LQD,QQQ,SPY",4,2003-06-02,2026-04-10,22.9,373393.0,5.93,-29.11,0.72,0.2,1.88,63.3,5.34,-26.11,2022,16.42,0.223,275
"DBC,IEF,QQQ,SPY",4,2006-12-01,2026-04-10,19.4,373934.0,7.05,-28.15,0.71,0.25,1.89,61.8,5.2,-11.4,2022,20.46,0.149,233
"IEF,QQQ,SLV,SPY",4,2007-03-01,2026-04-10,19.1,426190.0,7.88,-31.94,0.78,0.25,1.91,61.3,5.35,-27.52,2022,20.22,0.143,230
"EEM,EFA,IEF,QQQ",4,2004-02-02,2026-04-10,22.2,505167.0,7.57,-18.19,0.73,0.42,1.94,61.0,5.26,-10.48,2022,21.56,0.277,267
"EFA,IEF,QQQ,VNQ",4,2005-08-01,2026-04-10,20.7,557741.0,8.66,-22.02,0.88,0.39,2.1,62.2,5.27,-20.92,2022,20.1,0.242,249
"EFA,IEF,QQQ,TLT",4,2003-06-02,2026-04-10,22.9,552286.0,7.76,-16.85,0.78,0.46,1.99,59.6,5.78,-12.11,2022,24.51,0.115,275
"EFA,IEF,QQQ,TIP",4,2004-10-01,2026-04-10,21.5,369492.0,6.26,-18.73,0.79,0.33,2.05,60.6,5.27,-12.72,2022,18.97,0.148,259
"EFA,IEF,LQD,QQQ",4,2003-06-02,2026-04-10,22.9,454172.0,6.85,-15.23,0.81,0.45,2.06,60.7,5.53,-10.51,2022,17.57,0.211,275
"DBC,EFA,IEF,QQQ",4,2006-12-01,2026-04-10,19.4,407658.0,7.53,-21.88,0.75,0.34,1.95,60.9,5.44,-2.18,2012,19.04,0.139,233
"EFA,IEF,QQQ,SLV",4,2007-03-01,2026-04-10,19.1,384404.0,7.3,-25.26,0.72,0.29,1.82,60.4,5.63,-20.15,2022,23.41,0.14,230
"EEM,IEF,QQQ,VNQ",4,2005-08-01,2026-04-10,20.7,568435.0,8.76,-22.99,0.84,0.38,2.11,61.8,5.44,-22.95,2022,20.42,0.231,249
"EEM,IEF,QQQ,TLT",4,2004-02-02,2026-04-10,22.2,462982.0,7.15,-21.99,0.67,0.33,1.87,61.0,5.7,-15.45,2022,24.95,0.111,267
"EEM,IEF,QQQ,TIP",4,2004-10-01,2026-04-10,21.5,384282.0,6.45,-21.77,0.74,0.3,2.07,62.5,5.36,-12.61,2022,18.6,0.139,259
"EEM,IEF,LQD,QQQ",4,2004-02-02,2026-04-10,22.2,402030.0,6.47,-21.77,0.69,0.3,1.97,59.6,5.53,-13.89,2022,19.64,0.196,267
"DBC,EEM,IEF,QQQ",4,2006-12-01,2026-04-10,19.4,408112.0,7.54,-21.67,0.73,0.35,1.95,57.9,5.36,-3.17,2012,20.14,0.133,233
"EEM,IEF,QQQ,SLV",4,2007-03-01,2026-04-10,19.1,385546.0,7.32,-27.97,0.69,0.26,1.79,57.8,5.69,-23.44,2022,24.08,0.134,230
"IEF,QQQ,TLT,VNQ",4,2005-08-01,2026-04-10,20.7,507601.0,8.17,-29.93,0.81,0.27,1.95,63.1,5.82,-27.35,2022,23.55,0.123,249
"IEF,QQQ,TIP,VNQ",4,2005-08-01,2026-04-10,20.7,370507.0,6.53,-27.73,0.81,0.24,2.0,62.7,5.53,-25.94,2022,16.05,0.143,249
"IEF,LQD,QQQ,VNQ",4,2005-08-01,2026-04-10,20.7,428202.0,7.28,-25.66,0.86,0.28,2.05,62.7,5.58,-22.45,2022,16.44,0.194,249
"DBC,IEF,QQQ,VNQ",4,2006-12-01,2026-04-10,19.4,368906.0,6.98,-29.95,0.7,0.23,1.85,60.5,5.75,-8.4,2022,23.46,0.104,233
"IEF,QQQ,SLV,VNQ",4,2007-03-01,2026-04-10,19.1,451600.0,8.21,-28.12,0.8,0.29,1.92,62.6,6.0,-22.94,2022,22.08,0.109,230
"IEF,QQQ,TIP,TLT",4,2004-10-01,2026-04-10,21.5,343324.0,5.9,-21.16,0.71,0.28,1.88,59.1,5.47,-16.91,2022,17.73,0.298,259
"IEF,LQD,QQQ,TLT",4,2003-06-02,2026-04-10,22.9,358379.0,5.74,-20.11,0.66,0.29,1.77,60.4,5.83,-14.82,2022,18.02,0.29,275
"DBC,IEF,QQQ,TLT",4,2006-12-01,2026-04-10,19.4,418030.0,7.67,-28.97,0.76,0.26,1.98,59.2,5.72,-7.5,2009,22.59,0.048,233
"IEF,QQQ,SLV,TLT",4,2007-03-01,2026-04-10,19.1,397718.0,7.49,-28.35,0.7,0.26,1.8,59.6,6.08,-23.84,2022,26.07,0.115,230
"IEF,LQD,QQQ,TIP",4,2004-10-01,2026-04-10,21.5,343434.0,5.9,-16.49,0.81,0.36,2.05,59.1,5.44,-12.06,2022,16.2,0.285,259
"DBC,IEF,QQQ,TIP",4,2006-12-01,2026-04-10,19.4,299905.0,5.84,-27.78,0.73,0.21,1.96,62.2,5.49,-4.09,2018,12.87,0.097,233
"IEF,QQQ,SLV,TIP",4,2007-03-01,2026-04-10,19.1,318744.0,6.25,-22.28,0.75,0.28,1.87,60.0,5.54,-17.79,2022,15.19,0.144,230
"DBC,IEF,LQD,QQQ",4,2006-12-01,2026-04-10,19.4,341811.0,6.56,-24.58,0.74,0.27,2.02,60.5,5.55,-1.74,2024,13.63,0.114,233
"IEF,LQD,QQQ,SLV",4,2007-03-01,2026-04-10,19.1,304948.0,6.01,-29.79,0.68,0.2,1.79,58.3,5.94,-24.05,2022,14.28,0.152,230
"DBC,IEF,QQQ,SLV",4,2007-03-01,2026-04-10,19.1,394616.0,7.45,-24.61,0.72,0.3,1.85,60.9,5.94,-4.13,2012,21.7,0.098,230
"EFA,GLD,QQQ,SPY",4,2005-10-03,2026-04-10,20.5,788025.0,10.59,-28.0,0.79,0.38,1.99,61.1,4.46,-15.31,2008,28.91,0.478,247
"EEM,GLD,QQQ,SPY",4,2005-10-03,2026-04-10,20.5,857019.0,11.04,-27.6,0.79,0.4,2.03,61.1,4.43,-15.45,2008,35.68,0.465,247
"GLD,QQQ,SPY,VNQ",4,2005-10-03,2026-04-10,20.5,1013389.0,11.95,-28.81,0.85,0.41,2.18,62.3,4.77,-14.01,2008,30.28,0.412,247
"GLD,QQQ,SPY,TLT",4,2005-10-03,2026-04-10,20.5,868752.0,11.11,-22.3,0.96,0.5,2.26,63.6,5.03,-12.41,2022,23.28,0.104,247
"GLD,QQQ,SPY,TIP",4,2005-10-03,2026-04-10,20.5,443109.0,7.53,-23.44,0.82,0.32,2.01,61.5,4.9,-13.85,2015,19.93,0.182,247
"GLD,LQD,QQQ,SPY",4,2005-10-03,2026-04-10,20.5,575812.0,8.91,-20.08,0.92,0.44,2.22,61.5,4.84,-12.1,2022,19.03,0.259,247
"DBC,GLD,QQQ,SPY",4,2006-12-01,2026-04-10,19.4,683980.0,10.44,-25.29,0.78,0.41,1.99,62.2,4.78,-11.06,2022,25.33,0.352,233
"GLD,QQQ,SLV,SPY",4,2007-03-01,2026-04-10,19.1,866590.0,11.96,-25.39,0.82,0.47,2.0,61.3,4.67,-11.54,2015,38.23,0.373,230
"EEM,EFA,GLD,QQQ",4,2005-10-03,2026-04-10,20.5,903268.0,11.32,-28.38,0.8,0.4,2.02,57.5,4.71,-16.74,2008,36.67,0.47,247
"EFA,GLD,QQQ,VNQ",4,2005-10-03,2026-04-10,20.5,974169.0,11.73,-29.65,0.84,0.4,2.1,59.9,4.96,-15.64,2008,31.63,0.397,247
"EFA,GLD,QQQ,TLT",4,2005-10-03,2026-04-10,20.5,890748.0,11.25,-16.16,0.96,0.7,2.24,59.9,5.27,-9.4,2015,25.34,0.103,247
"EFA,GLD,QQQ,TIP",4,2005-10-03,2026-04-10,20.5,458084.0,7.7,-24.93,0.82,0.31,2.04,59.5,4.96,-14.74,2015,20.34,0.184,247
"EFA,GLD,LQD,QQQ",4,2005-10-03,2026-04-10,20.5,625184.0,9.34,-20.46,0.96,0.46,2.28,58.7,4.98,-9.69,2008,20.53,0.258,247
"DBC,EFA,GLD,QQQ",4,2006-12-01,2026-04-10,19.4,649152.0,10.15,-27.77,0.76,0.37,1.97,62.2,5.13,-9.91,2015,26.42,0.354,233
"EFA,GLD,QQQ,SLV",4,2007-03-01,2026-04-10,19.1,794018.0,11.45,-27.6,0.79,0.41,1.92,59.1,5.14,-12.97,2015,40.94,0.381,230
"EEM,GLD,QQQ,VNQ",4,2005-10-03,2026-04-10,20.5,1166456.0,12.72,-29.38,0.87,0.43,2.18,61.5,5.0,-15.94,2008,38.87,0.39,247
"EEM,GLD,QQQ,TLT",4,2005-10-03,2026-04-10,20.5,960699.0,11.66,-20.21,0.94,0.58,2.27,58.7,5.24,-9.1,2015,28.39,0.104,247
"EEM,GLD,QQQ,TIP",4,2005-10-03,2026-04-10,20.5,479568.0,7.94,-25.54,0.8,0.31,2.04,60.3,5.03,-15.45,2015,23.16,0.178,247
"EEM,GLD,LQD,QQQ",4,2005-10-03,2026-04-10,20.5,680755.0,9.8,-20.64,0.94,0.47,2.33,58.7,4.89,-9.91,2008,22.35,0.248,247
"DBC,EEM,GLD,QQQ",4,2006-12-01,2026-04-10,19.4,742532.0,10.91,-26.66,0.78,0.41,2.02,61.4,5.06,-10.96,2015,33.33,0.352,233
"EEM,GLD,QQQ,SLV",4,2007-03-01,2026-04-10,19.1,930206.0,12.38,-26.78,0.81,0.46,1.97,58.3,5.04,-14.33,2015,45.65,0.379,230
"GLD,QQQ,TLT,VNQ",4,2005-10-03,2026-04-10,20.5,1124924.0,12.52,-16.57,1.06,0.76,2.35,64.0,5.4,-8.16,2015,23.82,0.081,247
"GLD,QQQ,TIP,VNQ",4,2005-10-03,2026-04-10,20.5,564747.0,8.8,-22.31,0.94,0.39,2.21,61.5,5.18,-10.09,2015,20.35,0.144,247
"GLD,LQD,QQQ,VNQ",4,2005-10-03,2026-04-10,20.5,678112.0,9.78,-19.98,0.92,0.49,2.27,61.5,5.18,-10.35,2008,19.98,0.209,247
"DBC,GLD,QQQ,VNQ",4,2006-12-01,2026-04-10,19.4,720225.0,10.74,-29.3,0.77,0.37,2.03,61.8,5.46,-8.95,2008,27.48,0.283,233
"GLD,QQQ,SLV,VNQ",4,2007-03-01,2026-04-10,19.1,991621.0,12.76,-28.68,0.83,0.44,2.04,61.7,5.47,-10.18,2015,37.55,0.315,230
"GLD,QQQ,TIP,TLT",4,2005-10-03,2026-04-10,20.5,618255.0,9.29,-17.3,0.98,0.54,2.37,60.7,5.35,-9.62,2015,24.3,0.137,247
"GLD,LQD,QQQ,TLT",4,2005-10-03,2026-04-10,20.5,730334.0,10.18,-17.3,1.01,0.59,2.45,61.9,5.43,-8.17,2015,25.41,0.137,247
"DBC,GLD,QQQ,TLT",4,2006-12-01,2026-04-10,19.4,746924.0,10.95,-20.08,0.93,0.55,2.28,59.7,5.49,-7.86,2015,30.08,0.067,233
"GLD,QQQ,SLV,TLT",4,2007-03-01,2026-04-10,19.1,931360.0,12.39,-16.89,0.95,0.73,2.13,61.3,5.74,-10.7,2015,36.21,0.161,230
"GLD,LQD,QQQ,TIP",4,2005-10-03,2026-04-10,20.5,469592.0,7.83,-20.44,0.95,0.38,2.32,61.5,5.23,-9.61,2015,16.76,0.18,247
"DBC,GLD,QQQ,TIP",4,2006-12-01,2026-04-10,19.4,348690.0,6.67,-25.36,0.71,0.26,1.91,59.7,5.2,-15.22,2015,17.32,0.159,233
"GLD,QQQ,SLV,TIP",4,2007-03-01,2026-04-10,19.1,439911.0,8.06,-27.39,0.81,0.29,1.93,60.9,5.11,-18.0,2015,23.82,0.233,230
"DBC,GLD,LQD,QQQ",4,2006-12-01,2026-04-10,19.4,452094.0,8.11,-21.04,0.82,0.39,2.13,60.1,5.11,-8.8,2008,18.37,0.189,233
"GLD,LQD,QQQ,SLV",4,2007-03-01,2026-04-10,19.1,567893.0,9.51,-20.44,0.92,0.47,2.13,57.4,5.23,-9.92,2015,27.43,0.255,230
"DBC,GLD,QQQ,SLV",4,2007-03-01,2026-04-10,19.1,894611.0,12.15,-24.61,0.82,0.49,2.0,61.3,5.48,-13.62,2015,36.03,0.36,230
"EEM,EFA,QQQ,SPY",4,2004-02-02,2026-04-10,22.2,682431.0,9.04,-33.76,0.63,0.27,1.8,59.6,4.27,-23.36,2022,44.8,0.837,267
"EFA,QQQ,SPY,VNQ",4,2005-08-01,2026-04-10,20.7,670710.0,9.63,-30.93,0.66,0.31,1.87,62.2,4.55,-25.17,2022,31.77,0.777,249
"EFA,QQQ,SPY,TLT",4,2003-06-02,2026-04-10,22.9,796020.0,9.5,-24.44,0.78,0.39,1.94,65.1,5.07,-25.17,2022,23.42,0.294,275
"EFA,QQQ,SPY,TIP",4,2004-10-01,2026-04-10,21.5,308930.0,5.38,-25.65,0.6,0.21,1.69,62.5,4.81,-26.4,2022,22.04,0.388,259
"EFA,LQD,QQQ,SPY",4,2003-06-02,2026-04-10,22.9,441158.0,6.71,-23.21,0.68,0.29,1.8,64.0,4.73,-23.94,2022,21.3,0.523,275
"DBC,EFA,QQQ,SPY",4,2006-12-01,2026-04-10,19.4,449003.0,8.07,-33.26,0.58,0.24,1.69,60.5,4.72,-12.8,2011,25.67,0.63,233
"EFA,QQQ,SLV,SPY",4,2007-03-01,2026-04-10,19.1,385829.0,7.32,-38.15,0.5,0.19,1.57,59.1,4.81,-25.07,2022,28.91,0.556,230
"EEM,QQQ,SPY,VNQ",4,2005-08-01,2026-04-10,20.7,806572.0,10.62,-30.56,0.69,0.35,1.95,62.2,4.63,-26.25,2022,47.06,0.756,249
"EEM,QQQ,SPY,TLT",4,2004-02-02,2026-04-10,22.2,713973.0,9.26,-25.39,0.74,0.36,1.9,62.2,5.07,-26.45,2022,22.99,0.281,267
"EEM,QQQ,SPY,TIP",4,2004-10-01,2026-04-10,21.5,329381.0,5.69,-24.89,0.61,0.23,1.72,62.5,4.84,-26.39,2022,21.38,0.368,259
"EEM,LQD,QQQ,SPY",4,2004-02-02,2026-04-10,22.2,397798.0,6.42,-24.0,0.63,0.27,1.74,62.2,4.85,-25.25,2022,21.56,0.503,267
"DBC,EEM,QQQ,SPY",4,2006-12-01,2026-04-10,19.4,551434.0,9.22,-32.35,0.62,0.29,1.77,60.5,4.64,-14.75,2011,40.55,0.614,233
"EEM,QQQ,SLV,SPY",4,2007-03-01,2026-04-10,19.1,445085.0,8.13,-39.75,0.53,0.2,1.62,58.3,4.72,-26.6,2011,35.94,0.541,230
"QQQ,SPY,TLT,VNQ",4,2005-08-01,2026-04-10,20.7,599517.0,9.04,-31.32,0.74,0.29,1.84,61.0,5.09,-28.7,2022,27.52,0.265,249
"QQQ,SPY,TIP,VNQ",4,2005-08-01,2026-04-10,20.7,304199.0,5.52,-30.13,0.62,0.18,1.7,60.6,4.86,-28.85,2022,19.82,0.344,249
"LQD,QQQ,SPY,VNQ",4,2005-08-01,2026-04-10,20.7,366356.0,6.48,-28.97,0.61,0.22,1.74,60.2,4.78,-26.24,2022,20.06,0.477,249
"DBC,QQQ,SPY,VNQ",4,2006-12-01,2026-04-10,19.4,429949.0,7.83,-30.81,0.54,0.25,1.68,59.2,5.15,-14.68,2022,30.07,0.553,233
"QQQ,SLV,SPY,VNQ",4,2007-03-01,2026-04-10,19.1,477400.0,8.52,-38.14,0.55,0.22,1.67,59.1,5.27,-27.52,2022,30.56,0.483,230
"QQQ,SPY,TIP,TLT",4,2004-10-01,2026-04-10,21.5,318425.0,5.53,-29.97,0.62,0.18,1.71,62.2,5.19,-28.61,2022,23.59,0.146,259
"LQD,QQQ,SPY,TLT",4,2003-06-02,2026-04-10,22.9,400912.0,6.26,-29.26,0.65,0.21,1.76,62.5,5.3,-26.25,2022,20.29,0.215,275
"DBC,QQQ,SPY,TLT",4,2006-12-01,2026-04-10,19.4,466404.0,8.28,-28.56,0.68,0.29,1.83,61.4,5.26,-11.49,2022,29.82,0.142,233
"QQQ,SLV,SPY,TLT",4,2007-03-01,2026-04-10,19.1,568188.0,9.52,-31.58,0.74,0.3,1.83,61.3,5.36,-27.61,2022,26.51,0.134,230
"LQD,QQQ,SPY,TIP",4,2004-10-01,2026-04-10,21.5,247701.0,4.3,-27.8,0.55,0.15,1.63,62.5,5.07,-26.17,2022,15.65,0.272,259
"DBC,QQQ,SPY,TIP",4,2006-12-01,2026-04-10,19.4,227974.0,4.35,-26.34,0.49,0.17,1.56,62.7,4.99,-17.15,2022,17.44,0.25,233
"QQQ,SLV,SPY,TIP",4,2007-03-01,2026-04-10,19.1,279730.0,5.53,-27.11,0.59,0.2,1.64,60.9,5.05,-24.3,2022,16.83,0.222,230
"DBC,LQD,QQQ,SPY",4,2006-12-01,2026-04-10,19.4,280241.0,5.47,-28.08,0.54,0.19,1.64,61.4,4.92,-14.5,2008,18.2,0.351,233
"LQD,QQQ,SLV,SPY",4,2007-03-01,2026-04-10,19.1,310043.0,6.1,-30.61,0.6,0.2,1.66,59.1,4.98,-27.23,2022,17.99,0.315,230
"DBC,QQQ,SLV,SPY",4,2007-03-01,2026-04-10,19.1,549283.0,9.32,-34.38,0.62,0.27,1.75,62.2,5.14,-13.13,2011,25.32,0.422,230
"EEM,EFA,QQQ,VNQ",4,2005-08-01,2026-04-10,20.7,782751.0,10.46,-29.63,0.67,0.35,1.91,59.0,4.77,-19.24,2022,49.33,0.732,249
"EEM,EFA,QQQ,TLT",4,2004-02-02,2026-04-10,22.2,805827.0,9.86,-18.19,0.77,0.54,1.98,62.5,5.31,-10.85,2022,25.38,0.271,267
"EEM,EFA,QQQ,TIP",4,2004-10-01,2026-04-10,21.5,360547.0,6.14,-24.23,0.65,0.25,1.84,60.2,4.64,-13.81,2015,21.05,0.361,259
"EEM,EFA,LQD,QQQ",4,2004-02-02,2026-04-10,22.2,456093.0,7.08,-22.48,0.69,0.31,1.86,61.4,4.83,-11.57,2008,22.16,0.494,267
"DBC,EEM,EFA,QQQ",4,2006-12-01,2026-04-10,19.4,591772.0,9.62,-29.01,0.64,0.33,1.81,57.9,4.95,-16.22,2011,42.34,0.608,233
"EEM,EFA,QQQ,SLV",4,2007-03-01,2026-04-10,19.1,413087.0,7.71,-40.34,0.5,0.19,1.58,56.1,5.13,-28.0,2011,37.26,0.541,230
"EFA,QQQ,TLT,VNQ",4,2005-08-01,2026-04-10,20.7,710667.0,9.94,-20.6,0.8,0.48,1.92,62.2,5.36,-21.21,2022,23.22,0.235,249
"EFA,QQQ,TIP,VNQ",4,2005-08-01,2026-04-10,20.7,336279.0,6.04,-22.14,0.67,0.27,1.78,60.2,4.95,-21.65,2022,20.1,0.317,249
"EFA,LQD,QQQ,VNQ",4,2005-08-01,2026-04-10,20.7,398638.0,6.91,-23.87,0.65,0.29,1.8,59.8,4.95,-19.57,2022,20.01,0.448,249
"DBC,EFA,QQQ,VNQ",4,2006-12-01,2026-04-10,19.4,477331.0,8.41,-31.03,0.57,0.27,1.71,59.7,5.56,-13.65,2008,28.8,0.528,233
"EFA,QQQ,SLV,VNQ",4,2007-03-01,2026-04-10,19.1,445059.0,8.13,-38.64,0.53,0.21,1.63,59.6,5.54,-23.47,2011,32.42,0.465,230
"EFA,QQQ,TIP,TLT",4,2004-10-01,2026-04-10,21.5,403429.0,6.7,-19.23,0.73,0.35,1.93,61.4,5.13,-12.97,2018,21.51,0.133,259
"EFA,LQD,QQQ,TLT",4,2003-06-02,2026-04-10,22.9,530225.0,7.57,-18.23,0.78,0.42,1.99,61.1,5.42,-10.78,2022,19.29,0.201,275
"DBC,EFA,QQQ,TLT",4,2006-12-01,2026-04-10,19.4,585120.0,9.56,-21.88,0.77,0.44,1.96,60.9,5.62,-7.88,2015,25.48,0.13,233
"EFA,QQQ,SLV,TLT",4,2007-03-01,2026-04-10,19.1,555548.0,9.39,-23.68,0.74,0.4,1.83,61.3,5.68,-20.52,2022,28.21,0.128,230
"EFA,LQD,QQQ,TIP",4,2004-10-01,2026-04-10,21.5,317348.0,5.51,-20.46,0.7,0.27,1.9,61.4,5.08,-11.35,2022,17.83,0.26,259
"DBC,EFA,QQQ,TIP",4,2006-12-01,2026-04-10,19.4,272840.0,5.32,-24.08,0.59,0.22,1.71,62.2,5.05,-13.61,2015,17.78,0.241,233
"EFA,QQQ,SLV,TIP",4,2007-03-01,2026-04-10,19.1,282622.0,5.59,-25.52,0.6,0.22,1.66,60.0,4.96,-17.73,2022,17.41,0.22,230
"DBC,EFA,LQD,QQQ",4,2006-12-01,2026-04-10,19.4,335897.0,6.46,-30.02,0.63,0.22,1.77,61.4,5.03,-18.86,2008,16.64,0.34,233
"EFA,LQD,QQQ,SLV",4,2007-03-01,2026-04-10,19.1,320850.0,6.29,-24.43,0.63,0.26,1.71,58.3,5.05,-20.4,2022,18.5,0.31,230
"DBC,EFA,QQQ,SLV",4,2007-03-01,2026-04-10,19.1,520957.0,9.02,-31.64,0.6,0.29,1.73,60.0,5.61,-14.41,2011,26.66,0.421,230
"EEM,QQQ,TLT,VNQ",4,2005-08-01,2026-04-10,20.7,781554.0,10.45,-22.15,0.8,0.47,1.97,60.6,5.52,-23.23,2022,26.24,0.228,249
"EEM,QQQ,TIP,VNQ",4,2005-08-01,2026-04-10,20.7,361130.0,6.4,-21.85,0.67,0.29,1.82,60.2,5.02,-21.7,2022,19.51,0.303,249
"EEM,LQD,QQQ,VNQ",4,2005-08-01,2026-04-10,20.7,429053.0,7.29,-24.38,0.65,0.3,1.83,59.4,5.07,-21.64,2022,22.89,0.43,249
"DBC,EEM,QQQ,VNQ",4,2006-12-01,2026-04-10,19.4,577419.0,9.48,-30.48,0.61,0.31,1.79,59.2,5.48,-13.7,2011,44.54,0.518,233
"EEM,QQQ,SLV,VNQ",4,2007-03-01,2026-04-10,19.1,518645.0,9.0,-39.35,0.56,0.23,1.68,59.6,5.57,-25.38,2011,41.12,0.456,230
"EEM,QQQ,TIP,TLT",4,2004-10-01,2026-04-10,21.5,427661.0,6.99,-21.77,0.7,0.32,1.96,60.2,5.19,-12.78,2022,21.42,0.128,259
"EEM,LQD,QQQ,TLT",4,2004-02-02,2026-04-10,22.2,479146.0,7.32,-21.95,0.69,0.33,1.92,61.4,5.42,-14.16,2022,21.52,0.191,267
"DBC,EEM,QQQ,TLT",4,2006-12-01,2026-04-10,19.4,639302.0,10.06,-21.67,0.79,0.46,2.02,59.2,5.46,-7.56,2015,25.92,0.127,233
"EEM,QQQ,SLV,TLT",4,2007-03-01,2026-04-10,19.1,584027.0,9.67,-26.31,0.73,0.37,1.82,59.6,5.66,-23.8,2022,31.18,0.126,230
"EEM,LQD,QQQ,TIP",4,2004-10-01,2026-04-10,21.5,337907.0,5.82,-21.77,0.67,0.27,1.94,61.0,5.12,-11.28,2022,19.21,0.243,259
"DBC,EEM,QQQ,TIP",4,2006-12-01,2026-04-10,19.4,278110.0,5.43,-24.69,0.58,0.22,1.72,59.7,5.08,-14.32,2015,18.18,0.232,233
"EEM,QQQ,SLV,TIP",4,2007-03-01,2026-04-10,19.1,300329.0,5.92,-26.17,0.61,0.23,1.68,58.3,4.99,-17.56,2022,20.06,0.21,230
"DBC,EEM,LQD,QQQ",4,2006-12-01,2026-04-10,19.4,353054.0,6.73,-29.7,0.64,0.23,1.81,60.9,4.92,-18.62,2008,18.46,0.327,233
"EEM,LQD,QQQ,SLV",4,2007-03-01,2026-04-10,19.1,336186.0,6.55,-27.4,0.62,0.24,1.71,57.0,5.07,-23.77,2022,21.15,0.297,230
"DBC,EEM,QQQ,SLV",4,2007-03-01,2026-04-10,19.1,594277.0,9.77,-32.63,0.63,0.3,1.78,57.4,5.37,-16.29,2011,34.42,0.415,230
"QQQ,TIP,TLT,VNQ",4,2005-08-01,2026-04-10,20.7,349118.0,6.23,-27.99,0.67,0.22,1.74,59.4,5.42,-26.08,2022,22.22,0.131,249
"LQD,QQQ,TLT,VNQ",4,2005-08-01,2026-04-10,20.7,430840.0,7.31,-26.09,0.73,0.28,1.82,59.8,5.5,-22.67,2022,18.9,0.189,249
"DBC,QQQ,TLT,VNQ",4,2006-12-01,2026-04-10,19.4,477101.0,8.41,-30.65,0.69,0.27,1.79,60.5,5.87,-8.67,2022,30.0,0.098,233
"QQQ,SLV,TLT,VNQ",4,2007-03-01,2026-04-10,19.1,641326.0,10.21,-28.14,0.78,0.36,1.85,60.9,6.04,-23.22,2022,29.94,0.101,230
"LQD,QQQ,TIP,VNQ",4,2005-08-01,2026-04-10,20.7,296520.0,5.39,-23.59,0.66,0.23,1.76,59.4,5.23,-21.23,2022,15.84,0.232,249
"DBC,QQQ,TIP,VNQ",4,2006-12-01,2026-04-10,19.4,238350.0,4.59,-27.97,0.52,0.16,1.59,58.4,5.35,-13.51,2022,19.94,0.191,233
"QQQ,SLV,TIP,VNQ",4,2007-03-01,2026-04-10,19.1,316675.0,6.22,-23.59,0.66,0.26,1.74,60.4,5.29,-18.42,2022,17.34,0.173,230
"DBC,LQD,QQQ,VNQ",4,2006-12-01,2026-04-10,19.4,284026.0,5.54,-31.94,0.51,0.17,1.64,60.5,5.36,-19.39,2008,21.02,0.279,233
"LQD,QQQ,SLV,VNQ",4,2007-03-01,2026-04-10,19.1,329740.0,6.44,-28.25,0.58,0.23,1.68,58.3,5.52,-23.41,2022,19.45,0.253,230
"DBC,QQQ,SLV,VNQ",4,2007-03-01,2026-04-10,19.1,579278.0,9.63,-32.44,0.62,0.3,1.78,61.3,6.14,-12.22,2011,29.22,0.342,230
"LQD,QQQ,TIP,TLT",4,2004-10-01,2026-04-10,21.5,365526.0,6.21,-16.53,0.75,0.38,1.95,59.1,5.25,-12.21,2022,24.02,0.271,259
"DBC,QQQ,TIP,TLT",4,2006-12-01,2026-04-10,19.4,313191.0,6.08,-27.9,0.65,0.22,1.84,60.5,5.46,-8.97,2015,27.65,0.082,233
"QQQ,SLV,TIP,TLT",4,2007-03-01,2026-04-10,19.1,347482.0,6.73,-22.13,0.7,0.3,1.79,60.4,5.4,-17.96,2022,26.22,0.126,230
"DBC,LQD,QQQ,TLT",4,2006-12-01,2026-04-10,19.4,437886.0,7.93,-25.08,0.77,0.32,2.13,61.8,5.38,-7.63,2015,27.29,0.105,233
"LQD,QQQ,SLV,TLT",4,2007-03-01,2026-04-10,19.1,380880.0,7.25,-29.72,0.7,0.24,1.81,59.6,5.73,-24.33,2022,27.4,0.141,230
"DBC,QQQ,SLV,TLT",4,2007-03-01,2026-04-10,19.1,645155.0,10.25,-25.7,0.79,0.4,1.94,59.1,6.21,-9.16,2015,32.8,0.085,230
"DBC,LQD,QQQ,TIP",4,2006-12-01,2026-04-10,19.4,261733.0,5.1,-23.63,0.63,0.22,1.82,60.1,5.29,-9.09,2015,12.43,0.178,233
"LQD,QQQ,SLV,TIP",4,2007-03-01,2026-04-10,19.1,263527.0,5.2,-23.54,0.64,0.22,1.71,58.7,5.28,-18.24,2022,14.55,0.194,230
"DBC,QQQ,SLV,TIP",4,2007-03-01,2026-04-10,19.1,282048.0,5.58,-26.56,0.58,0.21,1.68,61.7,5.43,-16.87,2015,14.62,0.187,230
"DBC,LQD,QQQ,SLV",4,2007-03-01,2026-04-10,19.1,328985.0,6.43,-25.19,0.62,0.26,1.74,61.7,5.47,-9.03,2015,16.16,0.231,230
"EFA,GLD,IEF,SPY",4,2005-10-03,2026-04-10,20.5,519510.0,8.36,-15.11,0.93,0.55,2.14,61.9,5.38,-9.84,2022,18.45,0.127,247
"EEM,GLD,IEF,SPY",4,2005-10-03,2026-04-10,20.5,511918.0,8.28,-14.88,0.9,0.56,2.16,61.5,5.33,-9.3,2022,19.75,0.118,247
"GLD,IEF,SPY,VNQ",4,2005-10-03,2026-04-10,20.5,608465.0,9.2,-15.83,1.03,0.58,2.28,63.2,5.52,-11.77,2022,16.5,0.105,247
"GLD,IEF,SPY,TLT",4,2005-10-03,2026-04-10,20.5,516297.0,8.33,-15.04,0.94,0.55,2.13,61.9,5.78,-9.57,2022,21.56,0.122,247
"GLD,IEF,SPY,TIP",4,2005-10-03,2026-04-10,20.5,418529.0,7.23,-13.83,1.01,0.52,2.27,63.2,5.42,-10.5,2022,14.6,0.149,247
"GLD,IEF,LQD,SPY",4,2005-10-03,2026-04-10,20.5,452126.0,7.63,-15.87,1.0,0.48,2.32,63.2,5.59,-9.89,2022,14.34,0.148,247
"DBC,GLD,IEF,SPY",4,2006-12-01,2026-04-10,19.4,365022.0,6.92,-22.44,0.78,0.31,1.94,58.4,5.46,-8.57,2022,14.18,0.088,233
"GLD,IEF,SLV,SPY",4,2007-03-01,2026-04-10,19.1,442815.0,8.1,-18.63,0.85,0.43,1.96,61.3,5.73,-9.11,2022,24.17,0.176,230
"EEM,EFA,GLD,IEF",4,2005-10-03,2026-04-10,20.5,434571.0,7.42,-19.43,0.77,0.38,1.88,57.5,5.38,-7.64,2014,25.2,0.151,247
"EFA,GLD,IEF,VNQ",4,2005-10-03,2026-04-10,20.5,552280.0,8.69,-14.04,0.93,0.62,2.08,60.7,5.75,-4.57,2022,20.71,0.118,247
"EFA,GLD,IEF,TLT",4,2005-10-03,2026-04-10,20.5,433430.0,7.41,-17.06,0.78,0.43,1.89,56.3,5.83,-5.93,2018,21.78,0.149,247
"EFA,GLD,IEF,TIP",4,2005-10-03,2026-04-10,20.5,419073.0,7.23,-17.06,0.94,0.42,2.19,57.5,5.4,-4.98,2014,17.56,0.179,247
"EFA,GLD,IEF,LQD",4,2005-10-03,2026-04-10,20.5,432831.0,7.4,-17.06,0.9,0.43,2.15,56.7,5.6,-6.59,2018,19.46,0.175,247
"DBC,EFA,GLD,IEF",4,2006-12-01,2026-04-10,19.4,260929.0,5.08,-21.18,0.55,0.24,1.61,56.2,5.77,-8.13,2018,17.07,0.118,233
"EFA,GLD,IEF,SLV",4,2007-03-01,2026-04-10,19.1,332114.0,6.48,-21.06,0.66,0.31,1.66,56.5,5.92,-7.51,2014,28.73,0.212,230
"EEM,GLD,IEF,VNQ",4,2005-10-03,2026-04-10,20.5,447730.0,7.58,-18.0,0.78,0.42,1.94,58.7,5.74,-6.04,2014,22.31,0.115,247
"EEM,GLD,IEF,TLT",4,2005-10-03,2026-04-10,20.5,358484.0,6.42,-22.99,0.64,0.28,1.77,53.0,5.75,-5.54,2014,21.62,0.154,247
"EEM,GLD,IEF,TIP",4,2005-10-03,2026-04-10,20.5,338909.0,6.13,-22.99,0.76,0.27,1.97,56.3,5.36,-8.96,2014,18.71,0.177,247
"EEM,GLD,IEF,LQD",4,2005-10-03,2026-04-10,20.5,387928.0,6.83,-22.99,0.8,0.3,2.09,55.5,5.49,-8.28,2021,20.78,0.169,247
"DBC,EEM,GLD,IEF",4,2006-12-01,2026-04-10,19.4,229791.0,4.39,-33.08,0.47,0.13,1.5,53.2,5.67,-11.32,2014,18.7,0.119,233
"EEM,GLD,IEF,SLV",4,2007-03-01,2026-04-10,19.1,274248.0,5.42,-30.83,0.55,0.18,1.55,54.3,5.68,-12.53,2021,30.88,0.213,230
"GLD,IEF,TLT,VNQ",4,2005-10-03,2026-04-10,20.5,510583.0,8.27,-15.64,0.88,0.53,2.03,57.5,5.96,-8.13,2013,20.95,0.171,247
"GLD,IEF,TIP,VNQ",4,2005-10-03,2026-04-10,20.5,431361.0,7.38,-13.39,1.0,0.55,2.28,57.9,5.47,-10.0,2013,15.32,0.182,247
"GLD,IEF,LQD,VNQ",4,2005-10-03,2026-04-10,20.5,481843.0,7.97,-14.02,0.99,0.57,2.25,56.7,5.81,-5.22,2022,19.16,0.169,247
"DBC,GLD,IEF,VNQ",4,2006-12-01,2026-04-10,19.4,299297.0,5.83,-22.67,0.63,0.26,1.71,56.2,5.87,-14.72,2013,15.86,0.091,233
"GLD,IEF,SLV,VNQ",4,2007-03-01,2026-04-10,19.1,315979.0,6.21,-27.73,0.62,0.22,1.6,55.2,6.27,-9.68,2013,25.7,0.189,230
"GLD,IEF,TIP,TLT",4,2005-10-03,2026-04-10,20.5,423361.0,7.29,-21.79,0.89,0.33,2.26,52.2,5.31,-4.6,2013,19.76,0.501,247
"GLD,IEF,LQD,TLT",4,2005-10-03,2026-04-10,20.5,400251.0,6.99,-21.79,0.8,0.32,2.1,53.0,5.63,-10.88,2021,20.34,0.423,247
"DBC,GLD,IEF,TLT",4,2006-12-01,2026-04-10,19.4,267240.0,5.21,-24.33,0.55,0.21,1.62,50.2,5.9,-12.84,2013,22.55,0.202,233
"GLD,IEF,SLV,TLT",4,2007-03-01,2026-04-10,19.1,239284.0,4.67,-27.6,0.45,0.17,1.43,50.0,6.27,-13.3,2013,26.63,0.363,230
"GLD,IEF,LQD,TIP",4,2005-10-03,2026-04-10,20.5,413897.0,7.17,-21.79,0.96,0.33,2.46,55.1,5.34,-4.13,2013,16.28,0.415,247
"DBC,GLD,IEF,TIP",4,2006-12-01,2026-04-10,19.4,250065.0,4.85,-19.42,0.63,0.25,1.78,51.9,5.55,-13.72,2013,15.38,0.242,233
"GLD,IEF,SLV,TIP",4,2007-03-01,2026-04-10,19.1,240020.0,4.69,-21.65,0.61,0.22,1.59,52.2,5.51,-14.04,2013,21.08,0.383,230
"DBC,GLD,IEF,LQD",4,2006-12-01,2026-04-10,19.4,264071.0,5.14,-20.01,0.62,0.26,1.78,53.2,5.63,-13.5,2013,13.16,0.194,233
"GLD,IEF,LQD,SLV",4,2007-03-01,2026-04-10,19.1,229426.0,4.44,-26.29,0.54,0.17,1.53,52.6,6.03,-14.36,2021,23.1,0.326,230
"DBC,GLD,IEF,SLV",4,2007-03-01,2026-04-10,19.1,227416.0,4.39,-34.65,0.44,0.13,1.43,50.0,6.16,-12.09,2013,22.52,0.279,230
"EEM,EFA,IEF,SPY",4,2004-02-02,2026-04-10,22.2,389047.0,6.32,-24.22,0.66,0.26,1.79,62.9,5.14,-22.06,2022,18.68,0.297,267
"EFA,IEF,SPY,VNQ",4,2005-08-01,2026-04-10,20.7,429722.0,7.3,-23.81,0.79,0.31,1.92,63.9,5.18,-23.79,2022,17.11,0.269,249
"EFA,IEF,SPY,TLT",4,2003-06-02,2026-04-10,22.9,428296.0,6.57,-23.93,0.71,0.27,1.83,62.9,5.62,-23.15,2022,22.7,0.118,275
"EFA,IEF,SPY,TIP",4,2004-10-01,2026-04-10,21.5,284411.0,4.98,-24.47,0.67,0.2,1.8,62.2,5.32,-24.75,2022,14.66,0.157,259
"EFA,IEF,LQD,SPY",4,2003-06-02,2026-04-10,22.9,347886.0,5.61,-23.44,0.71,0.24,1.85,64.4,5.43,-22.27,2022,14.75,0.226,275
"DBC,EFA,IEF,SPY",4,2006-12-01,2026-04-10,19.4,288564.0,5.63,-21.53,0.59,0.26,1.7,61.8,5.47,-7.13,2022,14.64,0.161,233
"EFA,IEF,SLV,SPY",4,2007-03-01,2026-04-10,19.1,303162.0,5.98,-28.5,0.63,0.21,1.68,58.7,5.54,-23.29,2022,16.92,0.153,230
"EEM,IEF,SPY,VNQ",4,2005-08-01,2026-04-10,20.7,406609.0,7.01,-24.08,0.72,0.29,1.91,64.3,5.34,-24.84,2022,16.56,0.252,249
"EEM,IEF,SPY,TLT",4,2004-02-02,2026-04-10,22.2,355114.0,5.88,-23.11,0.62,0.25,1.75,64.4,5.57,-23.91,2022,18.57,0.106,267
"EEM,IEF,SPY,TIP",4,2004-10-01,2026-04-10,21.5,279718.0,4.9,-23.41,0.64,0.21,1.8,64.9,5.4,-24.47,2022,13.34,0.141,259
"EEM,IEF,LQD,SPY",4,2004-02-02,2026-04-10,22.2,306038.0,5.17,-23.9,0.64,0.22,1.79,62.9,5.44,-23.1,2022,14.62,0.204,267
"DBC,EEM,IEF,SPY",4,2006-12-01,2026-04-10,19.4,277874.0,5.42,-21.3,0.57,0.25,1.69,60.5,5.42,-5.57,2022,14.73,0.15,233
"EEM,IEF,SLV,SPY",4,2007-03-01,2026-04-10,19.1,285389.0,5.64,-29.5,0.59,0.19,1.64,59.1,5.54,-24.04,2022,17.84,0.141,230
"IEF,SPY,TLT,VNQ",4,2005-08-01,2026-04-10,20.7,352007.0,6.27,-31.65,0.68,0.2,1.74,59.8,5.67,-26.93,2022,22.75,0.126,249
"IEF,SPY,TIP,VNQ",4,2005-08-01,2026-04-10,20.7,260618.0,4.74,-30.9,0.65,0.15,1.74,61.4,5.51,-27.02,2022,16.61,0.153,249
"IEF,LQD,SPY,VNQ",4,2005-08-01,2026-04-10,20.7,292232.0,5.32,-30.47,0.69,0.17,1.77,63.1,5.47,-24.81,2022,15.62,0.209,249
"DBC,IEF,SPY,VNQ",4,2006-12-01,2026-04-10,19.4,263180.0,5.13,-29.75,0.55,0.17,1.63,60.1,5.71,-12.45,2022,22.71,0.129,233
"IEF,SLV,SPY,VNQ",4,2007-03-01,2026-04-10,19.1,311474.0,6.13,-33.01,0.64,0.19,1.68,59.1,5.86,-25.07,2022,17.89,0.125,230
"IEF,SPY,TIP,TLT",4,2004-10-01,2026-04-10,21.5,244636.0,4.24,-30.21,0.57,0.14,1.64,62.2,5.55,-26.48,2022,19.89,0.282,259
"IEF,LQD,SPY,TLT",4,2003-06-02,2026-04-10,22.9,263731.0,4.33,-30.21,0.56,0.14,1.62,62.9,5.76,-23.77,2022,20.43,0.28,275
"DBC,IEF,SPY,TLT",4,2006-12-01,2026-04-10,19.4,277765.0,5.42,-28.1,0.58,0.19,1.69,57.5,5.78,-8.87,2009,22.54,0.045,233
"IEF,SLV,SPY,TLT",4,2007-03-01,2026-04-10,19.1,293654.0,5.8,-31.56,0.61,0.18,1.65,58.3,5.91,-24.04,2022,24.37,0.103,230
"IEF,LQD,SPY,TIP",4,2004-10-01,2026-04-10,21.5,238882.0,4.13,-29.74,0.61,0.14,1.72,64.9,5.52,-24.41,2022,13.91,0.281,259
"DBC,IEF,SPY,TIP",4,2006-12-01,2026-04-10,19.4,207957.0,3.85,-26.07,0.52,0.15,1.62,61.4,5.52,-15.06,2022,15.36,0.102,233
"IEF,SLV,SPY,TIP",4,2007-03-01,2026-04-10,19.1,234373.0,4.56,-28.26,0.61,0.16,1.65,62.2,5.54,-21.33,2022,15.83,0.139,230
"DBC,IEF,LQD,SPY",4,2006-12-01,2026-04-10,19.4,229099.0,4.38,-25.97,0.53,0.17,1.67,59.7,5.65,-5.61,2022,13.43,0.123,233
"IEF,LQD,SLV,SPY",4,2007-03-01,2026-04-10,19.1,226729.0,4.38,-33.11,0.55,0.13,1.6,58.7,5.82,-24.78,2022,14.54,0.152,230
"DBC,IEF,SLV,SPY",4,2007-03-01,2026-04-10,19.1,278481.0,5.51,-27.41,0.58,0.2,1.63,59.6,5.81,-8.29,2022,15.29,0.107,230
"EEM,EFA,IEF,VNQ",4,2005-08-01,2026-04-10,20.7,367542.0,6.49,-21.38,0.65,0.3,1.8,59.8,5.37,-17.39,2022,18.91,0.257,249
"EEM,EFA,IEF,TLT",4,2004-02-02,2026-04-10,22.2,315852.0,5.32,-20.06,0.54,0.27,1.64,58.4,5.45,-7.42,2022,22.31,0.126,267
"EEM,EFA,IEF,TIP",4,2004-10-01,2026-04-10,21.5,291491.0,5.1,-19.46,0.66,0.26,1.86,59.5,5.06,-9.02,2022,14.53,0.162,259
"EEM,EFA,IEF,LQD",4,2004-02-02,2026-04-10,22.2,301283.0,5.1,-19.46,0.61,0.26,1.79,57.7,5.29,-7.77,2018,15.76,0.223,267
"DBC,EEM,EFA,IEF",4,2006-12-01,2026-04-10,19.4,222317.0,4.21,-22.65,0.43,0.19,1.49,57.5,5.6,-8.27,2014,17.51,0.171,233
"EEM,EFA,IEF,SLV",4,2007-03-01,2026-04-10,19.1,215211.0,4.09,-33.08,0.43,0.12,1.43,54.3,5.58,-16.55,2022,22.05,0.169,230
"EFA,IEF,TLT,VNQ",4,2005-08-01,2026-04-10,20.7,361710.0,6.41,-20.75,0.66,0.31,1.73,58.2,5.87,-18.0,2022,22.93,0.125,249
"EFA,IEF,TIP,VNQ",4,2005-08-01,2026-04-10,20.7,282259.0,5.14,-18.74,0.68,0.27,1.79,59.8,5.46,-18.62,2022,14.76,0.155,249
"EFA,IEF,LQD,VNQ",4,2005-08-01,2026-04-10,20.7,310870.0,5.63,-20.55,0.71,0.27,1.81,60.6,5.64,-17.73,2022,16.43,0.208,249
"DBC,EFA,IEF,VNQ",4,2006-12-01,2026-04-10,19.4,253466.0,4.92,-20.43,0.51,0.24,1.58,60.5,6.01,-2.93,2014,17.12,0.132,233
"EFA,IEF,SLV,VNQ",4,2007-03-01,2026-04-10,19.1,273775.0,5.41,-27.87,0.56,0.19,1.57,58.7,5.98,-17.59,2022,20.44,0.134,230
"EFA,IEF,TIP,TLT",4,2004-10-01,2026-04-10,21.5,289214.0,5.06,-15.76,0.65,0.32,1.79,56.8,5.4,-9.54,2022,19.25,0.298,259
"EFA,IEF,LQD,TLT",4,2003-06-02,2026-04-10,22.9,303102.0,4.97,-16.27,0.61,0.31,1.72,56.7,5.78,-9.81,2018,17.57,0.296,275
"DBC,EFA,IEF,TLT",4,2006-12-01,2026-04-10,19.4,244038.0,4.72,-25.31,0.48,0.19,1.56,54.5,5.9,-9.54,2018,20.11,0.061,233
"EFA,IEF,SLV,TLT",4,2007-03-01,2026-04-10,19.1,223583.0,4.3,-33.18,0.44,0.13,1.44,51.7,5.94,-16.02,2022,27.72,0.125,230
"EFA,IEF,LQD,TIP",4,2004-10-01,2026-04-10,21.5,273696.0,4.79,-15.76,0.68,0.3,1.86,58.3,5.48,-9.39,2022,12.09,0.297,259
"DBC,EFA,IEF,TIP",4,2006-12-01,2026-04-10,19.4,221196.0,4.19,-19.42,0.53,0.22,1.65,59.7,5.65,-9.76,2018,13.52,0.121,233
"EFA,IEF,SLV,TIP",4,2007-03-01,2026-04-10,19.1,221136.0,4.24,-21.67,0.57,0.2,1.59,55.7,5.3,-14.4,2022,16.33,0.165,230
"DBC,EFA,IEF,LQD",4,2006-12-01,2026-04-10,19.4,231556.0,4.43,-21.66,0.51,0.2,1.67,55.8,5.79,-3.75,2018,11.98,0.14,233
"EFA,IEF,LQD,SLV",4,2007-03-01,2026-04-10,19.1,197154.0,3.62,-29.67,0.46,0.12,1.48,50.0,5.79,-17.35,2022,14.38,0.175,230
"DBC,EFA,IEF,SLV",4,2007-03-01,2026-04-10,19.1,199832.0,3.69,-28.26,0.38,0.13,1.39,54.8,6.19,-7.92,2014,19.75,0.134,230
"EEM,IEF,TLT,VNQ",4,2005-08-01,2026-04-10,20.7,260286.0,4.73,-23.46,0.47,0.2,1.55,57.8,5.94,-20.28,2022,20.78,0.122,249
"EEM,IEF,TIP,VNQ",4,2005-08-01,2026-04-10,20.7,227032.0,4.04,-19.0,0.52,0.21,1.64,57.0,5.5,-18.2,2022,11.54,0.145,249
"EEM,IEF,LQD,VNQ",4,2005-08-01,2026-04-10,20.7,259367.0,4.71,-24.67,0.56,0.19,1.7,56.2,5.69,-20.32,2022,14.13,0.194,249
"DBC,EEM,IEF,VNQ",4,2006-12-01,2026-04-10,19.4,212395.0,3.97,-25.91,0.41,0.15,1.47,57.9,5.97,-9.38,2013,16.57,0.126,233
"EEM,IEF,SLV,VNQ",4,2007-03-01,2026-04-10,19.1,204208.0,3.81,-33.1,0.39,0.12,1.41,55.2,5.99,-19.93,2022,21.21,0.128,230
"EEM,IEF,TIP,TLT",4,2004-10-01,2026-04-10,21.5,216749.0,3.66,-26.24,0.43,0.14,1.56,53.3,5.36,-8.76,2022,17.92,0.296,259
"EEM,IEF,LQD,TLT",4,2004-02-02,2026-04-10,22.2,236773.0,3.96,-26.24,0.45,0.15,1.62,53.6,5.52,-9.42,2018,17.42,0.285,267
"DBC,EEM,IEF,TLT",4,2006-12-01,2026-04-10,19.4,216732.0,4.08,-28.95,0.41,0.14,1.47,51.5,5.76,-11.22,2024,20.76,0.062,233
"EEM,IEF,SLV,TLT",4,2007-03-01,2026-04-10,19.1,180259.0,3.13,-31.9,0.33,0.1,1.33,50.0,5.75,-12.18,2022,24.73,0.127,230
"EEM,IEF,LQD,TIP",4,2004-10-01,2026-04-10,21.5,226223.0,3.87,-26.24,0.5,0.15,1.7,57.1,5.45,-8.92,2022,11.95,0.283,259
"DBC,EEM,IEF,TIP",4,2006-12-01,2026-04-10,19.4,192373.0,3.44,-24.59,0.44,0.14,1.53,56.2,5.63,-10.74,2013,13.51,0.114,233
"EEM,IEF,SLV,TIP",4,2007-03-01,2026-04-10,19.1,174938.0,2.97,-24.1,0.41,0.12,1.41,54.8,5.22,-13.68,2022,13.8,0.159,230
"DBC,EEM,IEF,LQD",4,2006-12-01,2026-04-10,19.4,228575.0,4.36,-24.65,0.5,0.18,1.64,57.5,5.59,-10.34,2013,19.1,0.13,233
"EEM,IEF,LQD,SLV",4,2007-03-01,2026-04-10,19.1,172700.0,2.9,-31.33,0.37,0.09,1.41,50.0,5.66,-13.76,2022,13.58,0.166,230
"DBC,EEM,IEF,SLV",4,2007-03-01,2026-04-10,19.1,180677.0,3.14,-36.39,0.33,0.09,1.32,54.3,5.93,-12.48,2014,20.67,0.132,230
"IEF,TIP,TLT,VNQ",4,2005-08-01,2026-04-10,20.7,232394.0,4.16,-25.66,0.58,0.16,1.64,52.6,5.36,-16.16,2022,18.89,0.338,249
"IEF,LQD,TLT,VNQ",4,2005-08-01,2026-04-10,20.7,244862.0,4.42,-30.62,0.57,0.14,1.6,53.4,5.73,-20.74,2022,18.04,0.318,249
"DBC,IEF,TLT,VNQ",4,2006-12-01,2026-04-10,19.4,216949.0,4.08,-32.26,0.43,0.13,1.47,54.5,6.03,-14.68,2013,25.8,0.073,233
"IEF,SLV,TLT,VNQ",4,2007-03-01,2026-04-10,19.1,205959.0,3.85,-37.78,0.39,0.1,1.37,51.3,6.22,-23.26,2023,27.12,0.142,230
"IEF,LQD,TIP,VNQ",4,2005-08-01,2026-04-10,20.7,233547.0,4.18,-27.77,0.65,0.15,1.74,55.8,5.35,-18.81,2022,14.94,0.31,249
"DBC,IEF,TIP,VNQ",4,2006-12-01,2026-04-10,19.4,180055.0,3.08,-25.66,0.42,0.12,1.48,56.2,5.65,-17.55,2013,16.51,0.114,233
"IEF,SLV,TIP,VNQ",4,2007-03-01,2026-04-10,19.1,174607.0,2.96,-30.12,0.41,0.1,1.4,53.9,5.41,-20.12,2023,16.26,0.162,230
"DBC,IEF,LQD,VNQ",4,2006-12-01,2026-04-10,19.4,191234.0,3.41,-30.12,0.42,0.11,1.48,57.1,5.86,-11.93,2013,16.61,0.123,233
"IEF,LQD,SLV,VNQ",4,2007-03-01,2026-04-10,19.1,164014.0,2.62,-40.73,0.35,0.06,1.33,49.1,6.05,-21.92,2023,15.54,0.163,230
"DBC,IEF,SLV,VNQ",4,2007-03-01,2026-04-10,19.1,196783.0,3.61,-31.77,0.37,0.11,1.37,54.8,6.29,-16.87,2023,18.56,0.099,230
"IEF,LQD,TIP,TLT",4,2004-10-01,2026-04-10,21.5,207222.0,3.44,-17.68,0.59,0.19,1.69,50.2,4.82,-9.3,2022,19.58,0.675,259
"DBC,IEF,TIP,TLT",4,2006-12-01,2026-04-10,19.4,193647.0,3.47,-26.7,0.44,0.13,1.54,50.2,5.51,-14.33,2013,21.66,0.333,233
"IEF,SLV,TIP,TLT",4,2007-03-01,2026-04-10,19.1,155793.0,2.35,-32.82,0.31,0.07,1.3,47.8,5.37,-20.04,2023,28.58,0.443,230
"DBC,IEF,LQD,TLT",4,2006-12-01,2026-04-10,19.4,223097.0,4.23,-35.06,0.48,0.12,1.62,52.8,5.59,-14.22,2013,20.97,0.277,233
"IEF,LQD,SLV,TLT",4,2007-03-01,2026-04-10,19.1,133292.0,1.52,-44.06,0.21,0.03,1.2,47.4,5.91,-21.53,2023,32.05,0.379,230
"DBC,IEF,SLV,TLT",4,2007-03-01,2026-04-10,19.1,171902.0,2.88,-39.7,0.3,0.07,1.29,47.0,6.23,-17.68,2023,25.56,0.17,230
"DBC,IEF,LQD,TIP",4,2006-12-01,2026-04-10,19.4,200663.0,3.66,-26.58,0.5,0.14,1.64,57.1,5.57,-14.28,2013,13.88,0.298,233
"IEF,LQD,SLV,TIP",4,2007-03-01,2026-04-10,19.1,151522.0,2.2,-36.34,0.33,0.06,1.32,52.6,5.49,-19.21,2023,28.08,0.379,230
"DBC,IEF,SLV,TIP",4,2007-03-01,2026-04-10,19.1,173496.0,2.93,-26.77,0.37,0.11,1.4,52.6,5.69,-14.36,2013,16.88,0.22,230
"DBC,IEF,LQD,SLV",4,2007-03-01,2026-04-10,19.1,179233.0,3.1,-34.99,0.37,0.09,1.4,51.7,6.03,-15.15,2023,15.14,0.185,230
"EEM,EFA,GLD,SPY",4,2005-10-03,2026-04-10,20.5,651149.0,9.56,-28.82,0.72,0.33,1.88,59.1,4.79,-13.64,2015,35.53,0.498,247
"EFA,GLD,SPY,VNQ",4,2005-10-03,2026-04-10,20.5,787302.0,10.58,-29.94,0.78,0.35,2.01,62.8,5.03,-11.54,2022,30.5,0.434,247
"EFA,GLD,SPY,TLT",4,2005-10-03,2026-04-10,20.5,683424.0,9.82,-25.61,0.87,0.38,2.07,63.2,5.36,-17.75,2018,24.34,0.112,247
"EFA,GLD,SPY,TIP",4,2005-10-03,2026-04-10,20.5,364795.0,6.51,-24.71,0.74,0.26,1.87,59.9,4.98,-18.01,2018,19.68,0.201,247
"EFA,GLD,LQD,SPY",4,2005-10-03,2026-04-10,20.5,473584.0,7.87,-20.35,0.85,0.39,2.05,61.9,5.02,-11.53,2018,19.48,0.28,247
"DBC,EFA,GLD,SPY",4,2006-12-01,2026-04-10,19.4,462871.0,8.24,-27.26,0.65,0.3,1.77,61.4,5.14,-12.87,2015,25.45,0.385,233
"EFA,GLD,SLV,SPY",4,2007-03-01,2026-04-10,19.1,606862.0,9.89,-27.26,0.71,0.36,1.8,59.1,5.12,-15.62,2015,37.61,0.403,230
"EEM,GLD,SPY,VNQ",4,2005-10-03,2026-04-10,20.5,840241.0,10.93,-29.75,0.79,0.37,2.06,62.8,5.06,-11.5,2022,37.68,0.421,247
"EEM,GLD,SPY,TLT",4,2005-10-03,2026-04-10,20.5,677444.0,9.77,-23.01,0.85,0.42,2.07,61.9,5.29,-14.14,2018,25.68,0.108,247
"EEM,GLD,SPY,TIP",4,2005-10-03,2026-04-10,20.5,358134.0,6.42,-22.39,0.71,0.29,1.85,59.9,5.04,-17.19,2015,22.48,0.189,247
"EEM,GLD,LQD,SPY",4,2005-10-03,2026-04-10,20.5,484075.0,7.99,-19.79,0.84,0.4,2.08,60.7,4.92,-11.53,2015,21.17,0.264,247
"DBC,EEM,GLD,SPY",4,2006-12-01,2026-04-10,19.4,499482.0,8.66,-26.08,0.67,0.33,1.81,61.4,5.05,-13.94,2015,32.31,0.378,233
"EEM,GLD,SLV,SPY",4,2007-03-01,2026-04-10,19.1,633326.0,10.14,-26.4,0.72,0.38,1.83,57.8,4.98,-16.95,2015,40.36,0.395,230
"GLD,SPY,TLT,VNQ",4,2005-10-03,2026-04-10,20.5,835188.0,10.9,-17.67,0.98,0.62,2.19,63.6,5.43,-12.04,2022,25.53,0.093,247
"GLD,SPY,TIP,VNQ",4,2005-10-03,2026-04-10,20.5,425298.0,7.31,-22.17,0.83,0.33,2.02,59.5,5.21,-12.08,2022,19.67,0.164,247
"GLD,LQD,SPY,VNQ",4,2005-10-03,2026-04-10,20.5,499446.0,8.15,-20.43,0.81,0.4,2.08,60.3,5.22,-12.33,2022,19.24,0.233,247
"DBC,GLD,SPY,VNQ",4,2006-12-01,2026-04-10,19.4,538937.0,9.09,-28.52,0.68,0.32,1.88,61.8,5.47,-11.58,2022,26.52,0.317,233
"GLD,SLV,SPY,VNQ",4,2007-03-01,2026-04-10,19.1,750238.0,11.12,-28.06,0.76,0.4,1.93,59.1,5.42,-12.99,2015,34.36,0.339,230
"GLD,SPY,TIP,TLT",4,2005-10-03,2026-04-10,20.5,444511.0,7.54,-22.71,0.87,0.33,2.06,62.3,5.44,-16.97,2018,27.99,0.129,247
"GLD,LQD,SPY,TLT",4,2005-10-03,2026-04-10,20.5,540748.0,8.57,-19.68,0.92,0.44,2.19,63.2,5.52,-13.02,2018,33.81,0.134,247
"DBC,GLD,SPY,TLT",4,2006-12-01,2026-04-10,19.4,530720.0,9.01,-22.44,0.8,0.4,1.99,59.7,5.55,-12.99,2018,37.29,0.073,233
"GLD,SLV,SPY,TLT",4,2007-03-01,2026-04-10,19.1,688900.0,10.63,-22.74,0.86,0.47,1.98,61.3,5.71,-15.24,2018,36.92,0.158,230
"GLD,LQD,SPY,TIP",4,2005-10-03,2026-04-10,20.5,342404.0,6.18,-19.09,0.84,0.32,2.0,62.3,5.17,-12.83,2018,14.43,0.184,247
"DBC,GLD,SPY,TIP",4,2006-12-01,2026-04-10,19.4,257187.0,5.0,-22.48,0.57,0.22,1.66,57.9,5.24,-16.92,2015,16.69,0.172,233
"GLD,SLV,SPY,TIP",4,2007-03-01,2026-04-10,19.1,327213.0,6.4,-24.21,0.7,0.26,1.74,58.7,5.14,-19.44,2015,22.34,0.237,230
"DBC,GLD,LQD,SPY",4,2006-12-01,2026-04-10,19.4,335504.0,6.45,-22.44,0.69,0.29,1.84,60.5,5.14,-10.1,2015,17.16,0.208,233
"GLD,LQD,SLV,SPY",4,2007-03-01,2026-04-10,19.1,423489.0,7.85,-20.28,0.81,0.39,1.93,58.7,5.16,-12.48,2015,25.57,0.264,230
"DBC,GLD,SLV,SPY",4,2007-03-01,2026-04-10,19.1,600424.0,9.83,-23.91,0.71,0.41,1.81,61.3,5.39,-16.7,2015,32.37,0.379,230
"EEM,EFA,GLD,VNQ",4,2005-10-03,2026-04-10,20.5,755996.0,10.36,-30.34,0.73,0.34,1.89,59.9,5.09,-12.5,2008,39.12,0.438,247
"EEM,EFA,GLD,TLT",4,2005-10-03,2026-04-10,20.5,591455.0,9.05,-21.51,0.75,0.42,1.86,58.3,5.38,-11.49,2015,31.11,0.138,247
"EEM,EFA,GLD,TIP",4,2005-10-03,2026-04-10,20.5,366494.0,6.53,-24.14,0.73,0.27,1.89,55.5,4.82,-15.59,2015,22.87,0.223,247
"EEM,EFA,GLD,LQD",4,2005-10-03,2026-04-10,20.5,462263.0,7.75,-19.51,0.8,0.4,2.0,56.7,4.86,-13.94,2015,26.27,0.295,247
"DBC,EEM,EFA,GLD",4,2006-12-01,2026-04-10,19.4,309000.0,6.0,-45.78,0.48,0.13,1.53,56.2,5.11,-16.25,2015,33.45,0.411,233
"EEM,EFA,GLD,SLV",4,2007-03-01,2026-04-10,19.1,377439.0,7.2,-48.24,0.53,0.15,1.56,53.0,4.92,-19.81,2015,45.25,0.435,230
"EFA,GLD,TLT,VNQ",4,2005-10-03,2026-04-10,20.5,721131.0,10.11,-22.79,0.87,0.44,1.96,60.7,5.66,-13.07,2015,24.31,0.104,247
"EFA,GLD,TIP,VNQ",4,2005-10-03,2026-04-10,20.5,395684.0,6.93,-24.29,0.77,0.29,1.89,58.3,5.14,-10.46,2018,20.19,0.178,247
"EFA,GLD,LQD,VNQ",4,2005-10-03,2026-04-10,20.5,460850.0,7.73,-23.11,0.75,0.33,1.94,60.3,5.34,-14.07,2015,21.56,0.244,247
"DBC,EFA,GLD,VNQ",4,2006-12-01,2026-04-10,19.4,415452.0,7.64,-30.77,0.57,0.25,1.68,59.7,5.7,-10.8,2015,28.25,0.331,233
"EFA,GLD,SLV,VNQ",4,2007-03-01,2026-04-10,19.1,590093.0,9.73,-30.01,0.67,0.32,1.73,60.0,5.61,-13.87,2015,38.62,0.36,230
"EFA,GLD,TIP,TLT",4,2005-10-03,2026-04-10,20.5,484885.0,8.0,-19.31,0.88,0.41,2.1,57.5,5.3,-8.8,2015,24.99,0.157,247
"EFA,GLD,LQD,TLT",4,2005-10-03,2026-04-10,20.5,507992.0,8.24,-19.58,0.86,0.42,2.06,57.1,5.5,-13.49,2015,25.16,0.16,247
"DBC,EFA,GLD,TLT",4,2006-12-01,2026-04-10,19.4,359348.0,6.83,-29.27,0.59,0.23,1.66,56.7,5.86,-13.63,2018,29.98,0.1,233
"EFA,GLD,SLV,TLT",4,2007-03-01,2026-04-10,19.1,490665.0,8.68,-24.96,0.69,0.35,1.7,57.4,6.0,-14.32,2015,37.37,0.192,230
"EFA,GLD,LQD,TIP",4,2005-10-03,2026-04-10,20.5,357549.0,6.41,-17.06,0.84,0.38,2.05,56.7,5.11,-13.2,2015,17.85,0.213,247
"DBC,EFA,GLD,TIP",4,2006-12-01,2026-04-10,19.4,227288.0,4.33,-29.35,0.51,0.15,1.58,54.5,5.26,-15.66,2015,17.13,0.202,233
"EFA,GLD,SLV,TIP",4,2007-03-01,2026-04-10,19.1,306431.0,6.03,-25.76,0.68,0.23,1.71,54.8,4.94,-18.4,2015,25.89,0.274,230
"DBC,EFA,GLD,LQD",4,2006-12-01,2026-04-10,19.4,283068.0,5.52,-21.04,0.59,0.26,1.71,55.8,5.23,-13.23,2015,17.48,0.236,233
"EFA,GLD,LQD,SLV",4,2007-03-01,2026-04-10,19.1,357774.0,6.9,-19.83,0.72,0.35,1.78,53.5,5.25,-15.82,2015,30.06,0.299,230
"DBC,EFA,GLD,SLV",4,2007-03-01,2026-04-10,19.1,326712.0,6.39,-50.57,0.49,0.13,1.5,53.9,5.57,-20.33,2015,35.5,0.417,230
"EEM,GLD,TLT,VNQ",4,2005-10-03,2026-04-10,20.5,677113.0,9.77,-20.12,0.82,0.49,1.96,58.7,5.6,-9.98,2018,27.61,0.105,247
"EEM,GLD,TIP,VNQ",4,2005-10-03,2026-04-10,20.5,366024.0,6.53,-21.83,0.71,0.3,1.89,57.1,5.13,-8.68,2018,23.1,0.171,247
"EEM,GLD,LQD,VNQ",4,2005-10-03,2026-04-10,20.5,453960.0,7.65,-19.69,0.73,0.39,1.98,58.3,5.23,-9.66,2008,23.32,0.234,247
"DBC,EEM,GLD,VNQ",4,2006-12-01,2026-04-10,19.4,441238.0,7.97,-34.72,0.58,0.23,1.71,57.9,5.69,-8.21,2013,35.78,0.329,233
"EEM,GLD,SLV,VNQ",4,2007-03-01,2026-04-10,19.1,560251.0,9.44,-36.45,0.64,0.26,1.73,58.3,5.46,-7.9,2011,42.23,0.358,230
"EEM,GLD,TIP,TLT",4,2005-10-03,2026-04-10,20.5,439108.0,7.48,-22.99,0.8,0.33,2.05,56.7,5.23,-6.62,2013,24.88,0.159,247
"EEM,GLD,LQD,TLT",4,2005-10-03,2026-04-10,20.5,481309.0,7.96,-22.99,0.81,0.35,2.09,56.3,5.36,-9.61,2018,25.09,0.157,247
"DBC,EEM,GLD,TLT",4,2006-12-01,2026-04-10,19.4,381395.0,7.16,-41.52,0.61,0.17,1.69,53.6,5.73,-13.37,2013,30.61,0.106,233
"EEM,GLD,SLV,TLT",4,2007-03-01,2026-04-10,19.1,468181.0,8.41,-37.81,0.66,0.22,1.7,55.7,5.8,-9.68,2013,41.11,0.197,230
"EEM,GLD,LQD,TIP",4,2005-10-03,2026-04-10,20.5,342890.0,6.19,-22.99,0.8,0.27,2.09,59.1,5.03,-5.33,2013,19.04,0.203,247
"DBC,EEM,GLD,TIP",4,2006-12-01,2026-04-10,19.4,224266.0,4.26,-35.95,0.5,0.12,1.58,52.8,5.09,-14.59,2014,19.93,0.2,233
"EEM,GLD,SLV,TIP",4,2007-03-01,2026-04-10,19.1,280928.0,5.55,-33.26,0.63,0.17,1.68,53.9,4.68,-14.71,2014,27.67,0.272,230
"DBC,EEM,GLD,LQD",4,2006-12-01,2026-04-10,19.4,294275.0,5.73,-21.04,0.61,0.27,1.76,55.8,5.05,-10.8,2013,19.52,0.23,233
"EEM,GLD,LQD,SLV",4,2007-03-01,2026-04-10,19.1,345776.0,6.71,-20.05,0.7,0.33,1.81,53.9,5.01,-9.9,2015,32.32,0.293,230
"DBC,EEM,GLD,SLV",4,2007-03-01,2026-04-10,19.1,334175.0,6.52,-60.32,0.48,0.11,1.49,51.3,5.39,-25.97,2014,39.34,0.419,230
"GLD,TIP,TLT,VNQ",4,2005-10-03,2026-04-10,20.5,472396.0,7.86,-18.82,0.9,0.42,2.12,55.9,5.39,-10.73,2013,25.85,0.163,247
"GLD,LQD,TLT,VNQ",4,2005-10-03,2026-04-10,20.5,567859.0,8.83,-18.46,0.94,0.48,2.16,56.7,5.62,-8.87,2018,25.66,0.156,247
"DBC,GLD,TLT,VNQ",4,2006-12-01,2026-04-10,19.4,447615.0,8.05,-25.03,0.7,0.32,1.78,56.7,5.9,-12.79,2013,31.09,0.077,233
"GLD,SLV,TLT,VNQ",4,2007-03-01,2026-04-10,19.1,530034.0,9.12,-31.72,0.72,0.29,1.7,54.8,6.18,-10.72,2018,33.47,0.173,230
"GLD,LQD,TIP,VNQ",4,2005-10-03,2026-04-10,20.5,371043.0,6.6,-15.89,0.88,0.42,2.13,57.9,5.26,-7.85,2018,15.5,0.191,247
"DBC,GLD,TIP,VNQ",4,2006-12-01,2026-04-10,19.4,241462.0,4.66,-26.3,0.53,0.18,1.61,54.5,5.46,-17.56,2013,17.35,0.16,233
"GLD,SLV,TIP,VNQ",4,2007-03-01,2026-04-10,19.1,280259.0,5.54,-30.18,0.6,0.18,1.62,55.2,5.24,-12.58,2013,23.1,0.236,230
"DBC,GLD,LQD,VNQ",4,2006-12-01,2026-04-10,19.4,279222.0,5.45,-23.62,0.54,0.23,1.68,54.9,5.5,-9.41,2013,16.2,0.183,233
"GLD,LQD,SLV,VNQ",4,2007-03-01,2026-04-10,19.1,323976.0,6.34,-24.84,0.6,0.26,1.69,53.9,5.56,-10.12,2015,26.95,0.25,230
"DBC,GLD,SLV,VNQ",4,2007-03-01,2026-04-10,19.1,469325.0,8.43,-39.35,0.58,0.21,1.63,54.3,6.08,-11.53,2013,31.11,0.346,230
"GLD,LQD,TIP,TLT",4,2005-10-03,2026-04-10,20.5,481960.0,7.97,-21.79,0.95,0.37,2.45,54.7,5.22,-5.43,2013,27.82,0.393,247
"DBC,GLD,TIP,TLT",4,2006-12-01,2026-04-10,19.4,315514.0,6.12,-21.87,0.68,0.28,1.87,51.5,5.5,-15.67,2013,31.05,0.219,233
"GLD,SLV,TIP,TLT",4,2007-03-01,2026-04-10,19.1,315534.0,6.2,-19.97,0.67,0.31,1.69,50.9,5.37,-15.97,2013,30.25,0.357,230
"DBC,GLD,LQD,TLT",4,2006-12-01,2026-04-10,19.4,360604.0,6.85,-20.01,0.71,0.34,1.96,54.5,5.35,-16.42,2013,34.94,0.177,233
"GLD,LQD,SLV,TLT",4,2007-03-01,2026-04-10,19.1,321144.0,6.3,-26.9,0.64,0.23,1.67,51.7,5.69,-16.76,2013,36.19,0.307,230
"DBC,GLD,SLV,TLT",4,2007-03-01,2026-04-10,19.1,396852.0,7.48,-42.31,0.58,0.18,1.61,49.1,6.33,-17.99,2013,39.4,0.258,230
"DBC,GLD,LQD,TIP",4,2006-12-01,2026-04-10,19.4,246979.0,4.78,-19.42,0.64,0.25,1.82,55.4,5.16,-14.92,2013,13.25,0.24,233
"GLD,LQD,SLV,TIP",4,2007-03-01,2026-04-10,19.1,222386.0,4.27,-22.93,0.57,0.19,1.58,55.2,5.13,-15.17,2013,21.51,0.35,230
"DBC,GLD,SLV,TIP",4,2007-03-01,2026-04-10,19.1,227011.0,4.38,-39.44,0.49,0.11,1.52,49.1,5.2,-15.37,2013,20.59,0.35,230
"DBC,GLD,LQD,SLV",4,2007-03-01,2026-04-10,19.1,280715.0,5.55,-27.6,0.56,0.2,1.62,50.4,5.33,-16.17,2013,24.12,0.33,230
"EEM,EFA,SPY,VNQ",4,2005-08-01,2026-04-10,20.7,479604.0,7.87,-34.78,0.54,0.23,1.7,58.2,4.83,-22.71,2022,48.1,0.778,249
"EEM,EFA,SPY,TLT",4,2004-02-02,2026-04-10,22.2,527252.0,7.78,-27.15,0.65,0.29,1.75,61.0,5.23,-22.41,2022,21.17,0.29,267
"EEM,EFA,SPY,TIP",4,2004-10-01,2026-04-10,21.5,256708.0,4.48,-26.59,0.52,0.17,1.59,62.2,4.75,-23.85,2022,18.69,0.387,259
"EEM,EFA,LQD,SPY",4,2004-02-02,2026-04-10,22.2,311673.0,5.26,-24.87,0.55,0.21,1.62,61.4,4.82,-21.81,2022,21.4,0.525,267
"DBC,EEM,EFA,SPY",4,2006-12-01,2026-04-10,19.4,312130.0,6.06,-39.05,0.45,0.16,1.53,57.9,5.08,-15.98,2011,41.34,0.648,233
"EEM,EFA,SLV,SPY",4,2007-03-01,2026-04-10,19.1,250836.0,4.93,-41.33,0.37,0.12,1.4,54.3,5.1,-27.51,2011,35.91,0.572,230
"EFA,SPY,TLT,VNQ",4,2005-08-01,2026-04-10,20.7,512930.0,8.22,-22.65,0.7,0.36,1.77,61.4,5.29,-24.06,2022,24.51,0.262,249
"EFA,SPY,TIP,VNQ",4,2005-08-01,2026-04-10,20.7,263696.0,4.8,-23.57,0.57,0.2,1.63,60.6,5.0,-25.18,2022,16.74,0.351,249
"EFA,LQD,SPY,VNQ",4,2005-08-01,2026-04-10,20.7,297838.0,5.42,-23.68,0.54,0.23,1.63,61.8,4.93,-23.15,2022,19.25,0.487,249
"DBC,EFA,SPY,VNQ",4,2006-12-01,2026-04-10,19.4,302307.0,5.88,-33.79,0.44,0.17,1.52,58.8,5.54,-11.43,2011,27.96,0.576,233
"EFA,SLV,SPY,VNQ",4,2007-03-01,2026-04-10,19.1,310790.0,6.11,-36.03,0.43,0.17,1.49,56.5,5.43,-24.04,2022,31.12,0.504,230
"EFA,SPY,TIP,TLT",4,2004-10-01,2026-04-10,21.5,287591.0,5.03,-27.56,0.58,0.18,1.65,61.8,5.29,-24.92,2022,24.48,0.14,259
"EFA,LQD,SPY,TLT",4,2003-06-02,2026-04-10,22.9,364342.0,5.82,-22.96,0.63,0.25,1.71,62.9,5.39,-22.53,2022,20.44,0.214,275
"DBC,EFA,SPY,TLT",4,2006-12-01,2026-04-10,19.4,358469.0,6.82,-24.11,0.58,0.28,1.67,61.8,5.71,-12.67,2018,29.6,0.151,233
"EFA,SLV,SPY,TLT",4,2007-03-01,2026-04-10,19.1,386116.0,7.33,-26.51,0.61,0.28,1.63,57.8,5.6,-23.64,2022,27.83,0.14,230
"EFA,LQD,SPY,TIP",4,2004-10-01,2026-04-10,21.5,225240.0,3.84,-24.14,0.52,0.16,1.58,63.7,5.1,-24.1,2022,13.98,0.279,259
"DBC,EFA,SPY,TIP",4,2006-12-01,2026-04-10,19.4,188165.0,3.32,-25.9,0.4,0.13,1.44,61.8,5.12,-18.0,2018,14.05,0.27,233
"EFA,SLV,SPY,TIP",4,2007-03-01,2026-04-10,19.1,212896.0,4.03,-26.48,0.47,0.15,1.48,60.4,5.04,-21.82,2022,16.9,0.239,230
"DBC,EFA,LQD,SPY",4,2006-12-01,2026-04-10,19.4,219845.0,4.15,-28.83,0.44,0.14,1.49,61.4,5.18,-14.9,2008,15.1,0.373,233
"EFA,LQD,SLV,SPY",4,2007-03-01,2026-04-10,19.1,229486.0,4.44,-27.44,0.48,0.16,1.49,57.8,5.08,-23.81,2022,18.0,0.334,230
"DBC,EFA,SLV,SPY",4,2007-03-01,2026-04-10,19.1,308648.0,6.07,-42.04,0.45,0.14,1.5,57.4,5.48,-12.63,2011,25.14,0.454,230
"EEM,SPY,TLT,VNQ",4,2005-08-01,2026-04-10,20.7,518078.0,8.28,-23.39,0.68,0.35,1.8,60.2,5.41,-25.1,2022,23.64,0.249,249
"EEM,SPY,TIP,VNQ",4,2005-08-01,2026-04-10,20.7,262823.0,4.78,-23.41,0.55,0.2,1.64,62.2,5.07,-25.08,2022,18.79,0.331,249
"EEM,LQD,SPY,VNQ",4,2005-08-01,2026-04-10,20.7,296729.0,5.4,-23.51,0.52,0.23,1.63,61.0,5.04,-24.27,2022,22.1,0.462,249
"DBC,EEM,SPY,VNQ",4,2006-12-01,2026-04-10,19.4,355798.0,6.78,-33.53,0.47,0.2,1.59,58.4,5.48,-13.54,2011,43.71,0.561,233
"EEM,SLV,SPY,VNQ",4,2007-03-01,2026-04-10,19.1,325528.0,6.37,-37.7,0.43,0.17,1.51,57.0,5.46,-25.24,2011,39.72,0.489,230
"EEM,SPY,TIP,TLT",4,2004-10-01,2026-04-10,21.5,288235.0,5.04,-25.58,0.56,0.2,1.66,64.1,5.34,-24.64,2022,24.22,0.129,259
"EEM,LQD,SPY,TLT",4,2004-02-02,2026-04-10,22.2,322936.0,5.43,-23.63,0.57,0.23,1.66,62.5,5.4,-23.36,2022,18.85,0.197,267
"DBC,EEM,SPY,TLT",4,2006-12-01,2026-04-10,19.4,376960.0,7.1,-23.19,0.59,0.31,1.72,60.5,5.55,-12.37,2018,30.1,0.143,233
"EEM,SLV,SPY,TLT",4,2007-03-01,2026-04-10,19.1,379173.0,7.22,-27.95,0.59,0.26,1.62,58.3,5.53,-24.37,2022,27.07,0.132,230
"EEM,LQD,SPY,TIP",4,2004-10-01,2026-04-10,21.5,228280.0,3.91,-22.98,0.51,0.17,1.59,63.7,5.15,-23.89,2022,13.96,0.256,259
"DBC,EEM,SPY,TIP",4,2006-12-01,2026-04-10,19.4,186095.0,3.26,-24.84,0.39,0.13,1.43,61.4,5.13,-16.24,2018,15.24,0.254,233
"EEM,SLV,SPY,TIP",4,2007-03-01,2026-04-10,19.1,211816.0,4.01,-24.58,0.46,0.16,1.47,58.7,5.04,-21.51,2022,19.32,0.224,230
"DBC,EEM,LQD,SPY",4,2006-12-01,2026-04-10,19.4,224080.0,4.26,-28.22,0.44,0.15,1.51,60.5,5.06,-14.46,2008,17.74,0.354,233
"EEM,LQD,SLV,SPY",4,2007-03-01,2026-04-10,19.1,229790.0,4.45,-28.77,0.47,0.15,1.49,57.0,5.03,-24.64,2022,20.33,0.315,230
"DBC,EEM,SLV,SPY",4,2007-03-01,2026-04-10,19.1,349036.0,6.76,-42.15,0.48,0.16,1.56,57.0,5.35,-16.29,2011,33.3,0.443,230
"SPY,TIP,TLT,VNQ",4,2005-08-01,2026-04-10,20.7,248935.0,4.51,-30.97,0.53,0.15,1.56,57.8,5.44,-27.17,2022,25.48,0.14,249
"LQD,SPY,TLT,VNQ",4,2005-08-01,2026-04-10,20.7,285855.0,5.21,-30.61,0.57,0.17,1.59,61.0,5.43,-25.02,2022,19.73,0.202,249
"DBC,SPY,TLT,VNQ",4,2006-12-01,2026-04-10,19.4,321476.0,6.22,-30.4,0.55,0.2,1.6,60.9,5.81,-12.72,2022,31.02,0.121,233
"SLV,SPY,TLT,VNQ",4,2007-03-01,2026-04-10,19.1,421003.0,7.81,-32.71,0.64,0.24,1.66,59.1,5.88,-25.33,2022,29.39,0.115,230
"LQD,SPY,TIP,VNQ",4,2005-08-01,2026-04-10,20.7,207785.0,3.6,-29.87,0.48,0.12,1.52,61.0,5.23,-25.09,2022,16.28,0.253,249
"DBC,SPY,TIP,VNQ",4,2006-12-01,2026-04-10,19.4,176840.0,2.99,-27.4,0.37,0.11,1.4,57.9,5.38,-18.16,2022,20.38,0.221,233
"SLV,SPY,TIP,VNQ",4,2007-03-01,2026-04-10,19.1,225394.0,4.34,-29.01,0.5,0.15,1.53,57.8,5.35,-22.03,2022,17.65,0.195,230
"DBC,LQD,SPY,VNQ",4,2006-12-01,2026-04-10,19.4,199967.0,3.64,-30.74,0.37,0.12,1.44,60.1,5.4,-14.49,2008,20.83,0.314,233
"LQD,SLV,SPY,VNQ",4,2007-03-01,2026-04-10,19.1,226594.0,4.37,-33.39,0.43,0.13,1.47,57.4,5.46,-26.05,2022,18.64,0.279,230
"DBC,SLV,SPY,VNQ",4,2007-03-01,2026-04-10,19.1,363026.0,6.98,-33.86,0.49,0.21,1.58,60.4,5.95,-11.86,2011,28.57,0.377,230
"LQD,SPY,TIP,TLT",4,2004-10-01,2026-04-10,21.5,239847.0,4.15,-29.57,0.53,0.14,1.59,62.9,5.43,-24.55,2022,27.6,0.265,259
"DBC,SPY,TIP,TLT",4,2006-12-01,2026-04-10,19.4,201789.0,3.69,-26.21,0.43,0.14,1.48,57.5,5.6,-18.48,2018,31.34,0.085,233
"SLV,SPY,TIP,TLT",4,2007-03-01,2026-04-10,19.1,238254.0,4.65,-28.12,0.52,0.17,1.53,59.1,5.53,-21.5,2022,30.26,0.121,230
"DBC,LQD,SPY,TLT",4,2006-12-01,2026-04-10,19.4,284042.0,5.54,-26.87,0.57,0.21,1.72,60.5,5.6,-10.27,2018,38.01,0.113,233
"LQD,SLV,SPY,TLT",4,2007-03-01,2026-04-10,19.1,275304.0,5.44,-33.11,0.56,0.16,1.61,59.6,5.7,-25.04,2022,38.58,0.14,230
"DBC,SLV,SPY,TLT",4,2007-03-01,2026-04-10,19.1,405843.0,7.61,-29.03,0.62,0.26,1.67,58.3,6.1,-12.25,2015,41.53,0.093,230
"DBC,LQD,SPY,TIP",4,2006-12-01,2026-04-10,19.4,169836.0,2.77,-24.23,0.38,0.11,1.43,60.5,5.3,-14.67,2018,13.54,0.193,233
"LQD,SLV,SPY,TIP",4,2007-03-01,2026-04-10,19.1,183892.0,3.24,-29.68,0.44,0.11,1.44,59.1,5.28,-22.3,2022,13.21,0.2,230
"DBC,SLV,SPY,TIP",4,2007-03-01,2026-04-10,19.1,191293.0,3.45,-27.76,0.4,0.12,1.42,59.6,5.47,-18.41,2015,14.78,0.202,230
"DBC,LQD,SLV,SPY",4,2007-03-01,2026-04-10,19.1,225499.0,4.35,-29.18,0.45,0.15,1.49,58.3,5.43,-11.67,2015,15.88,0.252,230
"EEM,EFA,TLT,VNQ",4,2005-08-01,2026-04-10,20.7,481147.0,7.89,-22.72,0.62,0.35,1.72,57.4,5.44,-18.14,2022,21.43,0.251,249
"EEM,EFA,TIP,VNQ",4,2005-08-01,2026-04-10,20.7,239720.0,4.32,-23.73,0.49,0.18,1.56,57.0,4.75,-18.27,2022,19.57,0.336,249
"EEM,EFA,LQD,VNQ",4,2005-08-01,2026-04-10,20.7,268793.0,4.9,-25.98,0.47,0.19,1.57,59.0,5.01,-17.61,2022,22.91,0.465,249
"DBC,EEM,EFA,VNQ",4,2006-12-01,2026-04-10,19.4,335714.0,6.46,-32.05,0.47,0.2,1.54,57.1,5.63,-14.94,2011,47.03,0.568,233
"EEM,EFA,SLV,VNQ",4,2007-03-01,2026-04-10,19.1,298986.0,5.9,-39.28,0.42,0.15,1.46,55.2,5.47,-26.55,2011,41.8,0.502,230
"EEM,EFA,TIP,TLT",4,2004-10-01,2026-04-10,21.5,332030.0,5.73,-19.46,0.63,0.29,1.78,58.3,4.91,-9.34,2022,22.3,0.148,259
"EEM,EFA,LQD,TLT",4,2004-02-02,2026-04-10,22.2,335245.0,5.6,-19.87,0.58,0.28,1.71,58.8,5.25,-13.88,2015,19.35,0.214,267
"DBC,EEM,EFA,TLT",4,2006-12-01,2026-04-10,19.4,310746.0,6.03,-30.43,0.48,0.2,1.55,58.4,5.79,-12.88,2018,26.31,0.162,233
"EEM,EFA,SLV,TLT",4,2007-03-01,2026-04-10,19.1,294399.0,5.81,-33.84,0.46,0.17,1.47,53.5,5.7,-18.24,2022,27.18,0.158,230
"EEM,EFA,LQD,TIP",4,2004-10-01,2026-04-10,21.5,245565.0,4.26,-19.46,0.56,0.22,1.68,59.1,4.8,-12.92,2015,15.26,0.275,259
"DBC,EEM,EFA,TIP",4,2006-12-01,2026-04-10,19.4,183047.0,3.17,-29.27,0.38,0.11,1.43,57.9,5.04,-14.74,2015,15.9,0.277,233
"EEM,EFA,SLV,TIP",4,2007-03-01,2026-04-10,19.1,195732.0,3.58,-25.65,0.43,0.14,1.44,52.6,4.62,-16.76,2015,19.8,0.253,230
"DBC,EEM,EFA,LQD",4,2006-12-01,2026-04-10,19.4,209177.0,3.89,-30.85,0.4,0.13,1.46,57.9,5.04,-18.26,2008,18.36,0.374,233
"EEM,EFA,LQD,SLV",4,2007-03-01,2026-04-10,19.1,192838.0,3.5,-28.31,0.38,0.12,1.39,51.3,4.98,-17.65,2022,20.82,0.342,230
"DBC,EEM,EFA,SLV",4,2007-03-01,2026-04-10,19.1,235646.0,4.59,-53.68,0.36,0.09,1.38,48.7,5.55,-18.13,2011,34.89,0.473,230
"EFA,TIP,TLT,VNQ",4,2005-08-01,2026-04-10,20.7,261831.0,4.76,-22.92,0.54,0.21,1.57,59.4,5.37,-18.88,2022,23.42,0.14,249
"EFA,LQD,TLT,VNQ",4,2005-08-01,2026-04-10,20.7,293544.0,5.34,-20.91,0.57,0.26,1.6,59.4,5.59,-18.12,2022,19.74,0.2,249
"DBC,EFA,TLT,VNQ",4,2006-12-01,2026-04-10,19.4,322630.0,6.24,-24.41,0.51,0.26,1.56,60.1,6.2,-12.9,2015,26.76,0.122,233
"EFA,SLV,TLT,VNQ",4,2007-03-01,2026-04-10,19.1,367594.0,7.05,-26.33,0.56,0.27,1.56,56.1,6.05,-18.33,2022,30.31,0.122,230
"EFA,LQD,TIP,VNQ",4,2005-08-01,2026-04-10,20.7,210162.0,3.65,-22.93,0.48,0.16,1.52,60.2,5.28,-18.7,2022,11.93,0.253,249
"DBC,EFA,TIP,VNQ",4,2006-12-01,2026-04-10,19.4,173918.0,2.9,-26.99,0.35,0.11,1.37,57.1,5.41,-12.57,2018,16.39,0.225,233
"EFA,SLV,TIP,VNQ",4,2007-03-01,2026-04-10,19.1,201843.0,3.74,-27.19,0.44,0.14,1.44,56.5,5.03,-15.2,2022,17.25,0.205,230
"DBC,EFA,LQD,VNQ",4,2006-12-01,2026-04-10,19.4,184029.0,3.2,-32.95,0.32,0.1,1.38,58.8,5.67,-18.72,2008,16.13,0.316,233
"EFA,LQD,SLV,VNQ",4,2007-03-01,2026-04-10,19.1,193621.0,3.52,-26.97,0.36,0.13,1.38,54.3,5.52,-19.42,2022,19.32,0.288,230
"DBC,EFA,SLV,VNQ",4,2007-03-01,2026-04-10,19.1,326988.0,6.4,-38.25,0.46,0.17,1.51,55.7,6.24,-13.08,2011,30.9,0.389,230
"EFA,LQD,TIP,TLT",4,2004-10-01,2026-04-10,21.5,288482.0,5.05,-18.65,0.63,0.27,1.77,58.3,5.3,-12.41,2015,24.26,0.28,259
"DBC,EFA,TIP,TLT",4,2006-12-01,2026-04-10,19.4,233382.0,4.48,-19.42,0.49,0.23,1.58,56.7,5.62,-13.59,2018,27.99,0.102,233
"EFA,SLV,TIP,TLT",4,2007-03-01,2026-04-10,19.1,243726.0,4.77,-22.09,0.54,0.22,1.55,53.9,5.17,-14.73,2022,27.01,0.144,230
"DBC,EFA,LQD,TLT",4,2006-12-01,2026-04-10,19.4,280074.0,5.46,-24.89,0.55,0.22,1.71,57.1,5.66,-13.16,2015,26.35,0.128,233
"EFA,LQD,SLV,TLT",4,2007-03-01,2026-04-10,19.1,230877.0,4.48,-31.77,0.48,0.14,1.5,51.7,5.65,-17.89,2022,27.04,0.161,230
"DBC,EFA,SLV,TLT",4,2007-03-01,2026-04-10,19.1,264305.0,5.22,-34.63,0.42,0.15,1.43,53.9,6.44,-15.24,2015,32.76,0.118,230
"DBC,EFA,LQD,TIP",4,2006-12-01,2026-04-10,19.4,196702.0,3.56,-19.42,0.46,0.18,1.56,58.8,5.37,-12.78,2015,10.23,0.211,233
"EFA,LQD,SLV,TIP",4,2007-03-01,2026-04-10,19.1,179895.0,3.12,-23.26,0.44,0.13,1.43,52.6,5.01,-16.2,2022,12.54,0.224,230
"DBC,EFA,SLV,TIP",4,2007-03-01,2026-04-10,19.1,176724.0,3.02,-35.78,0.36,0.08,1.38,54.3,5.42,-17.55,2015,15.19,0.23,230
"DBC,EFA,LQD,SLV",4,2007-03-01,2026-04-10,19.1,192563.0,3.49,-25.75,0.37,0.14,1.39,53.5,5.59,-15.15,2015,16.85,0.277,230
"EEM,TIP,TLT,VNQ",4,2005-08-01,2026-04-10,20.7,233742.0,4.19,-19.88,0.47,0.21,1.53,56.2,5.38,-18.45,2022,22.99,0.133,249
"EEM,LQD,TLT,VNQ",4,2005-08-01,2026-04-10,20.7,264888.0,4.82,-25.05,0.5,0.19,1.57,56.2,5.61,-20.7,2022,18.57,0.189,249
"DBC,EEM,TLT,VNQ",4,2006-12-01,2026-04-10,19.4,334376.0,6.43,-29.55,0.51,0.22,1.59,56.7,6.09,-9.62,2013,26.69,0.12,233
"EEM,SLV,TLT,VNQ",4,2007-03-01,2026-04-10,19.1,319374.0,6.26,-31.19,0.49,0.2,1.51,54.3,5.98,-20.66,2022,29.22,0.12,230
"EEM,LQD,TIP,VNQ",4,2005-08-01,2026-04-10,20.7,200154.0,3.41,-20.25,0.45,0.17,1.53,57.4,5.26,-18.58,2022,11.03,0.235,249
"DBC,EEM,TIP,VNQ",4,2006-12-01,2026-04-10,19.4,167131.0,2.69,-30.17,0.32,0.09,1.36,54.9,5.42,-11.87,2013,15.81,0.215,233
"EEM,SLV,TIP,VNQ",4,2007-03-01,2026-04-10,19.1,184449.0,3.26,-26.91,0.38,0.12,1.41,53.9,4.94,-14.82,2022,20.46,0.196,230
"DBC,EEM,LQD,VNQ",4,2006-12-01,2026-04-10,19.4,186076.0,3.26,-32.74,0.33,0.1,1.4,57.5,5.56,-18.87,2008,18.59,0.303,233
"EEM,LQD,SLV,VNQ",4,2007-03-01,2026-04-10,19.1,181113.0,3.16,-30.94,0.32,0.1,1.36,53.0,5.44,-22.01,2022,22.2,0.275,230
"DBC,EEM,SLV,VNQ",4,2007-03-01,2026-04-10,19.1,347628.0,6.74,-48.38,0.47,0.14,1.53,54.8,6.11,-15.13,2011,40.44,0.384,230
"EEM,LQD,TIP,TLT",4,2004-10-01,2026-04-10,21.5,262320.0,4.58,-26.24,0.53,0.17,1.74,56.0,5.24,-9.74,2018,24.21,0.27,259
"DBC,EEM,TIP,TLT",4,2006-12-01,2026-04-10,19.4,228708.0,4.37,-26.63,0.48,0.16,1.58,52.4,5.56,-12.44,2013,28.17,0.1,233
"EEM,SLV,TIP,TLT",4,2007-03-01,2026-04-10,19.1,216425.0,4.12,-23.57,0.47,0.17,1.49,52.2,5.04,-14.0,2022,26.87,0.142,230
"DBC,EEM,LQD,TLT",4,2006-12-01,2026-04-10,19.4,296153.0,5.77,-27.81,0.58,0.21,1.77,57.9,5.41,-11.81,2013,26.91,0.122,233
"EEM,LQD,SLV,TLT",4,2007-03-01,2026-04-10,19.1,215430.0,4.1,-33.32,0.44,0.12,1.49,50.9,5.45,-14.3,2022,26.92,0.156,230
"DBC,EEM,SLV,TLT",4,2007-03-01,2026-04-10,19.1,307638.0,6.06,-46.19,0.47,0.13,1.48,53.0,6.24,-14.93,2012,33.37,0.12,230
"DBC,EEM,LQD,TIP",4,2006-12-01,2026-04-10,19.4,201214.0,3.68,-20.42,0.49,0.18,1.61,57.9,5.3,-11.44,2013,11.89,0.198,233
"EEM,LQD,SLV,TIP",4,2007-03-01,2026-04-10,19.1,169343.0,2.79,-26.79,0.41,0.1,1.42,53.9,4.88,-15.72,2022,13.73,0.211,230
"DBC,EEM,SLV,TIP",4,2007-03-01,2026-04-10,19.1,175529.0,2.99,-38.86,0.35,0.08,1.37,53.0,5.21,-15.58,2014,16.9,0.225,230
"DBC,EEM,LQD,SLV",4,2007-03-01,2026-04-10,19.1,206107.0,3.86,-28.73,0.4,0.13,1.43,52.6,5.27,-11.37,2013,18.93,0.268,230
"LQD,TIP,TLT,VNQ",4,2005-08-01,2026-04-10,20.7,231528.0,4.14,-27.91,0.56,0.15,1.61,53.8,5.23,-19.01,2022,24.96,0.295,249
"DBC,TIP,TLT,VNQ",4,2006-12-01,2026-04-10,19.4,176624.0,2.98,-26.42,0.36,0.11,1.39,53.2,5.64,-18.31,2013,28.94,0.098,233
"SLV,TIP,TLT,VNQ",4,2007-03-01,2026-04-10,19.1,182016.0,3.18,-31.59,0.38,0.1,1.36,50.9,5.32,-21.24,2023,28.02,0.145,230
"DBC,LQD,TLT,VNQ",4,2006-12-01,2026-04-10,19.4,226097.0,4.3,-33.32,0.46,0.13,1.53,54.5,5.69,-10.21,2013,27.33,0.114,233
"LQD,SLV,TLT,VNQ",4,2007-03-01,2026-04-10,19.1,192358.0,3.48,-40.92,0.39,0.09,1.37,50.9,5.83,-23.33,2023,27.7,0.152,230
"DBC,SLV,TLT,VNQ",4,2007-03-01,2026-04-10,19.1,325140.0,6.36,-38.2,0.5,0.17,1.5,52.2,6.57,-20.89,2023,34.18,0.086,230
"DBC,LQD,TIP,VNQ",4,2006-12-01,2026-04-10,19.4,153182.0,2.23,-27.88,0.31,0.08,1.34,56.2,5.48,-13.45,2013,16.45,0.178,233
"LQD,SLV,TIP,VNQ",4,2007-03-01,2026-04-10,19.1,141220.0,1.82,-33.89,0.27,0.05,1.26,53.0,5.2,-20.5,2023,13.79,0.196,230
"DBC,SLV,TIP,VNQ",4,2007-03-01,2026-04-10,19.1,162766.0,2.58,-38.03,0.3,0.07,1.31,53.5,5.62,-18.22,2013,17.76,0.179,230
"DBC,LQD,SLV,VNQ",4,2007-03-01,2026-04-10,19.1,167465.0,2.73,-35.38,0.29,0.08,1.31,53.9,5.84,-16.74,2023,17.33,0.216,230
"DBC,LQD,TIP,TLT",4,2006-12-01,2026-04-10,19.4,226178.0,4.31,-27.44,0.53,0.16,1.69,55.8,5.47,-15.59,2013,29.72,0.279,233
"LQD,SLV,TIP,TLT",4,2007-03-01,2026-04-10,19.1,174286.0,2.95,-36.65,0.38,0.08,1.39,50.9,5.32,-20.08,2023,29.59,0.359,230
"DBC,SLV,TIP,TLT",4,2007-03-01,2026-04-10,19.1,205556.0,3.84,-27.5,0.42,0.14,1.46,50.4,5.69,-16.3,2013,32.96,0.198,230
"DBC,LQD,SLV,TLT",4,2007-03-01,2026-04-10,19.1,238380.0,4.65,-39.29,0.47,0.12,1.54,49.6,5.82,-17.47,2023,38.23,0.17,230
"DBC,LQD,SLV,TIP",4,2007-03-01,2026-04-10,19.1,163370.0,2.6,-29.8,0.35,0.09,1.38,51.3,5.45,-15.84,2013,13.31,0.243,230
"EFA,GLD,IEF,QQQ,SPY",5,2005-10-03,2026-04-10,20.5,621322.0,9.31,-16.26,0.98,0.57,2.28,61.9,5.13,-12.01,2022,20.13,0.227,247
"EEM,GLD,IEF,QQQ,SPY",5,2005-10-03,2026-04-10,20.5,641116.0,9.48,-16.14,0.97,0.59,2.34,62.8,5.08,-12.04,2022,18.8,0.219,247
"GLD,IEF,QQQ,SPY,VNQ",5,2005-10-03,2026-04-10,20.5,714889.0,10.06,-17.37,1.07,0.58,2.4,62.8,5.29,-14.3,2022,19.66,0.198,247
"GLD,IEF,QQQ,SPY,TLT",5,2005-10-03,2026-04-10,20.5,617604.0,9.28,-16.59,1.0,0.56,2.33,63.2,5.49,-12.73,2022,19.36,0.119,247
"GLD,IEF,QQQ,SPY,TIP",5,2005-10-03,2026-04-10,20.5,481143.0,7.96,-15.4,1.04,0.52,2.39,63.2,5.28,-12.94,2022,17.13,0.152,247
"GLD,IEF,LQD,QQQ,SPY",5,2005-10-03,2026-04-10,20.5,524992.0,8.42,-15.93,1.03,0.53,2.43,61.9,5.4,-12.4,2022,15.54,0.178,247
"DBC,GLD,IEF,QQQ,SPY",5,2006-12-01,2026-04-10,19.4,473733.0,8.37,-23.31,0.89,0.36,2.16,60.5,5.21,-11.89,2022,16.09,0.157,233
"GLD,IEF,QQQ,SLV,SPY",5,2007-03-01,2026-04-10,19.1,559727.0,9.43,-16.55,0.96,0.57,2.16,62.6,5.37,-12.26,2022,22.7,0.197,230
"EEM,EFA,GLD,IEF,QQQ",5,2005-10-03,2026-04-10,20.5,592245.0,9.06,-18.31,0.89,0.49,2.15,59.1,5.39,-3.55,2022,21.18,0.225,247
"EFA,GLD,IEF,QQQ,VNQ",5,2005-10-03,2026-04-10,20.5,698424.0,9.94,-15.55,1.04,0.64,2.31,60.7,5.52,-7.22,2022,18.44,0.193,247
"EFA,GLD,IEF,QQQ,TLT",5,2005-10-03,2026-04-10,20.5,582258.0,8.97,-16.22,0.93,0.55,2.18,59.5,5.77,-4.51,2018,20.16,0.122,247
"EFA,GLD,IEF,QQQ,TIP",5,2005-10-03,2026-04-10,20.5,475156.0,7.89,-16.31,0.98,0.48,2.29,61.5,5.46,-6.27,2018,15.83,0.156,247
"EFA,GLD,IEF,LQD,QQQ",5,2005-10-03,2026-04-10,20.5,538329.0,8.55,-16.16,1.02,0.53,2.37,59.5,5.6,-4.0,2022,16.7,0.181,247
"DBC,EFA,GLD,IEF,QQQ",5,2006-12-01,2026-04-10,19.4,422530.0,7.73,-20.01,0.82,0.39,2.02,58.8,5.48,-4.19,2022,18.75,0.161,233
"EFA,GLD,IEF,QQQ,SLV",5,2007-03-01,2026-04-10,19.1,488779.0,8.66,-16.08,0.86,0.54,1.97,59.1,5.81,-5.25,2022,25.12,0.205,230
"EEM,GLD,IEF,QQQ,VNQ",5,2005-10-03,2026-04-10,20.5,754026.0,10.35,-15.37,1.04,0.67,2.4,63.2,5.57,-7.46,2022,19.82,0.188,247
"EEM,GLD,IEF,QQQ,TLT",5,2005-10-03,2026-04-10,20.5,614180.0,9.25,-20.21,0.91,0.46,2.2,59.9,5.74,-3.91,2022,21.68,0.123,247
"EEM,GLD,IEF,QQQ,TIP",5,2005-10-03,2026-04-10,20.5,497219.0,8.13,-20.21,0.96,0.4,2.29,61.5,5.54,-4.25,2022,17.99,0.152,247
"EEM,GLD,IEF,LQD,QQQ",5,2005-10-03,2026-04-10,20.5,578180.0,8.93,-20.21,1.0,0.44,2.43,60.7,5.57,-3.87,2022,18.76,0.175,247
"DBC,EEM,GLD,IEF,QQQ",5,2006-12-01,2026-04-10,19.4,437336.0,7.92,-20.01,0.82,0.4,2.04,58.4,5.46,-3.29,2012,20.11,0.159,233
"EEM,GLD,IEF,QQQ,SLV",5,2007-03-01,2026-04-10,19.1,526821.0,9.08,-16.7,0.87,0.54,2.01,58.3,5.76,-5.07,2022,26.92,0.203,230
"GLD,IEF,QQQ,TLT,VNQ",5,2005-10-03,2026-04-10,20.5,755554.0,10.36,-15.7,1.08,0.66,2.38,62.8,5.92,-7.87,2022,18.61,0.121,247
"GLD,IEF,QQQ,TIP,VNQ",5,2005-10-03,2026-04-10,20.5,601107.0,9.14,-14.49,1.16,0.63,2.55,63.6,5.65,-7.55,2022,15.47,0.143,247
"GLD,IEF,LQD,QQQ,VNQ",5,2005-10-03,2026-04-10,20.5,660048.0,9.63,-15.29,1.15,0.63,2.53,63.2,5.83,-7.89,2022,15.81,0.163,247
"DBC,GLD,IEF,QQQ,VNQ",5,2006-12-01,2026-04-10,19.4,482592.0,8.47,-22.55,0.9,0.38,2.14,60.5,5.68,-8.34,2022,17.93,0.13,233
"GLD,IEF,QQQ,SLV,VNQ",5,2007-03-01,2026-04-10,19.1,613866.0,9.96,-18.31,0.99,0.54,2.15,62.6,5.99,-7.19,2022,22.4,0.176,230
"GLD,IEF,QQQ,TIP,TLT",5,2005-10-03,2026-04-10,20.5,537319.0,8.54,-17.3,0.99,0.49,2.35,59.5,5.78,-4.56,2022,17.36,0.245,247
"GLD,IEF,LQD,QQQ,TLT",5,2005-10-03,2026-04-10,20.5,562097.0,8.78,-17.3,0.99,0.51,2.37,61.1,5.96,-4.22,2022,17.4,0.226,247
"DBC,GLD,IEF,QQQ,TLT",5,2006-12-01,2026-04-10,19.4,460822.0,8.21,-20.08,0.87,0.41,2.13,58.4,5.75,-3.73,2022,19.85,0.107,233
"GLD,IEF,QQQ,SLV,TLT",5,2007-03-01,2026-04-10,19.1,529662.0,9.12,-17.29,0.88,0.53,2.0,60.0,6.14,-5.12,2022,22.37,0.191,230
"GLD,IEF,LQD,QQQ,TIP",5,2005-10-03,2026-04-10,20.5,523960.0,8.41,-17.3,1.09,0.49,2.57,61.1,5.74,-4.64,2022,15.86,0.237,247
"DBC,GLD,IEF,QQQ,TIP",5,2006-12-01,2026-04-10,19.4,362634.0,6.88,-19.49,0.87,0.35,2.16,60.5,5.56,-6.81,2022,15.9,0.147,233
"GLD,IEF,QQQ,SLV,TIP",5,2007-03-01,2026-04-10,19.1,436218.0,8.01,-15.0,0.97,0.53,2.12,59.1,5.65,-4.78,2022,19.08,0.219,230
"DBC,GLD,IEF,LQD,QQQ",5,2006-12-01,2026-04-10,19.4,400477.0,7.43,-20.01,0.89,0.37,2.23,59.7,5.62,-3.72,2022,14.26,0.146,233
"GLD,IEF,LQD,QQQ,SLV",5,2007-03-01,2026-04-10,19.1,460240.0,8.32,-18.63,0.97,0.45,2.14,60.4,5.95,-5.82,2022,19.97,0.212,230
"DBC,GLD,IEF,QQQ,SLV",5,2007-03-01,2026-04-10,19.1,451241.0,8.2,-22.39,0.81,0.37,1.95,58.7,5.85,-5.49,2022,21.21,0.199,230
"EEM,EFA,IEF,QQQ,SPY",5,2004-02-02,2026-04-10,22.2,516719.0,7.68,-25.01,0.75,0.31,1.94,63.3,5.12,-24.2,2022,20.7,0.4,267
"EFA,IEF,QQQ,SPY,VNQ",5,2005-08-01,2026-04-10,20.7,562261.0,8.7,-25.03,0.88,0.35,2.08,63.9,5.08,-25.67,2022,21.23,0.371,249
"EFA,IEF,QQQ,SPY,TLT",5,2003-06-02,2026-04-10,22.9,562005.0,7.85,-25.52,0.81,0.31,2.0,64.4,5.5,-25.49,2022,20.32,0.191,275
"EFA,IEF,QQQ,SPY,TIP",5,2004-10-01,2026-04-10,21.5,361039.0,6.15,-26.02,0.77,0.24,1.95,63.7,5.28,-26.71,2022,19.9,0.23,259
"EFA,IEF,LQD,QQQ,SPY",5,2003-06-02,2026-04-10,22.9,452998.0,6.83,-24.21,0.81,0.28,2.0,65.1,5.37,-24.24,2022,18.95,0.297,275
"DBC,EFA,IEF,QQQ,SPY",5,2006-12-01,2026-04-10,19.4,390821.0,7.3,-22.92,0.72,0.32,1.89,63.1,5.29,-9.87,2022,17.68,0.275,233
"EFA,IEF,QQQ,SLV,SPY",5,2007-03-01,2026-04-10,19.1,412667.0,7.7,-26.85,0.76,0.29,1.87,61.7,5.35,-25.91,2022,19.95,0.257,230
"EEM,IEF,QQQ,SPY,VNQ",5,2005-08-01,2026-04-10,20.7,568063.0,8.76,-25.54,0.85,0.34,2.09,63.5,5.22,-26.78,2022,20.48,0.358,249
"EEM,IEF,QQQ,SPY,TLT",5,2004-02-02,2026-04-10,22.2,496085.0,7.49,-25.59,0.75,0.29,1.95,64.4,5.53,-26.78,2022,20.31,0.182,267
"EEM,IEF,QQQ,SPY,TIP",5,2004-10-01,2026-04-10,21.5,373906.0,6.32,-25.47,0.76,0.25,1.99,65.6,5.34,-26.71,2022,19.47,0.218,259
"EEM,IEF,LQD,QQQ,SPY",5,2004-02-02,2026-04-10,22.2,408895.0,6.55,-24.5,0.75,0.27,1.95,61.8,5.45,-25.55,2022,18.16,0.282,267
"DBC,EEM,IEF,QQQ,SPY",5,2006-12-01,2026-04-10,19.4,395346.0,7.36,-22.79,0.71,0.32,1.92,61.8,5.23,-9.59,2022,18.46,0.265,233
"EEM,IEF,QQQ,SLV,SPY",5,2007-03-01,2026-04-10,19.1,414291.0,7.72,-28.07,0.74,0.28,1.88,60.0,5.4,-27.17,2022,19.46,0.248,230
"IEF,QQQ,SPY,TLT,VNQ",5,2005-08-01,2026-04-10,20.7,480135.0,7.88,-31.35,0.81,0.25,1.96,62.7,5.47,-28.93,2022,23.03,0.181,249
"IEF,QQQ,SPY,TIP,VNQ",5,2005-08-01,2026-04-10,20.7,347210.0,6.2,-30.5,0.78,0.2,1.93,61.8,5.41,-29.09,2022,16.95,0.213,249
"IEF,LQD,QQQ,SPY,VNQ",5,2005-08-01,2026-04-10,20.7,398490.0,6.91,-29.05,0.82,0.24,1.99,62.2,5.34,-26.46,2022,16.86,0.274,249
"DBC,IEF,QQQ,SPY,VNQ",5,2006-12-01,2026-04-10,19.4,367365.0,6.95,-30.2,0.69,0.23,1.84,61.4,5.47,-15.19,2022,23.46,0.24,233
"IEF,QQQ,SLV,SPY,VNQ",5,2007-03-01,2026-04-10,19.1,433869.0,7.98,-31.49,0.78,0.25,1.9,60.9,5.63,-28.05,2022,19.81,0.225,230
"IEF,QQQ,SPY,TIP,TLT",5,2004-10-01,2026-04-10,21.5,320678.0,5.56,-30.45,0.7,0.18,1.83,63.7,5.5,-28.79,2022,17.28,0.202,259
"IEF,LQD,QQQ,SPY,TLT",5,2003-06-02,2026-04-10,22.9,362161.0,5.79,-29.3,0.69,0.2,1.82,62.2,5.71,-26.38,2022,17.21,0.227,275
"DBC,IEF,QQQ,SPY,TLT",5,2006-12-01,2026-04-10,19.4,388412.0,7.26,-28.58,0.74,0.25,1.95,60.9,5.49,-11.82,2022,21.98,0.1,233
"IEF,QQQ,SLV,SPY,TLT",5,2007-03-01,2026-04-10,19.1,415890.0,7.74,-31.37,0.78,0.25,1.9,62.2,5.65,-27.95,2022,21.49,0.122,230
"IEF,LQD,QQQ,SPY,TIP",5,2004-10-01,2026-04-10,21.5,304645.0,5.31,-28.37,0.73,0.19,1.89,62.9,5.48,-26.34,2022,14.53,0.244,259
"DBC,IEF,QQQ,SPY,TIP",5,2006-12-01,2026-04-10,19.4,274191.0,5.35,-26.78,0.67,0.2,1.85,64.4,5.34,-17.47,2022,14.67,0.15,233
"IEF,QQQ,SLV,SPY,TIP",5,2007-03-01,2026-04-10,19.1,313890.0,6.17,-27.78,0.77,0.22,1.87,61.7,5.42,-24.62,2022,15.26,0.16,230
"DBC,IEF,LQD,QQQ,SPY",5,2006-12-01,2026-04-10,19.4,305987.0,5.95,-26.27,0.68,0.23,1.88,62.7,5.45,-9.35,2022,15.11,0.191,233
"IEF,LQD,QQQ,SLV,SPY",5,2007-03-01,2026-04-10,19.1,319009.0,6.26,-30.96,0.72,0.2,1.84,58.7,5.64,-27.53,2022,13.88,0.196,230
"DBC,IEF,QQQ,SLV,SPY",5,2007-03-01,2026-04-10,19.1,392432.0,7.42,-27.68,0.73,0.27,1.86,63.0,5.53,-13.35,2022,17.6,0.184,230
"EEM,EFA,IEF,QQQ,VNQ",5,2005-08-01,2026-04-10,20.7,538443.0,8.48,-20.83,0.82,0.41,2.03,61.4,5.32,-19.79,2022,19.5,0.347,249
"EEM,EFA,IEF,QQQ,TLT",5,2004-02-02,2026-04-10,22.2,482796.0,7.35,-18.19,0.71,0.4,1.91,61.0,5.67,-10.98,2022,23.24,0.18,267
"EEM,EFA,IEF,QQQ,TIP",5,2004-10-01,2026-04-10,21.5,384331.0,6.46,-18.6,0.77,0.35,2.04,61.0,5.24,-11.58,2022,18.2,0.217,259
"EEM,EFA,IEF,LQD,QQQ",5,2004-02-02,2026-04-10,22.2,426510.0,6.76,-18.19,0.76,0.37,2.0,60.3,5.51,-10.12,2022,19.08,0.28,267
"DBC,EEM,EFA,IEF,QQQ",5,2006-12-01,2026-04-10,19.4,389129.0,7.27,-20.68,0.7,0.35,1.87,59.2,5.39,-2.27,2012,18.97,0.264,233
"EEM,EFA,IEF,QQQ,SLV",5,2007-03-01,2026-04-10,19.1,360506.0,6.94,-25.76,0.66,0.27,1.75,57.8,5.66,-20.13,2022,22.72,0.251,230
"EFA,IEF,QQQ,TLT,VNQ",5,2005-08-01,2026-04-10,20.7,522539.0,8.32,-21.6,0.84,0.39,2.0,61.4,5.73,-21.31,2022,21.64,0.167,249
"EFA,IEF,QQQ,TIP,VNQ",5,2005-08-01,2026-04-10,20.7,389652.0,6.79,-21.69,0.84,0.31,2.04,62.2,5.53,-21.87,2022,18.01,0.201,249
"EFA,IEF,LQD,QQQ,VNQ",5,2005-08-01,2026-04-10,20.7,439046.0,7.41,-20.05,0.87,0.37,2.07,63.1,5.57,-19.74,2022,17.12,0.26,249
"DBC,EFA,IEF,QQQ,VNQ",5,2006-12-01,2026-04-10,19.4,390844.0,7.3,-22.85,0.72,0.32,1.88,60.9,5.7,-4.37,2022,19.28,0.229,233
"EFA,IEF,QQQ,SLV,VNQ",5,2007-03-01,2026-04-10,19.1,423319.0,7.84,-24.78,0.78,0.32,1.87,60.4,5.78,-21.06,2022,21.5,0.218,230
"EFA,IEF,QQQ,TIP,TLT",5,2004-10-01,2026-04-10,21.5,375033.0,6.33,-19.31,0.77,0.33,1.97,61.8,5.56,-13.01,2022,17.83,0.198,259
"EFA,IEF,LQD,QQQ,TLT",5,2003-06-02,2026-04-10,22.9,440010.0,6.7,-15.23,0.77,0.44,1.98,61.1,5.92,-10.8,2022,17.56,0.223,275
"DBC,EFA,IEF,QQQ,TLT",5,2006-12-01,2026-04-10,19.4,430988.0,7.84,-21.88,0.77,0.36,2.0,59.7,5.73,-3.08,2012,21.4,0.096,233
"EFA,IEF,QQQ,SLV,TLT",5,2007-03-01,2026-04-10,19.1,385392.0,7.31,-25.22,0.72,0.29,1.82,59.6,5.91,-20.64,2022,25.12,0.122,230
"EFA,IEF,LQD,QQQ,TIP",5,2004-10-01,2026-04-10,21.5,366190.0,6.22,-15.23,0.84,0.41,2.12,59.5,5.55,-11.49,2022,16.51,0.24,259
"DBC,EFA,IEF,QQQ,TIP",5,2006-12-01,2026-04-10,19.4,313348.0,6.08,-21.88,0.75,0.28,1.96,62.2,5.48,-6.33,2018,15.51,0.148,233
"EFA,IEF,QQQ,SLV,TIP",5,2007-03-01,2026-04-10,19.1,304252.0,6.0,-21.49,0.74,0.28,1.83,59.1,5.45,-18.04,2022,13.92,0.162,230
"DBC,EFA,IEF,LQD,QQQ",5,2006-12-01,2026-04-10,19.4,349907.0,6.68,-20.22,0.74,0.33,1.99,60.5,5.62,-2.96,2015,14.5,0.187,233
"EFA,IEF,LQD,QQQ,SLV",5,2007-03-01,2026-04-10,19.1,315045.0,6.19,-26.12,0.72,0.24,1.83,54.8,5.79,-20.64,2022,14.7,0.196,230
"DBC,EFA,IEF,QQQ,SLV",5,2007-03-01,2026-04-10,19.1,370909.0,7.1,-20.28,0.7,0.35,1.8,60.0,5.86,-3.39,2015,20.83,0.186,230
"EEM,IEF,QQQ,TLT,VNQ",5,2005-08-01,2026-04-10,20.7,526613.0,8.36,-22.3,0.8,0.37,2.01,61.8,5.9,-23.34,2022,22.35,0.162,249
"EEM,IEF,QQQ,TIP,VNQ",5,2005-08-01,2026-04-10,20.7,413623.0,7.1,-21.11,0.83,0.34,2.1,62.2,5.65,-21.92,2022,17.28,0.192,249
"EEM,IEF,LQD,QQQ,VNQ",5,2005-08-01,2026-04-10,20.7,461820.0,7.68,-21.41,0.85,0.36,2.11,60.6,5.72,-21.81,2022,18.12,0.248,249
"DBC,EEM,IEF,QQQ,VNQ",5,2006-12-01,2026-04-10,19.4,394738.0,7.35,-22.64,0.71,0.32,1.9,61.4,5.71,-4.38,2022,18.52,0.222,233
"EEM,IEF,QQQ,SLV,VNQ",5,2007-03-01,2026-04-10,19.1,434980.0,8.0,-26.7,0.76,0.3,1.89,61.3,5.93,-23.03,2022,22.32,0.211,230
"EEM,IEF,QQQ,TIP,TLT",5,2004-10-01,2026-04-10,21.5,387719.0,6.5,-21.77,0.72,0.3,1.98,59.8,5.66,-12.9,2022,18.37,0.194,259
"EEM,IEF,LQD,QQQ,TLT",5,2004-02-02,2026-04-10,22.2,397593.0,6.42,-22.16,0.68,0.29,1.91,61.4,5.91,-14.18,2022,19.56,0.214,267
"DBC,EEM,IEF,QQQ,TLT",5,2006-12-01,2026-04-10,19.4,427768.0,7.8,-21.67,0.75,0.36,2.0,59.7,5.65,-4.0,2012,22.18,0.094,233
"EEM,IEF,QQQ,SLV,TLT",5,2007-03-01,2026-04-10,19.1,381603.0,7.26,-26.95,0.69,0.27,1.79,60.4,5.96,-23.93,2022,25.56,0.12,230
"EEM,IEF,LQD,QQQ,TIP",5,2004-10-01,2026-04-10,21.5,385826.0,6.47,-21.77,0.78,0.3,2.16,60.6,5.64,-11.43,2022,17.75,0.229,259
"DBC,EEM,IEF,QQQ,TIP",5,2006-12-01,2026-04-10,19.4,318811.0,6.17,-21.67,0.75,0.28,2.0,62.2,5.54,-3.9,2018,15.22,0.142,233
"EEM,IEF,QQQ,SLV,TIP",5,2007-03-01,2026-04-10,19.1,319835.0,6.27,-21.22,0.75,0.3,1.85,58.7,5.52,-17.88,2022,15.69,0.156,230
"DBC,EEM,IEF,LQD,QQQ",5,2006-12-01,2026-04-10,19.4,361127.0,6.86,-20.09,0.75,0.34,2.03,60.5,5.55,-0.95,2015,15.22,0.179,233
"EEM,IEF,LQD,QQQ,SLV",5,2007-03-01,2026-04-10,19.1,322597.0,6.32,-28.66,0.7,0.22,1.83,57.0,5.87,-24.01,2022,16.52,0.188,230
"DBC,EEM,IEF,QQQ,SLV",5,2007-03-01,2026-04-10,19.1,374382.0,7.15,-21.11,0.68,0.34,1.79,58.7,5.79,-3.96,2012,21.74,0.182,230
"IEF,QQQ,TIP,TLT,VNQ",5,2005-08-01,2026-04-10,20.7,369770.0,6.52,-28.18,0.78,0.23,1.9,60.6,5.83,-26.18,2022,17.46,0.206,249
"IEF,LQD,QQQ,TLT,VNQ",5,2005-08-01,2026-04-10,20.7,413980.0,7.11,-25.87,0.81,0.27,1.95,62.7,5.98,-22.7,2022,16.58,0.222,249
"DBC,IEF,QQQ,TLT,VNQ",5,2006-12-01,2026-04-10,19.4,391133.0,7.3,-30.24,0.73,0.24,1.91,59.7,6.01,-8.78,2022,24.92,0.088,233
"IEF,QQQ,SLV,TLT,VNQ",5,2007-03-01,2026-04-10,19.1,452597.0,8.22,-28.49,0.8,0.29,1.9,60.4,6.24,-23.33,2022,23.58,0.117,230
"IEF,LQD,QQQ,TIP,VNQ",5,2005-08-01,2026-04-10,20.7,376004.0,6.61,-23.92,0.86,0.28,2.07,61.0,5.75,-21.35,2022,15.06,0.233,249
"DBC,IEF,QQQ,TIP,VNQ",5,2006-12-01,2026-04-10,19.4,287480.0,5.61,-28.24,0.7,0.2,1.87,60.9,5.77,-13.74,2022,16.87,0.129,233
"IEF,QQQ,SLV,TIP,VNQ",5,2007-03-01,2026-04-10,19.1,351373.0,6.8,-23.75,0.83,0.29,1.96,62.2,5.74,-18.65,2022,13.89,0.146,230
"DBC,IEF,LQD,QQQ,VNQ",5,2006-12-01,2026-04-10,19.4,326961.0,6.31,-25.87,0.71,0.24,1.92,61.8,5.85,-3.88,2022,17.55,0.162,233
"IEF,LQD,QQQ,SLV,VNQ",5,2007-03-01,2026-04-10,19.1,350903.0,6.79,-29.29,0.77,0.23,1.88,60.0,6.15,-23.58,2022,14.79,0.174,230
"DBC,IEF,QQQ,SLV,VNQ",5,2007-03-01,2026-04-10,19.1,400011.0,7.52,-26.66,0.73,0.28,1.86,61.7,6.13,-6.75,2022,20.22,0.151,230
"IEF,LQD,QQQ,TIP,TLT",5,2004-10-01,2026-04-10,21.5,352716.0,6.03,-16.95,0.78,0.36,1.98,59.5,5.67,-12.27,2022,17.37,0.363,259
"DBC,IEF,QQQ,TIP,TLT",5,2006-12-01,2026-04-10,19.4,305190.0,5.93,-28.19,0.7,0.21,1.92,61.4,5.74,-5.6,2018,19.16,0.17,233
"IEF,QQQ,SLV,TIP,TLT",5,2007-03-01,2026-04-10,19.1,320941.0,6.29,-22.73,0.72,0.28,1.83,58.7,5.83,-18.08,2022,19.08,0.224,230
"DBC,IEF,LQD,QQQ,TLT",5,2006-12-01,2026-04-10,19.4,373043.0,7.04,-24.87,0.77,0.28,2.11,59.7,5.77,-4.75,2024,17.76,0.165,233
"IEF,LQD,QQQ,SLV,TLT",5,2007-03-01,2026-04-10,19.1,310118.0,6.1,-30.29,0.68,0.2,1.77,58.7,6.17,-24.34,2022,18.99,0.213,230
"DBC,IEF,QQQ,SLV,TLT",5,2007-03-01,2026-04-10,19.1,397894.0,7.49,-24.79,0.73,0.3,1.87,59.6,6.2,-4.45,2012,23.4,0.103,230
"DBC,IEF,LQD,QQQ,TIP",5,2006-12-01,2026-04-10,19.4,309479.0,6.01,-23.88,0.78,0.25,2.1,61.8,5.68,-1.67,2006,11.5,0.193,233
"IEF,LQD,QQQ,SLV,TIP",5,2007-03-01,2026-04-10,19.1,303778.0,5.99,-24.61,0.78,0.24,1.9,59.1,5.8,-18.38,2022,13.93,0.23,230
"DBC,IEF,QQQ,SLV,TIP",5,2007-03-01,2026-04-10,19.1,300439.0,5.93,-22.81,0.71,0.26,1.87,61.3,5.79,-5.45,2022,14.01,0.149,230
"DBC,IEF,LQD,QQQ,SLV",5,2007-03-01,2026-04-10,19.1,324347.0,6.35,-24.36,0.71,0.26,1.88,58.3,6.04,-2.82,2015,12.2,0.156,230
"EEM,EFA,GLD,QQQ,SPY",5,2005-10-03,2026-04-10,20.5,734191.0,10.2,-28.82,0.74,0.35,1.94,59.5,4.68,-17.36,2008,36.13,0.55,247
"EFA,GLD,QQQ,SPY,VNQ",5,2005-10-03,2026-04-10,20.5,850523.0,11.0,-29.82,0.79,0.37,2.05,63.6,4.91,-15.88,2008,30.9,0.5,247
"EFA,GLD,QQQ,SPY,TLT",5,2005-10-03,2026-04-10,20.5,793036.0,10.62,-24.2,0.91,0.44,2.17,62.3,5.09,-14.96,2018,22.92,0.217,247
"EFA,GLD,QQQ,SPY,TIP",5,2005-10-03,2026-04-10,20.5,420175.0,7.25,-23.89,0.77,0.3,1.92,61.9,4.94,-16.07,2018,21.58,0.287,247
"EFA,GLD,LQD,QQQ,SPY",5,2005-10-03,2026-04-10,20.5,539813.0,8.56,-20.65,0.87,0.41,2.09,62.8,4.97,-11.9,2022,20.34,0.361,247
"DBC,EFA,GLD,QQQ,SPY",5,2006-12-01,2026-04-10,19.4,546813.0,9.17,-28.79,0.69,0.32,1.85,60.5,5.0,-11.28,2022,26.73,0.44,233
"EFA,GLD,QQQ,SLV,SPY",5,2007-03-01,2026-04-10,19.1,663137.0,10.41,-28.22,0.74,0.37,1.86,60.0,4.94,-11.5,2022,34.52,0.438,230
"EEM,GLD,QQQ,SPY,VNQ",5,2005-10-03,2026-04-10,20.5,952668.0,11.61,-29.65,0.81,0.39,2.13,64.0,4.9,-16.34,2008,37.66,0.489,247
"EEM,GLD,QQQ,SPY,TLT",5,2005-10-03,2026-04-10,20.5,816162.0,10.77,-22.3,0.9,0.48,2.19,61.9,5.02,-12.15,2022,24.3,0.212,247
"EEM,GLD,QQQ,SPY,TIP",5,2005-10-03,2026-04-10,20.5,431395.0,7.38,-23.69,0.76,0.31,1.94,61.9,4.98,-14.17,2015,24.33,0.277,247
"EEM,GLD,LQD,QQQ,SPY",5,2005-10-03,2026-04-10,20.5,566734.0,8.82,-20.41,0.87,0.43,2.14,61.9,4.89,-11.96,2022,22.67,0.349,247
"DBC,EEM,GLD,QQQ,SPY",5,2006-12-01,2026-04-10,19.4,611331.0,9.8,-28.05,0.72,0.35,1.92,63.1,4.91,-10.8,2022,33.29,0.432,233
"EEM,GLD,QQQ,SLV,SPY",5,2007-03-01,2026-04-10,19.1,734604.0,11.0,-27.68,0.76,0.4,1.92,59.6,4.83,-12.12,2015,36.5,0.43,230
"GLD,QQQ,SPY,TLT,VNQ",5,2005-10-03,2026-04-10,20.5,955811.0,11.63,-17.37,1.0,0.67,2.3,64.8,5.2,-14.43,2022,22.38,0.191,247
"GLD,QQQ,SPY,TIP,VNQ",5,2005-10-03,2026-04-10,20.5,502458.0,8.19,-21.52,0.88,0.38,2.1,62.8,5.07,-14.31,2022,21.66,0.249,247
"GLD,LQD,QQQ,SPY,VNQ",5,2005-10-03,2026-04-10,20.5,587156.0,9.01,-20.59,0.85,0.44,2.16,62.8,5.1,-14.1,2022,20.8,0.318,247
"DBC,GLD,QQQ,SPY,VNQ",5,2006-12-01,2026-04-10,19.4,641501.0,10.08,-30.32,0.73,0.33,1.98,63.1,5.28,-14.25,2022,27.53,0.384,233
"GLD,QQQ,SLV,SPY,VNQ",5,2007-03-01,2026-04-10,19.1,820142.0,11.64,-29.17,0.79,0.4,2.02,60.4,5.19,-13.37,2022,32.44,0.385,230
"GLD,QQQ,SPY,TIP,TLT",5,2005-10-03,2026-04-10,20.5,505968.0,8.22,-22.35,0.91,0.37,2.17,62.3,5.28,-15.07,2018,24.08,0.139,247
"GLD,LQD,QQQ,SPY,TLT",5,2005-10-03,2026-04-10,20.5,610737.0,9.22,-19.76,0.96,0.47,2.28,61.9,5.33,-12.54,2022,25.45,0.17,247
"DBC,GLD,QQQ,SPY,TLT",5,2006-12-01,2026-04-10,19.4,651512.0,10.17,-23.31,0.88,0.44,2.15,62.2,5.23,-12.01,2022,29.3,0.147,233
"GLD,QQQ,SLV,SPY,TLT",5,2007-03-01,2026-04-10,19.1,790387.0,11.42,-22.3,0.92,0.51,2.11,63.5,5.27,-12.48,2018,30.4,0.186,230
"GLD,LQD,QQQ,SPY,TIP",5,2005-10-03,2026-04-10,20.5,378738.0,6.71,-20.08,0.84,0.33,2.03,62.3,5.17,-12.74,2022,15.0,0.216,247
"DBC,GLD,QQQ,SPY,TIP",5,2006-12-01,2026-04-10,19.4,320569.0,6.2,-23.44,0.66,0.26,1.78,62.2,5.17,-14.53,2022,19.01,0.223,233
"GLD,QQQ,SLV,SPY,TIP",5,2007-03-01,2026-04-10,19.1,394700.0,7.45,-24.8,0.77,0.3,1.85,62.2,5.05,-15.65,2015,22.27,0.249,230
"DBC,GLD,LQD,QQQ,SPY",5,2006-12-01,2026-04-10,19.4,402848.0,7.46,-22.71,0.75,0.33,1.94,62.7,5.1,-11.7,2022,17.69,0.272,233
"GLD,LQD,QQQ,SLV,SPY",5,2007-03-01,2026-04-10,19.1,491301.0,8.69,-20.47,0.85,0.42,2.01,59.6,5.08,-12.62,2022,24.04,0.293,230
"DBC,GLD,QQQ,SLV,SPY",5,2007-03-01,2026-04-10,19.1,692519.0,10.66,-26.3,0.76,0.41,1.91,63.5,5.18,-12.04,2022,29.93,0.377,230
"EEM,EFA,GLD,QQQ,VNQ",5,2005-10-03,2026-04-10,20.5,925689.0,11.46,-30.04,0.8,0.38,2.04,59.5,5.12,-17.11,2008,38.82,0.486,247
"EEM,EFA,GLD,QQQ,TLT",5,2005-10-03,2026-04-10,20.5,846690.0,10.97,-18.31,0.9,0.6,2.17,60.3,5.29,-9.96,2015,26.88,0.217,247
"EEM,EFA,GLD,QQQ,TIP",5,2005-10-03,2026-04-10,20.5,442726.0,7.52,-25.08,0.76,0.3,1.96,60.7,5.05,-14.94,2015,24.74,0.283,247
"EEM,EFA,GLD,LQD,QQQ",5,2005-10-03,2026-04-10,20.5,613867.0,9.25,-21.38,0.9,0.43,2.19,60.7,5.04,-11.49,2008,23.1,0.354,247
"DBC,EEM,EFA,GLD,QQQ",5,2006-12-01,2026-04-10,19.4,598391.0,9.68,-29.4,0.71,0.33,1.89,58.8,5.24,-12.32,2008,34.26,0.438,233
"EEM,EFA,GLD,QQQ,SLV",5,2007-03-01,2026-04-10,19.1,702482.0,10.74,-28.79,0.74,0.37,1.86,57.4,5.27,-13.39,2015,39.13,0.441,230
"EFA,GLD,QQQ,TLT,VNQ",5,2005-10-03,2026-04-10,20.5,926367.0,11.46,-17.78,0.98,0.64,2.2,60.7,5.38,-9.91,2018,23.51,0.184,247
"EFA,GLD,QQQ,TIP,VNQ",5,2005-10-03,2026-04-10,20.5,495874.0,8.12,-22.75,0.86,0.36,2.06,59.9,5.21,-10.75,2015,22.17,0.244,247
"EFA,GLD,LQD,QQQ,VNQ",5,2005-10-03,2026-04-10,20.5,581443.0,8.96,-20.13,0.84,0.44,2.11,60.7,5.26,-11.99,2008,21.34,0.311,247
"DBC,EFA,GLD,QQQ,VNQ",5,2006-12-01,2026-04-10,19.4,584567.0,9.55,-31.69,0.7,0.3,1.9,61.4,5.51,-12.88,2008,28.81,0.379,233
"EFA,GLD,QQQ,SLV,VNQ",5,2007-03-01,2026-04-10,19.1,745617.0,11.09,-30.31,0.76,0.37,1.91,59.1,5.54,-10.56,2015,33.93,0.384,230
"EFA,GLD,QQQ,TIP,TLT",5,2005-10-03,2026-04-10,20.5,543038.0,8.6,-16.83,0.93,0.51,2.21,60.3,5.36,-10.72,2015,22.04,0.142,247
"EFA,GLD,LQD,QQQ,TLT",5,2005-10-03,2026-04-10,20.5,663123.0,9.66,-17.2,0.99,0.56,2.34,59.5,5.47,-10.19,2015,22.18,0.171,247
"DBC,EFA,GLD,QQQ,TLT",5,2006-12-01,2026-04-10,19.4,617411.0,9.86,-20.01,0.86,0.49,2.09,57.9,5.46,-9.4,2015,25.5,0.15,233
"EFA,GLD,QQQ,SLV,TLT",5,2007-03-01,2026-04-10,19.1,734646.0,11.0,-17.0,0.88,0.65,2.01,60.4,5.7,-11.46,2015,32.74,0.193,230
"EFA,GLD,LQD,QQQ,TIP",5,2005-10-03,2026-04-10,20.5,417035.0,7.21,-20.55,0.9,0.35,2.15,60.3,5.27,-10.79,2015,16.36,0.219,247
"DBC,EFA,GLD,QQQ,TIP",5,2006-12-01,2026-04-10,19.4,319956.0,6.19,-24.93,0.66,0.25,1.81,60.5,5.22,-14.74,2015,19.45,0.228,233
"EFA,GLD,QQQ,SLV,TIP",5,2007-03-01,2026-04-10,19.1,387104.0,7.34,-26.35,0.75,0.28,1.83,59.1,5.17,-16.67,2015,23.67,0.258,230
"DBC,EFA,GLD,LQD,QQQ",5,2006-12-01,2026-04-10,19.4,408409.0,7.54,-21.96,0.76,0.34,1.98,60.9,5.25,-13.03,2008,18.14,0.275,233
"EFA,GLD,LQD,QQQ,SLV",5,2007-03-01,2026-04-10,19.1,499276.0,8.78,-20.95,0.86,0.42,2.02,57.4,5.34,-11.08,2015,26.41,0.301,230
"DBC,EFA,GLD,QQQ,SLV",5,2007-03-01,2026-04-10,19.1,640816.0,10.21,-28.62,0.73,0.36,1.86,60.9,5.58,-12.97,2015,32.25,0.387,230
"EEM,GLD,QQQ,TLT,VNQ",5,2005-10-03,2026-04-10,20.5,1038219.0,12.08,-17.68,0.99,0.68,2.28,62.3,5.42,-9.5,2015,26.26,0.182,247
"EEM,GLD,QQQ,TIP,VNQ",5,2005-10-03,2026-04-10,20.5,535993.0,8.53,-22.47,0.87,0.38,2.11,61.9,5.28,-10.28,2015,25.01,0.237,247
"EEM,GLD,LQD,QQQ,VNQ",5,2005-10-03,2026-04-10,20.5,646994.0,9.53,-20.37,0.86,0.47,2.19,61.1,5.25,-12.4,2008,23.81,0.302,247
"DBC,EEM,GLD,QQQ,VNQ",5,2006-12-01,2026-04-10,19.4,657191.0,10.22,-31.08,0.72,0.33,1.96,61.4,5.51,-12.4,2008,35.73,0.375,233
"EEM,GLD,QQQ,SLV,VNQ",5,2007-03-01,2026-04-10,19.1,857710.0,11.9,-29.91,0.79,0.4,1.99,60.9,5.5,-10.82,2015,38.44,0.38,230
"EEM,GLD,QQQ,TIP,TLT",5,2005-10-03,2026-04-10,20.5,570831.0,8.86,-20.21,0.91,0.44,2.21,60.7,5.42,-9.77,2015,22.01,0.141,247
"EEM,GLD,LQD,QQQ,TLT",5,2005-10-03,2026-04-10,20.5,709464.0,10.02,-20.21,0.97,0.5,2.38,59.9,5.41,-10.06,2015,22.04,0.167,247
"DBC,EEM,GLD,QQQ,TLT",5,2006-12-01,2026-04-10,19.4,671229.0,10.34,-20.77,0.87,0.5,2.15,58.8,5.4,-9.1,2015,26.08,0.151,233
"EEM,GLD,QQQ,SLV,TLT",5,2007-03-01,2026-04-10,19.1,818384.0,11.63,-19.93,0.9,0.58,2.06,60.4,5.61,-11.28,2015,35.6,0.193,230
"EEM,GLD,LQD,QQQ,TIP",5,2005-10-03,2026-04-10,20.5,443391.0,7.53,-20.44,0.89,0.37,2.18,60.7,5.31,-10.02,2015,18.57,0.211,247
"DBC,EEM,GLD,QQQ,TIP",5,2006-12-01,2026-04-10,19.4,326678.0,6.31,-25.54,0.66,0.25,1.81,59.2,5.26,-15.45,2015,22.2,0.224,233
"EEM,GLD,QQQ,SLV,TIP",5,2007-03-01,2026-04-10,19.1,411878.0,7.69,-27.0,0.76,0.28,1.86,58.7,5.2,-17.45,2015,25.16,0.254,230
"DBC,EEM,GLD,LQD,QQQ",5,2006-12-01,2026-04-10,19.4,431111.0,7.84,-21.44,0.77,0.37,2.03,59.2,5.17,-12.73,2008,20.47,0.269,233
"EEM,GLD,LQD,QQQ,SLV",5,2007-03-01,2026-04-10,19.1,548985.0,9.32,-21.43,0.88,0.43,2.07,57.4,5.24,-11.08,2015,28.28,0.294,230
"DBC,EEM,GLD,QQQ,SLV",5,2007-03-01,2026-04-10,19.1,705483.0,10.76,-29.93,0.74,0.36,1.88,58.7,5.54,-14.33,2015,35.43,0.385,230
"GLD,QQQ,TIP,TLT,VNQ",5,2005-10-03,2026-04-10,20.5,619618.0,9.3,-17.49,1.0,0.53,2.26,60.7,5.54,-9.34,2015,22.74,0.131,247
"GLD,LQD,QQQ,TLT,VNQ",5,2005-10-03,2026-04-10,20.5,744447.0,10.28,-17.2,1.04,0.6,2.33,62.8,5.63,-8.68,2015,22.16,0.154,247
"DBC,GLD,QQQ,TLT,VNQ",5,2006-12-01,2026-04-10,19.4,671833.0,10.34,-22.55,0.89,0.46,2.1,61.4,5.65,-8.64,2022,26.04,0.121,233
"GLD,QQQ,SLV,TLT,VNQ",5,2007-03-01,2026-04-10,19.1,891914.0,12.13,-18.6,0.96,0.65,2.1,63.9,5.86,-10.56,2015,29.68,0.166,230
"GLD,LQD,QQQ,TIP,VNQ",5,2005-10-03,2026-04-10,20.5,475802.0,7.9,-19.98,0.97,0.4,2.21,62.3,5.42,-9.68,2015,15.38,0.191,247
"DBC,GLD,QQQ,TIP,VNQ",5,2006-12-01,2026-04-10,19.4,344094.0,6.59,-22.31,0.7,0.3,1.85,59.7,5.51,-10.66,2022,19.26,0.187,233
"GLD,QQQ,SLV,TIP,VNQ",5,2007-03-01,2026-04-10,19.1,460673.0,8.32,-24.19,0.84,0.34,1.97,61.3,5.43,-12.56,2015,23.01,0.22,230
"DBC,GLD,LQD,QQQ,VNQ",5,2006-12-01,2026-04-10,19.4,393956.0,7.34,-24.06,0.68,0.31,1.91,60.9,5.43,-13.41,2008,18.35,0.229,233
"GLD,LQD,QQQ,SLV,VNQ",5,2007-03-01,2026-04-10,19.1,523728.0,9.05,-20.31,0.81,0.45,2.0,59.6,5.56,-10.23,2015,23.66,0.257,230
"DBC,GLD,QQQ,SLV,VNQ",5,2007-03-01,2026-04-10,19.1,723242.0,10.91,-30.03,0.74,0.36,1.93,61.3,5.89,-10.18,2015,30.99,0.329,230
"GLD,LQD,QQQ,TIP,TLT",5,2005-10-03,2026-04-10,20.5,567663.0,8.83,-17.3,1.01,0.51,2.43,60.3,5.62,-9.65,2015,24.56,0.223,247
"DBC,GLD,QQQ,TIP,TLT",5,2006-12-01,2026-04-10,19.4,413394.0,7.61,-19.49,0.83,0.39,2.1,60.9,5.48,-9.62,2015,27.36,0.132,233
"GLD,QQQ,SLV,TIP,TLT",5,2007-03-01,2026-04-10,19.1,511826.0,8.92,-17.47,0.92,0.51,2.08,60.9,5.5,-12.01,2015,26.46,0.203,230
"DBC,GLD,LQD,QQQ,TLT",5,2006-12-01,2026-04-10,19.4,523248.0,8.93,-20.01,0.91,0.45,2.33,60.9,5.42,-8.17,2015,28.06,0.135,233
"GLD,LQD,QQQ,SLV,TLT",5,2007-03-01,2026-04-10,19.1,608140.0,9.91,-18.94,0.97,0.52,2.18,61.7,5.72,-10.49,2015,29.15,0.2,230
"DBC,GLD,QQQ,SLV,TLT",5,2007-03-01,2026-04-10,19.1,736549.0,11.01,-23.04,0.88,0.48,2.07,58.7,5.92,-10.7,2015,32.26,0.186,230
"DBC,GLD,LQD,QQQ,TIP",5,2006-12-01,2026-04-10,19.4,312761.0,6.07,-20.44,0.75,0.3,1.98,59.7,5.36,-9.61,2015,14.92,0.189,233
"GLD,LQD,QQQ,SLV,TIP",5,2007-03-01,2026-04-10,19.1,375573.0,7.17,-21.5,0.87,0.33,1.99,59.6,5.39,-11.93,2015,19.52,0.243,230
"DBC,GLD,QQQ,SLV,TIP",5,2007-03-01,2026-04-10,19.1,348172.0,6.75,-27.39,0.68,0.25,1.78,60.4,5.44,-18.0,2015,20.35,0.258,230
"DBC,GLD,LQD,QQQ,SLV",5,2007-03-01,2026-04-10,19.1,438426.0,8.04,-22.44,0.77,0.36,1.94,58.7,5.55,-9.92,2015,22.77,0.273,230
"EEM,EFA,QQQ,SPY,VNQ",5,2005-08-01,2026-04-10,20.7,722209.0,10.03,-30.73,0.66,0.33,1.89,60.6,4.79,-24.31,2022,46.78,0.777,249
"EEM,EFA,QQQ,SPY,TLT",5,2004-02-02,2026-04-10,22.2,701649.0,9.18,-25.29,0.73,0.36,1.88,62.9,5.21,-24.31,2022,22.9,0.394,267
"EEM,EFA,QQQ,SPY,TIP",5,2004-10-01,2026-04-10,21.5,329638.0,5.7,-25.54,0.6,0.22,1.69,62.5,4.84,-25.54,2022,20.44,0.468,259
"EEM,EFA,LQD,QQQ,SPY",5,2004-02-02,2026-04-10,22.2,404273.0,6.5,-23.39,0.63,0.28,1.72,61.4,4.91,-23.57,2022,22.83,0.577,267
"DBC,EEM,EFA,QQQ,SPY",5,2006-12-01,2026-04-10,19.4,454620.0,8.14,-34.39,0.56,0.24,1.68,59.7,4.92,-15.24,2011,41.56,0.669,233
"EEM,EFA,QQQ,SLV,SPY",5,2007-03-01,2026-04-10,19.1,354902.0,6.85,-39.75,0.47,0.17,1.53,58.3,5.08,-27.44,2011,35.66,0.611,230
"EFA,QQQ,SPY,TLT,VNQ",5,2005-08-01,2026-04-10,20.7,689461.0,9.78,-24.4,0.79,0.4,1.92,63.1,5.2,-25.79,2022,23.89,0.366,249
"EFA,QQQ,SPY,TIP,VNQ",5,2005-08-01,2026-04-10,20.7,345463.0,6.18,-25.27,0.67,0.24,1.76,62.7,4.98,-26.95,2022,21.09,0.435,249
"EFA,LQD,QQQ,SPY,VNQ",5,2005-08-01,2026-04-10,20.7,412037.0,7.08,-24.19,0.65,0.29,1.8,63.5,4.91,-24.55,2022,20.75,0.544,249
"DBC,EFA,QQQ,SPY,VNQ",5,2006-12-01,2026-04-10,19.4,446642.0,8.04,-31.62,0.55,0.25,1.69,61.4,5.4,-14.52,2008,28.01,0.614,233
"EFA,QQQ,SLV,SPY,VNQ",5,2007-03-01,2026-04-10,19.1,414726.0,7.73,-38.27,0.51,0.2,1.62,57.8,5.42,-26.12,2022,30.21,0.558,230
"EFA,QQQ,SPY,TIP,TLT",5,2004-10-01,2026-04-10,21.5,363604.0,6.18,-26.43,0.67,0.23,1.78,64.9,5.25,-26.81,2022,21.32,0.22,259
"EFA,LQD,QQQ,SPY,TLT",5,2003-06-02,2026-04-10,22.9,495735.0,7.26,-23.52,0.73,0.31,1.87,65.5,5.36,-24.38,2022,19.57,0.289,275
"DBC,EFA,QQQ,SPY,TLT",5,2006-12-01,2026-04-10,19.4,488777.0,8.54,-23.15,0.7,0.37,1.82,63.5,5.46,-9.98,2022,24.95,0.268,233
"EFA,QQQ,SLV,SPY,TLT",5,2007-03-01,2026-04-10,19.1,507893.0,8.88,-25.8,0.71,0.34,1.78,60.9,5.4,-26.02,2022,23.38,0.249,230
"EFA,LQD,QQQ,SPY,TIP",5,2004-10-01,2026-04-10,21.5,279289.0,4.89,-24.21,0.6,0.2,1.68,64.5,5.19,-25.59,2022,19.08,0.346,259
"DBC,EFA,QQQ,SPY,TIP",5,2006-12-01,2026-04-10,19.4,245878.0,4.76,-24.42,0.52,0.19,1.59,63.1,5.07,-16.04,2018,17.61,0.356,233
"EFA,QQQ,SLV,SPY,TIP",5,2007-03-01,2026-04-10,19.1,277029.0,5.48,-25.56,0.58,0.21,1.61,60.9,5.1,-23.99,2022,18.07,0.325,230
"DBC,EFA,LQD,QQQ,SPY",5,2006-12-01,2026-04-10,19.4,290343.0,5.66,-30.13,0.55,0.19,1.62,63.1,5.1,-19.17,2008,17.39,0.445,233
"EFA,LQD,QQQ,SLV,SPY",5,2007-03-01,2026-04-10,19.1,306805.0,6.04,-25.41,0.59,0.24,1.63,59.1,5.06,-25.76,2022,19.17,0.41,230
"DBC,EFA,QQQ,SLV,SPY",5,2007-03-01,2026-04-10,19.1,424736.0,7.86,-36.72,0.55,0.21,1.64,60.9,5.31,-14.17,2011,25.43,0.497,230
"EEM,QQQ,SPY,TLT,VNQ",5,2005-08-01,2026-04-10,20.7,733973.0,10.11,-25.21,0.79,0.4,1.96,62.7,5.31,-26.89,2022,24.26,0.355,249
"EEM,QQQ,SPY,TIP,VNQ",5,2005-08-01,2026-04-10,20.7,361532.0,6.41,-25.29,0.67,0.25,1.8,62.7,5.02,-27.04,2022,20.61,0.42,249
"EEM,LQD,QQQ,SPY,VNQ",5,2005-08-01,2026-04-10,20.7,426308.0,7.26,-24.68,0.65,0.29,1.81,61.8,5.02,-25.68,2022,23.45,0.527,249
"DBC,EEM,QQQ,SPY,VNQ",5,2006-12-01,2026-04-10,19.4,528456.0,8.98,-31.26,0.59,0.29,1.76,61.4,5.33,-14.07,2008,42.91,0.602,233
"EEM,QQQ,SLV,SPY,VNQ",5,2007-03-01,2026-04-10,19.1,464252.0,8.37,-39.12,0.54,0.21,1.66,60.0,5.43,-27.17,2022,38.1,0.546,230
"EEM,QQQ,SPY,TIP,TLT",5,2004-10-01,2026-04-10,21.5,382985.0,6.44,-25.17,0.67,0.26,1.82,63.7,5.28,-26.8,2022,21.19,0.21,259
"EEM,LQD,QQQ,SPY,TLT",5,2004-02-02,2026-04-10,22.2,454102.0,7.06,-24.3,0.69,0.29,1.84,62.5,5.44,-25.69,2022,19.39,0.277,267
"DBC,EEM,QQQ,SPY,TLT",5,2006-12-01,2026-04-10,19.4,527442.0,8.97,-22.79,0.71,0.39,1.89,61.4,5.32,-9.68,2022,25.26,0.261,233
"EEM,QQQ,SLV,SPY,TLT",5,2007-03-01,2026-04-10,19.1,529578.0,9.11,-27.58,0.71,0.33,1.8,60.0,5.36,-27.27,2022,24.41,0.242,230
"EEM,LQD,QQQ,SPY,TIP",5,2004-10-01,2026-04-10,21.5,293483.0,5.13,-23.87,0.61,0.21,1.72,64.5,5.22,-25.61,2022,18.37,0.329,259
"DBC,EEM,QQQ,SPY,TIP",5,2006-12-01,2026-04-10,19.4,254028.0,4.93,-23.4,0.53,0.21,1.61,62.7,5.07,-15.34,2022,17.52,0.344,233
"EEM,QQQ,SLV,SPY,TIP",5,2007-03-01,2026-04-10,19.1,289460.0,5.72,-23.99,0.59,0.24,1.64,59.6,5.1,-23.95,2022,21.03,0.313,230
"DBC,EEM,LQD,QQQ,SPY",5,2006-12-01,2026-04-10,19.4,300769.0,5.85,-29.83,0.55,0.2,1.64,62.2,5.01,-18.99,2008,19.78,0.431,233
"EEM,LQD,QQQ,SLV,SPY",5,2007-03-01,2026-04-10,19.1,317127.0,6.23,-26.99,0.59,0.23,1.65,58.7,5.08,-27.06,2022,21.65,0.396,230
"DBC,EEM,QQQ,SLV,SPY",5,2007-03-01,2026-04-10,19.1,491122.0,8.68,-33.88,0.59,0.26,1.71,60.4,5.19,-16.22,2011,33.06,0.487,230
"QQQ,SPY,TIP,TLT,VNQ",5,2005-08-01,2026-04-10,20.7,339392.0,6.08,-30.7,0.66,0.2,1.73,60.6,5.34,-29.18,2022,22.08,0.205,249
"LQD,QQQ,SPY,TLT,VNQ",5,2005-08-01,2026-04-10,20.7,416171.0,7.13,-29.48,0.72,0.24,1.82,60.2,5.32,-26.59,2022,19.69,0.269,249
"DBC,QQQ,SPY,TLT,VNQ",5,2006-12-01,2026-04-10,19.4,450981.0,8.09,-30.64,0.67,0.26,1.77,60.9,5.52,-15.3,2022,28.71,0.235,233
"QQQ,SLV,SPY,TLT,VNQ",5,2007-03-01,2026-04-10,19.1,565405.0,9.49,-31.71,0.75,0.3,1.82,61.7,5.64,-28.16,2022,25.0,0.219,230
"LQD,QQQ,SPY,TIP,VNQ",5,2005-08-01,2026-04-10,20.7,276362.0,5.04,-28.49,0.62,0.18,1.69,61.4,5.2,-26.74,2022,16.49,0.316,249
"DBC,QQQ,SPY,TIP,VNQ",5,2006-12-01,2026-04-10,19.4,243752.0,4.71,-28.06,0.52,0.17,1.59,60.5,5.19,-20.29,2022,20.68,0.312,233
"QQQ,SLV,SPY,TIP,VNQ",5,2007-03-01,2026-04-10,19.1,306594.0,6.04,-27.97,0.64,0.22,1.7,60.9,5.29,-25.04,2022,18.4,0.283,230
"DBC,LQD,QQQ,SPY,VNQ",5,2006-12-01,2026-04-10,19.4,277556.0,5.42,-31.94,0.5,0.17,1.6,60.9,5.29,-19.66,2008,21.53,0.395,233
"LQD,QQQ,SLV,SPY,VNQ",5,2007-03-01,2026-04-10,19.1,321875.0,6.31,-30.86,0.57,0.2,1.66,59.1,5.38,-27.76,2022,19.94,0.362,230
"DBC,QQQ,SLV,SPY,VNQ",5,2007-03-01,2026-04-10,19.1,502182.0,8.81,-33.33,0.59,0.26,1.74,61.3,5.74,-15.46,2022,27.84,0.436,230
"LQD,QQQ,SPY,TIP,TLT",5,2004-10-01,2026-04-10,21.5,306400.0,5.34,-28.34,0.64,0.19,1.75,62.2,5.4,-26.44,2022,23.96,0.234,259
"DBC,QQQ,SPY,TIP,TLT",5,2006-12-01,2026-04-10,19.4,267583.0,5.22,-26.89,0.57,0.19,1.67,62.7,5.37,-17.56,2022,27.23,0.14,233
"QQQ,SLV,SPY,TIP,TLT",5,2007-03-01,2026-04-10,19.1,316483.0,6.21,-27.7,0.66,0.22,1.71,60.9,5.39,-24.71,2022,25.95,0.149,230
"DBC,LQD,QQQ,SPY,TLT",5,2006-12-01,2026-04-10,19.4,367323.0,6.95,-26.61,0.68,0.26,1.9,63.5,5.4,-9.49,2022,27.1,0.184,233
"LQD,QQQ,SLV,SPY,TLT",5,2007-03-01,2026-04-10,19.1,368693.0,7.07,-31.04,0.69,0.23,1.78,59.6,5.53,-27.67,2022,27.35,0.188,230
"DBC,QQQ,SLV,SPY,TLT",5,2007-03-01,2026-04-10,19.1,535307.0,9.18,-28.3,0.73,0.32,1.84,61.3,5.71,-13.45,2022,32.03,0.175,230
"DBC,LQD,QQQ,SPY,TIP",5,2006-12-01,2026-04-10,19.4,215425.0,4.04,-24.65,0.5,0.16,1.58,63.9,5.25,-15.12,2022,14.35,0.249,233
"LQD,QQQ,SLV,SPY,TIP",5,2007-03-01,2026-04-10,19.1,239055.0,4.67,-27.3,0.57,0.17,1.6,59.1,5.31,-24.32,2022,13.64,0.241,230
"DBC,QQQ,SLV,SPY,TIP",5,2007-03-01,2026-04-10,19.1,255210.0,5.02,-25.63,0.53,0.2,1.59,62.6,5.37,-16.0,2022,16.05,0.257,230
"DBC,LQD,QQQ,SLV,SPY",5,2007-03-01,2026-04-10,19.1,293841.0,5.8,-27.41,0.56,0.21,1.63,60.9,5.3,-13.06,2022,16.47,0.314,230
"EEM,EFA,QQQ,TLT,VNQ",5,2005-08-01,2026-04-10,20.7,714228.0,9.97,-19.38,0.78,0.51,1.92,61.4,5.39,-20.07,2022,24.15,0.343,249
"EEM,EFA,QQQ,TIP,VNQ",5,2005-08-01,2026-04-10,20.7,350257.0,6.25,-22.25,0.65,0.28,1.77,59.4,4.97,-20.52,2022,21.31,0.41,249
"EEM,EFA,LQD,QQQ,VNQ",5,2005-08-01,2026-04-10,20.7,407842.0,7.03,-24.85,0.63,0.28,1.78,59.4,5.07,-19.19,2022,24.18,0.514,249
"DBC,EEM,EFA,QQQ,VNQ",5,2006-12-01,2026-04-10,19.4,506458.0,8.74,-31.94,0.57,0.27,1.73,60.5,5.59,-15.27,2008,44.91,0.592,233
"EEM,EFA,QQQ,SLV,VNQ",5,2007-03-01,2026-04-10,19.1,419053.0,7.79,-39.5,0.5,0.2,1.61,57.8,5.68,-26.78,2011,39.63,0.54,230
"EEM,EFA,QQQ,TIP,TLT",5,2004-10-01,2026-04-10,21.5,431563.0,7.03,-19.07,0.73,0.37,1.95,61.0,5.12,-11.95,2018,19.88,0.208,259
"EEM,EFA,LQD,QQQ,TLT",5,2004-02-02,2026-04-10,22.2,514652.0,7.66,-18.23,0.75,0.42,1.97,61.8,5.45,-10.43,2015,20.8,0.274,267
"DBC,EEM,EFA,QQQ,TLT",5,2006-12-01,2026-04-10,19.4,573256.0,9.44,-20.68,0.74,0.46,1.93,61.4,5.52,-8.45,2015,23.19,0.259,233
"EEM,EFA,QQQ,SLV,TLT",5,2007-03-01,2026-04-10,19.1,507981.0,8.88,-23.68,0.69,0.37,1.77,58.3,5.69,-20.51,2022,27.92,0.244,230
"EEM,EFA,LQD,QQQ,TIP",5,2004-10-01,2026-04-10,21.5,335896.0,5.79,-21.22,0.69,0.27,1.89,61.0,5.09,-10.97,2022,18.61,0.327,259
"DBC,EEM,EFA,QQQ,TIP",5,2006-12-01,2026-04-10,19.4,277600.0,5.42,-24.23,0.57,0.22,1.68,60.1,5.06,-13.81,2015,18.32,0.344,233
"EEM,EFA,QQQ,SLV,TIP",5,2007-03-01,2026-04-10,19.1,281077.0,5.56,-25.4,0.58,0.22,1.63,58.3,5.04,-17.72,2022,21.51,0.317,230
"DBC,EEM,EFA,LQD,QQQ",5,2006-12-01,2026-04-10,19.4,334547.0,6.44,-31.35,0.6,0.21,1.72,62.7,5.06,-21.07,2008,20.38,0.43,233
"EEM,EFA,LQD,QQQ,SLV",5,2007-03-01,2026-04-10,19.1,319771.0,6.27,-24.33,0.6,0.26,1.67,56.1,5.18,-20.35,2022,22.15,0.398,230
"DBC,EEM,EFA,QQQ,SLV",5,2007-03-01,2026-04-10,19.1,476420.0,8.51,-32.52,0.57,0.26,1.69,59.1,5.63,-17.6,2011,34.3,0.492,230
"EFA,QQQ,TIP,TLT,VNQ",5,2005-08-01,2026-04-10,20.7,376088.0,6.61,-21.25,0.71,0.31,1.8,59.8,5.43,-22.02,2022,20.66,0.191,249
"EFA,LQD,QQQ,TLT,VNQ",5,2005-08-01,2026-04-10,20.7,453028.0,7.58,-19.13,0.76,0.4,1.87,59.8,5.51,-19.96,2022,18.35,0.254,249
"DBC,EFA,QQQ,TLT,VNQ",5,2006-12-01,2026-04-10,19.4,509056.0,8.77,-22.85,0.72,0.38,1.82,60.9,5.85,-8.8,2015,25.16,0.222,233
"EFA,QQQ,SLV,TLT,VNQ",5,2007-03-01,2026-04-10,19.1,552832.0,9.36,-23.35,0.74,0.4,1.8,59.6,5.8,-21.34,2022,27.19,0.21,230
"EFA,LQD,QQQ,TIP,VNQ",5,2005-08-01,2026-04-10,20.7,301485.0,5.48,-20.4,0.67,0.27,1.77,60.2,5.34,-20.5,2022,17.33,0.302,249
"DBC,EFA,QQQ,TIP,VNQ",5,2006-12-01,2026-04-10,19.4,260548.0,5.07,-22.14,0.56,0.23,1.64,60.9,5.33,-10.77,2018,17.48,0.3,233
"EFA,QQQ,SLV,TIP,VNQ",5,2007-03-01,2026-04-10,19.1,302056.0,5.96,-23.44,0.64,0.25,1.69,60.0,5.25,-18.52,2022,19.0,0.276,230
"DBC,EFA,LQD,QQQ,VNQ",5,2006-12-01,2026-04-10,19.4,289640.0,5.65,-33.49,0.51,0.17,1.63,60.5,5.47,-21.94,2008,17.98,0.383,233
"EFA,LQD,QQQ,SLV,VNQ",5,2007-03-01,2026-04-10,19.1,312130.0,6.14,-24.08,0.56,0.25,1.64,58.3,5.45,-21.3,2022,20.58,0.353,230
"DBC,EFA,QQQ,SLV,VNQ",5,2007-03-01,2026-04-10,19.1,469048.0,8.42,-34.74,0.56,0.24,1.7,60.4,6.05,-14.07,2011,28.94,0.429,230
"EFA,LQD,QQQ,TIP,TLT",5,2004-10-01,2026-04-10,21.5,395277.0,6.59,-15.85,0.79,0.42,2.02,61.4,5.39,-11.64,2022,21.84,0.229,259
"DBC,EFA,QQQ,TIP,TLT",5,2006-12-01,2026-04-10,19.4,332540.0,6.4,-21.88,0.69,0.29,1.85,60.9,5.43,-10.06,2015,24.95,0.136,233
"EFA,QQQ,SLV,TIP,TLT",5,2007-03-01,2026-04-10,19.1,332750.0,6.49,-21.13,0.69,0.31,1.77,59.6,5.33,-18.21,2022,23.79,0.149,230
"DBC,EFA,LQD,QQQ,TLT",5,2006-12-01,2026-04-10,19.4,446014.0,8.03,-20.22,0.78,0.4,2.06,61.4,5.49,-9.65,2015,22.76,0.18,233
"EFA,LQD,QQQ,SLV,TLT",5,2007-03-01,2026-04-10,19.1,387024.0,7.34,-25.64,0.73,0.29,1.84,57.8,5.63,-20.91,2022,23.89,0.187,230
"DBC,EFA,QQQ,SLV,TLT",5,2007-03-01,2026-04-10,19.1,539561.0,9.22,-20.86,0.73,0.44,1.83,61.3,6.05,-9.95,2015,27.81,0.176,230
"DBC,EFA,LQD,QQQ,TIP",5,2006-12-01,2026-04-10,19.4,269271.0,5.25,-20.46,0.64,0.26,1.8,61.8,5.36,-10.28,2015,14.4,0.246,233
"EFA,LQD,QQQ,SLV,TIP",5,2007-03-01,2026-04-10,19.1,256993.0,5.06,-22.13,0.64,0.23,1.68,58.3,5.27,-18.27,2022,14.66,0.242,230
"DBC,EFA,QQQ,SLV,TIP",5,2007-03-01,2026-04-10,19.1,269177.0,5.32,-25.52,0.56,0.21,1.63,60.9,5.4,-15.55,2015,16.0,0.26,230
"DBC,EFA,LQD,QQQ,SLV",5,2007-03-01,2026-04-10,19.1,310381.0,6.11,-25.72,0.59,0.24,1.68,60.0,5.5,-11.8,2008,17.0,0.316,230
"EEM,QQQ,TIP,TLT,VNQ",5,2005-08-01,2026-04-10,20.7,402198.0,6.96,-21.19,0.71,0.33,1.84,59.4,5.53,-22.07,2022,20.44,0.184,249
"EEM,LQD,QQQ,TLT,VNQ",5,2005-08-01,2026-04-10,20.7,478243.0,7.86,-21.37,0.75,0.37,1.9,58.6,5.66,-22.03,2022,19.51,0.245,249
"DBC,EEM,QQQ,TLT,VNQ",5,2006-12-01,2026-04-10,19.4,551976.0,9.23,-22.64,0.73,0.41,1.87,60.5,5.8,-8.58,2015,25.4,0.218,233
"EEM,QQQ,SLV,TLT,VNQ",5,2007-03-01,2026-04-10,19.1,594016.0,9.77,-26.01,0.75,0.38,1.83,59.1,5.89,-23.31,2022,29.68,0.206,230
"EEM,LQD,QQQ,TIP,VNQ",5,2005-08-01,2026-04-10,20.7,326567.0,5.89,-20.01,0.68,0.29,1.82,59.8,5.42,-20.6,2022,17.64,0.288,249
"DBC,EEM,QQQ,TIP,VNQ",5,2006-12-01,2026-04-10,19.4,269536.0,5.26,-21.85,0.56,0.24,1.66,60.1,5.38,-9.5,2022,17.97,0.292,233
"EEM,QQQ,SLV,TIP,VNQ",5,2007-03-01,2026-04-10,19.1,327545.0,6.41,-23.19,0.66,0.28,1.74,60.0,5.29,-18.51,2022,22.09,0.268,230
"DBC,EEM,LQD,QQQ,VNQ",5,2006-12-01,2026-04-10,19.4,302331.0,5.88,-33.36,0.52,0.18,1.66,61.4,5.44,-21.98,2008,20.69,0.372,233
"EEM,LQD,QQQ,SLV,VNQ",5,2007-03-01,2026-04-10,19.1,335771.0,6.54,-26.87,0.58,0.24,1.68,58.3,5.55,-23.36,2022,23.24,0.343,230
"DBC,EEM,QQQ,SLV,VNQ",5,2007-03-01,2026-04-10,19.1,525157.0,9.07,-31.59,0.59,0.29,1.74,60.4,6.01,-15.51,2011,37.16,0.423,230
"EEM,LQD,QQQ,TIP,TLT",5,2004-10-01,2026-04-10,21.5,417451.0,6.87,-21.77,0.75,0.32,2.06,62.2,5.46,-11.58,2022,21.78,0.22,259
"DBC,EEM,QQQ,TIP,TLT",5,2006-12-01,2026-04-10,19.4,341512.0,6.55,-21.67,0.69,0.3,1.88,59.7,5.47,-9.12,2015,25.12,0.132,233
"EEM,QQQ,SLV,TIP,TLT",5,2007-03-01,2026-04-10,19.1,352262.0,6.81,-20.84,0.7,0.33,1.79,60.0,5.37,-18.05,2022,23.74,0.145,230
"DBC,EEM,LQD,QQQ,TLT",5,2006-12-01,2026-04-10,19.4,461838.0,8.23,-20.09,0.78,0.41,2.1,61.4,5.39,-9.52,2015,22.96,0.173,233
"EEM,LQD,QQQ,SLV,TLT",5,2007-03-01,2026-04-10,19.1,396242.0,7.47,-28.5,0.71,0.26,1.84,56.5,5.65,-24.28,2022,23.69,0.181,230
"DBC,EEM,QQQ,SLV,TLT",5,2007-03-01,2026-04-10,19.1,574496.0,9.58,-25.11,0.74,0.38,1.87,59.6,5.92,-9.74,2015,28.22,0.175,230
"DBC,EEM,LQD,QQQ,TIP",5,2006-12-01,2026-04-10,19.4,277735.0,5.42,-20.44,0.64,0.27,1.83,61.8,5.38,-9.51,2015,14.64,0.235,233
"EEM,LQD,QQQ,SLV,TIP",5,2007-03-01,2026-04-10,19.1,274720.0,5.43,-22.5,0.66,0.24,1.72,58.7,5.29,-18.2,2022,16.7,0.231,230
"DBC,EEM,QQQ,SLV,TIP",5,2007-03-01,2026-04-10,19.1,276870.0,5.47,-28.68,0.56,0.19,1.64,59.6,5.42,-16.33,2015,18.98,0.254,230
"DBC,EEM,LQD,QQQ,SLV",5,2007-03-01,2026-04-10,19.1,324863.0,6.36,-25.2,0.6,0.25,1.7,58.7,5.4,-11.52,2008,19.49,0.308,230
"LQD,QQQ,TIP,TLT,VNQ",5,2005-08-01,2026-04-10,20.7,356526.0,6.34,-24.05,0.73,0.26,1.84,58.6,5.61,-21.48,2022,22.32,0.223,249
"DBC,QQQ,TIP,TLT,VNQ",5,2006-12-01,2026-04-10,19.4,272078.0,5.31,-28.43,0.57,0.19,1.65,58.4,5.72,-13.89,2022,25.67,0.119,233
"QQQ,SLV,TIP,TLT,VNQ",5,2007-03-01,2026-04-10,19.1,346281.0,6.72,-23.9,0.7,0.28,1.75,59.1,5.62,-18.8,2022,24.59,0.135,230
"DBC,LQD,QQQ,TLT,VNQ",5,2006-12-01,2026-04-10,19.4,377379.0,7.1,-26.35,0.69,0.27,1.88,60.9,5.69,-8.25,2015,22.94,0.156,233
"LQD,QQQ,SLV,TLT,VNQ",5,2007-03-01,2026-04-10,19.1,395379.0,7.46,-29.47,0.72,0.25,1.79,60.4,5.96,-23.8,2022,23.92,0.167,230
"DBC,QQQ,SLV,TLT,VNQ",5,2007-03-01,2026-04-10,19.1,573731.0,9.57,-27.52,0.75,0.35,1.84,60.9,6.32,-9.64,2015,28.48,0.142,230
"DBC,LQD,QQQ,TIP,VNQ",5,2006-12-01,2026-04-10,19.4,235353.0,4.52,-24.1,0.55,0.19,1.65,60.5,5.53,-9.26,2015,16.58,0.211,233
"LQD,QQQ,SLV,TIP,VNQ",5,2007-03-01,2026-04-10,19.1,268975.0,5.31,-24.74,0.64,0.21,1.68,59.1,5.5,-19.1,2022,13.69,0.21,230
"DBC,QQQ,SLV,TIP,VNQ",5,2007-03-01,2026-04-10,19.1,278911.0,5.51,-24.45,0.57,0.23,1.67,61.7,5.74,-11.77,2015,18.37,0.215,230
"DBC,LQD,QQQ,SLV,VNQ",5,2007-03-01,2026-04-10,19.1,300857.0,5.93,-27.67,0.53,0.21,1.64,61.3,5.85,-12.11,2008,18.44,0.265,230
"DBC,LQD,QQQ,TIP,TLT",5,2006-12-01,2026-04-10,19.4,327853.0,6.33,-24.05,0.73,0.26,2.01,61.8,5.56,-9.27,2015,26.19,0.182,233
"LQD,QQQ,SLV,TIP,TLT",5,2007-03-01,2026-04-10,19.1,326327.0,6.38,-24.59,0.73,0.26,1.85,59.1,5.63,-18.53,2022,26.03,0.217,230
"DBC,QQQ,SLV,TIP,TLT",5,2007-03-01,2026-04-10,19.1,325597.0,6.37,-23.11,0.66,0.28,1.79,61.3,5.75,-11.36,2015,28.97,0.136,230
"DBC,LQD,QQQ,SLV,TLT",5,2007-03-01,2026-04-10,19.1,416552.0,7.75,-24.99,0.74,0.31,1.96,60.9,5.95,-9.95,2015,29.99,0.146,230
"DBC,LQD,QQQ,SLV,TIP",5,2007-03-01,2026-04-10,19.1,249432.0,4.9,-22.85,0.58,0.21,1.69,60.4,5.63,-11.42,2015,12.48,0.207,230
"EEM,EFA,GLD,IEF,SPY",5,2005-10-03,2026-04-10,20.5,493165.0,8.09,-16.11,0.85,0.5,2.05,60.3,5.38,-9.92,2022,20.19,0.237,247
"EFA,GLD,IEF,SPY,VNQ",5,2005-10-03,2026-04-10,20.5,576849.0,8.92,-15.9,0.97,0.56,2.19,62.3,5.49,-11.98,2022,17.66,0.21,247
"EFA,GLD,IEF,SPY,TLT",5,2005-10-03,2026-04-10,20.5,492085.0,8.08,-15.72,0.89,0.51,2.07,60.3,5.75,-10.3,2022,20.61,0.123,247
"EFA,GLD,IEF,SPY,TIP",5,2005-10-03,2026-04-10,20.5,403035.0,7.03,-14.44,0.94,0.49,2.15,61.5,5.42,-11.05,2022,15.15,0.162,247
"EFA,GLD,IEF,LQD,SPY",5,2005-10-03,2026-04-10,20.5,442015.0,7.51,-15.52,0.95,0.48,2.2,60.7,5.62,-10.4,2022,15.32,0.19,247
"DBC,EFA,GLD,IEF,SPY",5,2006-12-01,2026-04-10,19.4,349995.0,6.69,-22.44,0.73,0.3,1.88,60.5,5.46,-9.85,2022,14.82,0.175,233
"EFA,GLD,IEF,SLV,SPY",5,2007-03-01,2026-04-10,19.1,414944.0,7.73,-18.33,0.81,0.42,1.88,60.0,5.72,-10.18,2022,23.85,0.213,230
"EEM,GLD,IEF,SPY,VNQ",5,2005-10-03,2026-04-10,20.5,574742.0,8.9,-15.97,0.95,0.56,2.22,64.4,5.52,-11.96,2022,17.62,0.202,247
"EEM,GLD,IEF,SPY,TLT",5,2005-10-03,2026-04-10,20.5,485989.0,8.01,-15.16,0.87,0.53,2.08,61.5,5.7,-9.76,2022,17.38,0.12,247
"EEM,GLD,IEF,SPY,TIP",5,2005-10-03,2026-04-10,20.5,394753.0,6.92,-14.37,0.91,0.48,2.13,61.5,5.49,-10.69,2022,16.0,0.154,247
"EEM,GLD,IEF,LQD,SPY",5,2005-10-03,2026-04-10,20.5,445521.0,7.55,-16.11,0.93,0.47,2.24,62.3,5.57,-9.91,2022,16.27,0.18,247
"DBC,EEM,GLD,IEF,SPY",5,2006-12-01,2026-04-10,19.4,346391.0,6.63,-22.44,0.72,0.3,1.87,60.1,5.43,-8.76,2022,16.09,0.17,233
"EEM,GLD,IEF,SLV,SPY",5,2007-03-01,2026-04-10,19.1,413033.0,7.7,-19.11,0.8,0.4,1.9,59.6,5.66,-9.63,2022,25.25,0.208,230
"GLD,IEF,SPY,TLT,VNQ",5,2005-10-03,2026-04-10,20.5,573411.0,8.88,-16.67,0.99,0.53,2.18,61.5,5.88,-12.13,2022,19.53,0.123,247
"GLD,IEF,SPY,TIP,VNQ",5,2005-10-03,2026-04-10,20.5,449013.0,7.59,-14.61,1.03,0.52,2.27,62.3,5.62,-12.28,2022,14.49,0.151,247
"GLD,IEF,LQD,SPY,VNQ",5,2005-10-03,2026-04-10,20.5,490130.0,8.06,-17.4,1.03,0.46,2.28,61.9,5.81,-12.48,2022,14.88,0.173,247
"DBC,GLD,IEF,SPY,VNQ",5,2006-12-01,2026-04-10,19.4,380383.0,7.15,-23.59,0.79,0.3,1.93,60.5,5.66,-12.03,2022,17.92,0.146,233
"GLD,IEF,SLV,SPY,VNQ",5,2007-03-01,2026-04-10,19.1,471490.0,8.45,-19.89,0.89,0.43,1.98,60.9,5.9,-11.37,2022,21.2,0.187,230
"GLD,IEF,SPY,TIP,TLT",5,2005-10-03,2026-04-10,20.5,413841.0,7.17,-13.83,0.94,0.52,2.15,61.5,5.73,-10.78,2022,19.66,0.236,247
"GLD,IEF,LQD,SPY,TLT",5,2005-10-03,2026-04-10,20.5,436091.0,7.44,-16.49,0.94,0.45,2.2,62.3,5.94,-10.16,2022,20.4,0.219,247
"DBC,GLD,IEF,SPY,TLT",5,2006-12-01,2026-04-10,19.4,362124.0,6.87,-22.44,0.76,0.31,1.92,58.8,5.74,-9.02,2022,22.23,0.106,233
"GLD,IEF,SLV,SPY,TLT",5,2007-03-01,2026-04-10,19.1,425699.0,7.87,-19.21,0.83,0.41,1.9,59.6,6.03,-9.57,2022,22.46,0.184,230
"GLD,IEF,LQD,SPY,TIP",5,2005-10-03,2026-04-10,20.5,402882.0,7.03,-14.37,1.03,0.49,2.31,63.2,5.68,-11.18,2022,13.49,0.235,247
"DBC,GLD,IEF,SPY,TIP",5,2006-12-01,2026-04-10,19.4,288635.0,5.63,-21.56,0.75,0.26,1.91,60.1,5.54,-12.36,2022,14.98,0.15,233
"GLD,IEF,SLV,SPY,TIP",5,2007-03-01,2026-04-10,19.1,347824.0,6.74,-16.91,0.89,0.4,1.96,62.2,5.62,-9.9,2022,18.22,0.217,230
"DBC,GLD,IEF,LQD,SPY",5,2006-12-01,2026-04-10,19.4,316097.0,6.13,-22.44,0.77,0.27,1.98,59.7,5.64,-9.34,2022,12.33,0.152,233
"GLD,IEF,LQD,SLV,SPY",5,2007-03-01,2026-04-10,19.1,363035.0,6.98,-20.42,0.87,0.34,1.99,62.2,5.87,-10.41,2022,19.09,0.213,230
"DBC,GLD,IEF,SLV,SPY",5,2007-03-01,2026-04-10,19.1,359254.0,6.92,-23.58,0.72,0.29,1.8,59.6,5.75,-9.58,2022,19.83,0.206,230
"EEM,EFA,GLD,IEF,VNQ",5,2005-10-03,2026-04-10,20.5,534965.0,8.52,-14.68,0.87,0.58,2.03,62.3,5.71,-5.07,2022,22.98,0.216,247
"EEM,EFA,GLD,IEF,TLT",5,2005-10-03,2026-04-10,20.5,431003.0,7.38,-19.43,0.75,0.38,1.88,58.7,5.69,-5.05,2018,22.31,0.142,247
"EEM,EFA,GLD,IEF,TIP",5,2005-10-03,2026-04-10,20.5,400739.0,7.0,-19.43,0.87,0.36,2.08,59.9,5.44,-6.91,2014,19.41,0.178,247
"EEM,EFA,GLD,IEF,LQD",5,2005-10-03,2026-04-10,20.5,427080.0,7.33,-19.43,0.85,0.38,2.09,58.7,5.55,-5.85,2018,21.38,0.202,247
"DBC,EEM,EFA,GLD,IEF",5,2006-12-01,2026-04-10,19.4,260598.0,5.07,-24.46,0.53,0.21,1.58,57.1,5.75,-9.04,2014,18.72,0.193,233
"EEM,EFA,GLD,IEF,SLV",5,2007-03-01,2026-04-10,19.1,330886.0,6.46,-22.23,0.65,0.29,1.66,57.4,5.81,-9.43,2014,29.74,0.235,230
"EFA,GLD,IEF,TLT,VNQ",5,2005-10-03,2026-04-10,20.5,530311.0,8.47,-14.64,0.89,0.58,2.01,59.9,6.08,-4.95,2022,19.68,0.133,247
"EFA,GLD,IEF,TIP,VNQ",5,2005-10-03,2026-04-10,20.5,443762.0,7.53,-12.79,0.97,0.59,2.17,60.7,5.67,-5.22,2022,16.5,0.162,247
"EFA,GLD,IEF,LQD,VNQ",5,2005-10-03,2026-04-10,20.5,489836.0,8.05,-15.68,0.98,0.51,2.17,60.7,5.95,-5.64,2022,18.28,0.183,247
"DBC,EFA,GLD,IEF,VNQ",5,2006-12-01,2026-04-10,19.4,317687.0,6.15,-22.48,0.66,0.27,1.75,58.4,5.97,-5.91,2022,16.43,0.158,233
"EFA,GLD,IEF,SLV,VNQ",5,2007-03-01,2026-04-10,19.1,406418.0,7.61,-18.48,0.77,0.41,1.79,60.9,6.19,-5.66,2015,25.65,0.202,230
"EFA,GLD,IEF,TIP,TLT",5,2005-10-03,2026-04-10,20.5,419623.0,7.24,-17.06,0.89,0.42,2.1,57.1,5.73,-3.83,2018,17.94,0.256,247
"EFA,GLD,IEF,LQD,TLT",5,2005-10-03,2026-04-10,20.5,418784.0,7.23,-17.06,0.85,0.42,2.05,57.1,5.95,-8.47,2018,17.73,0.238,247
"DBC,EFA,GLD,IEF,TLT",5,2006-12-01,2026-04-10,19.4,270130.0,5.27,-20.01,0.56,0.26,1.62,55.4,6.01,-11.21,2018,19.56,0.126,233
"EFA,GLD,IEF,SLV,TLT",5,2007-03-01,2026-04-10,19.1,339648.0,6.61,-17.65,0.67,0.37,1.67,55.7,6.15,-6.04,2018,24.87,0.208,230
"EFA,GLD,IEF,LQD,TIP",5,2005-10-03,2026-04-10,20.5,407392.0,7.09,-17.06,0.96,0.42,2.24,57.5,5.77,-4.7,2018,16.32,0.255,247
"DBC,EFA,GLD,IEF,TIP",5,2006-12-01,2026-04-10,19.4,254617.0,4.95,-19.42,0.63,0.25,1.75,58.4,5.73,-8.31,2018,13.69,0.172,233
"EFA,GLD,IEF,SLV,TIP",5,2007-03-01,2026-04-10,19.1,327136.0,6.4,-14.9,0.81,0.43,1.85,57.0,5.6,-6.22,2014,21.5,0.242,230
"DBC,EFA,GLD,IEF,LQD",5,2006-12-01,2026-04-10,19.4,273718.0,5.34,-20.01,0.64,0.27,1.81,56.2,5.81,-5.42,2018,14.07,0.172,233
"EFA,GLD,IEF,LQD,SLV",5,2007-03-01,2026-04-10,19.1,318559.0,6.25,-18.64,0.75,0.34,1.81,53.5,5.97,-6.61,2018,23.29,0.237,230
"DBC,EFA,GLD,IEF,SLV",5,2007-03-01,2026-04-10,19.1,253182.0,4.98,-27.94,0.51,0.18,1.51,56.1,6.14,-8.62,2018,22.31,0.232,230
"EEM,GLD,IEF,TLT,VNQ",5,2005-10-03,2026-04-10,20.5,434256.0,7.42,-18.92,0.76,0.39,1.88,59.1,6.08,-4.89,2013,19.62,0.133,247
"EEM,GLD,IEF,TIP,VNQ",5,2005-10-03,2026-04-10,20.5,370222.0,6.59,-18.34,0.84,0.36,2.03,59.1,5.69,-6.86,2014,17.46,0.158,247
"EEM,GLD,IEF,LQD,VNQ",5,2005-10-03,2026-04-10,20.5,440924.0,7.5,-16.4,0.9,0.46,2.14,59.5,5.91,-5.49,2022,19.24,0.176,247
"DBC,EEM,GLD,IEF,VNQ",5,2006-12-01,2026-04-10,19.4,278439.0,5.43,-28.71,0.57,0.19,1.65,55.8,5.98,-9.95,2013,17.79,0.156,233
"EEM,GLD,IEF,SLV,VNQ",5,2007-03-01,2026-04-10,19.1,330414.0,6.45,-25.0,0.65,0.26,1.67,58.3,6.12,-7.96,2014,27.28,0.2,230
"EEM,GLD,IEF,TIP,TLT",5,2005-10-03,2026-04-10,20.5,338520.0,6.12,-22.99,0.73,0.27,1.89,55.9,5.69,-5.88,2014,17.83,0.257,247
"EEM,GLD,IEF,LQD,TLT",5,2005-10-03,2026-04-10,20.5,373226.0,6.63,-22.99,0.75,0.29,1.99,55.5,5.85,-6.26,2018,18.88,0.236,247
"DBC,EEM,GLD,IEF,TLT",5,2006-12-01,2026-04-10,19.4,245761.0,4.75,-31.62,0.5,0.15,1.55,53.2,5.9,-10.59,2013,19.79,0.128,233
"EEM,GLD,IEF,SLV,TLT",5,2007-03-01,2026-04-10,19.1,284301.0,5.62,-27.15,0.57,0.21,1.57,53.0,6.01,-7.46,2014,26.66,0.21,230
"EEM,GLD,IEF,LQD,TIP",5,2005-10-03,2026-04-10,20.5,356101.0,6.39,-22.99,0.84,0.28,2.14,57.1,5.73,-4.83,2013,17.19,0.249,247
"DBC,EEM,GLD,IEF,TIP",5,2006-12-01,2026-04-10,19.4,225010.0,4.28,-26.83,0.55,0.16,1.63,54.9,5.71,-10.8,2013,15.13,0.17,233
"EEM,GLD,IEF,SLV,TIP",5,2007-03-01,2026-04-10,19.1,266680.0,5.27,-22.78,0.68,0.23,1.69,56.1,5.52,-10.36,2014,22.64,0.24,230
"DBC,EEM,GLD,IEF,LQD",5,2006-12-01,2026-04-10,19.4,264963.0,5.16,-20.01,0.63,0.26,1.78,56.2,5.71,-10.31,2013,15.3,0.168,233
"EEM,GLD,IEF,LQD,SLV",5,2007-03-01,2026-04-10,19.1,286014.0,5.65,-19.83,0.69,0.29,1.77,54.3,5.83,-9.76,2021,24.61,0.233,230
"DBC,EEM,GLD,IEF,SLV",5,2007-03-01,2026-04-10,19.1,220627.0,4.23,-38.53,0.43,0.11,1.42,54.8,6.02,-13.15,2014,24.14,0.232,230
"GLD,IEF,TIP,TLT,VNQ",5,2005-10-03,2026-04-10,20.5,429850.0,7.37,-14.56,0.94,0.51,2.18,57.9,5.77,-10.62,2013,18.48,0.271,247
"GLD,IEF,LQD,TLT,VNQ",5,2005-10-03,2026-04-10,20.5,472166.0,7.86,-14.02,0.94,0.56,2.16,57.9,6.14,-5.47,2022,18.19,0.247,247
"DBC,GLD,IEF,TLT,VNQ",5,2006-12-01,2026-04-10,19.4,307679.0,5.98,-22.48,0.64,0.27,1.72,57.1,6.12,-15.74,2013,20.23,0.123,233
"GLD,IEF,SLV,TLT,VNQ",5,2007-03-01,2026-04-10,19.1,315631.0,6.2,-25.71,0.62,0.24,1.59,54.3,6.51,-10.75,2013,22.06,0.208,230
"GLD,IEF,LQD,TIP,VNQ",5,2005-10-03,2026-04-10,20.5,430095.0,7.37,-12.79,1.04,0.58,2.38,58.7,5.76,-5.79,2022,14.57,0.253,247
"DBC,GLD,IEF,TIP,VNQ",5,2006-12-01,2026-04-10,19.4,258937.0,5.04,-21.61,0.66,0.23,1.76,57.1,5.84,-17.73,2013,14.26,0.158,233
"GLD,IEF,SLV,TIP,VNQ",5,2007-03-01,2026-04-10,19.1,280797.0,5.55,-22.34,0.71,0.25,1.71,55.2,5.81,-12.82,2013,19.5,0.231,230
"DBC,GLD,IEF,LQD,VNQ",5,2006-12-01,2026-04-10,19.4,283996.0,5.54,-22.48,0.67,0.25,1.8,55.8,5.98,-12.01,2013,12.09,0.152,233
"GLD,IEF,LQD,SLV,VNQ",5,2007-03-01,2026-04-10,19.1,296588.0,5.85,-24.37,0.7,0.24,1.72,55.7,6.29,-8.08,2015,21.08,0.22,230
"DBC,GLD,IEF,SLV,VNQ",5,2007-03-01,2026-04-10,19.1,274443.0,5.42,-31.36,0.55,0.17,1.55,56.1,6.31,-15.56,2013,19.34,0.201,230
"GLD,IEF,LQD,TIP,TLT",5,2005-10-03,2026-04-10,20.5,418306.0,7.22,-21.79,0.92,0.33,2.35,55.5,5.63,-4.61,2013,19.46,0.481,247
"DBC,GLD,IEF,TIP,TLT",5,2006-12-01,2026-04-10,19.4,254801.0,4.95,-19.42,0.61,0.25,1.74,52.4,5.79,-14.42,2013,21.31,0.3,233
"GLD,IEF,SLV,TIP,TLT",5,2007-03-01,2026-04-10,19.1,241636.0,4.72,-18.62,0.58,0.25,1.57,51.3,5.8,-14.76,2013,21.08,0.41,230
"DBC,GLD,IEF,LQD,TLT",5,2006-12-01,2026-04-10,19.4,274701.0,5.36,-20.01,0.63,0.27,1.79,54.9,5.86,-14.17,2013,21.09,0.255,233
"GLD,IEF,LQD,SLV,TLT",5,2007-03-01,2026-04-10,19.1,230941.0,4.48,-25.48,0.52,0.18,1.52,53.0,6.25,-14.55,2013,22.31,0.36,230
"DBC,GLD,IEF,SLV,TLT",5,2007-03-01,2026-04-10,19.1,240504.0,4.7,-31.65,0.47,0.15,1.47,50.4,6.38,-13.43,2013,24.08,0.255,230
"DBC,GLD,IEF,LQD,TIP",5,2006-12-01,2026-04-10,19.4,261027.0,5.08,-19.42,0.69,0.26,1.88,54.9,5.75,-14.24,2013,13.81,0.278,233
"GLD,IEF,LQD,SLV,TIP",5,2007-03-01,2026-04-10,19.1,228326.0,4.41,-21.06,0.61,0.21,1.6,54.3,5.84,-14.52,2013,18.89,0.371,230
"DBC,GLD,IEF,SLV,TIP",5,2007-03-01,2026-04-10,19.1,229345.0,4.44,-26.89,0.55,0.17,1.57,52.2,5.89,-14.53,2013,16.95,0.295,230
"DBC,GLD,IEF,LQD,SLV",5,2007-03-01,2026-04-10,19.1,239993.0,4.69,-23.17,0.54,0.2,1.58,53.0,6.1,-14.3,2013,18.01,0.263,230
"EEM,EFA,IEF,SPY,VNQ",5,2005-08-01,2026-04-10,20.7,418353.0,7.16,-23.14,0.73,0.31,1.88,62.2,5.26,-23.17,2022,17.3,0.37,249
"EEM,EFA,IEF,SPY,TLT",5,2004-02-02,2026-04-10,22.2,374423.0,6.13,-23.26,0.64,0.26,1.75,62.9,5.56,-22.53,2022,18.04,0.187,267
"EEM,EFA,IEF,SPY,TIP",5,2004-10-01,2026-04-10,21.5,294180.0,5.14,-23.8,0.65,0.22,1.79,63.7,5.32,-24.13,2022,15.35,0.228,259
"EEM,EFA,IEF,LQD,SPY",5,2004-02-02,2026-04-10,22.2,326596.0,5.48,-23.76,0.66,0.23,1.78,64.4,5.45,-22.02,2022,16.41,0.295,267
"DBC,EEM,EFA,IEF,SPY",5,2006-12-01,2026-04-10,19.4,279698.0,5.46,-20.84,0.55,0.26,1.66,61.4,5.44,-6.51,2022,16.65,0.284,233
"EEM,EFA,IEF,SLV,SPY",5,2007-03-01,2026-04-10,19.1,283926.0,5.61,-28.73,0.57,0.2,1.62,56.5,5.59,-23.46,2022,18.23,0.265,230
"EFA,IEF,SPY,TLT,VNQ",5,2005-08-01,2026-04-10,20.7,407583.0,7.03,-23.61,0.75,0.3,1.84,60.6,5.63,-24.15,2022,20.68,0.178,249
"EFA,IEF,SPY,TIP,VNQ",5,2005-08-01,2026-04-10,20.7,307254.0,5.58,-24.09,0.73,0.23,1.84,61.8,5.53,-25.38,2022,13.89,0.217,249
"EFA,IEF,LQD,SPY,VNQ",5,2005-08-01,2026-04-10,20.7,342390.0,6.13,-23.7,0.76,0.26,1.87,63.1,5.5,-23.31,2022,14.39,0.279,249
"DBC,EFA,IEF,SPY,VNQ",5,2006-12-01,2026-04-10,19.4,299813.0,5.84,-23.24,0.6,0.25,1.69,62.2,5.67,-11.08,2022,19.16,0.253,233
"EFA,IEF,SLV,SPY,VNQ",5,2007-03-01,2026-04-10,19.1,326823.0,6.39,-28.37,0.66,0.23,1.71,59.6,5.71,-24.5,2022,15.86,0.237,230
"EFA,IEF,SPY,TIP,TLT",5,2004-10-01,2026-04-10,21.5,287548.0,5.03,-24.58,0.65,0.2,1.75,62.9,5.6,-25.03,2022,18.38,0.197,259
"EFA,IEF,LQD,SPY,TLT",5,2003-06-02,2026-04-10,22.9,336488.0,5.45,-23.92,0.67,0.23,1.79,62.5,5.82,-22.55,2022,17.59,0.227,275
"DBC,EFA,IEF,SPY,TLT",5,2006-12-01,2026-04-10,19.4,309322.0,6.01,-21.53,0.63,0.28,1.76,60.5,5.76,-7.59,2022,19.28,0.104,233
"EFA,IEF,SLV,SPY,TLT",5,2007-03-01,2026-04-10,19.1,305669.0,6.02,-28.37,0.63,0.21,1.68,57.8,5.84,-23.75,2022,21.1,0.125,230
"EFA,IEF,LQD,SPY,TIP",5,2004-10-01,2026-04-10,21.5,276255.0,4.83,-24.19,0.68,0.2,1.81,61.8,5.58,-24.23,2022,12.89,0.247,259
"DBC,EFA,IEF,SPY,TIP",5,2006-12-01,2026-04-10,19.4,233497.0,4.48,-20.61,0.58,0.22,1.7,62.2,5.51,-13.89,2022,13.18,0.161,233
"EFA,IEF,SLV,SPY,TIP",5,2007-03-01,2026-04-10,19.1,246239.0,4.83,-25.54,0.64,0.19,1.67,60.9,5.47,-22.09,2022,13.83,0.169,230
"DBC,EFA,IEF,LQD,SPY",5,2006-12-01,2026-04-10,19.4,253020.0,4.91,-20.59,0.58,0.24,1.71,61.4,5.69,-6.71,2022,12.45,0.203,233
"EFA,IEF,LQD,SLV,SPY",5,2007-03-01,2026-04-10,19.1,248055.0,4.87,-29.24,0.6,0.17,1.64,56.5,5.76,-24.02,2022,13.0,0.206,230
"DBC,EFA,IEF,SLV,SPY",5,2007-03-01,2026-04-10,19.1,286252.0,5.66,-23.78,0.58,0.24,1.64,61.3,5.73,-10.34,2022,14.97,0.202,230
"EEM,IEF,SPY,TLT,VNQ",5,2005-08-01,2026-04-10,20.7,383287.0,6.71,-24.45,0.69,0.27,1.82,61.8,5.78,-25.2,2022,18.57,0.17,249
"EEM,IEF,SPY,TIP,VNQ",5,2005-08-01,2026-04-10,20.7,301849.0,5.48,-23.83,0.7,0.23,1.85,62.7,5.64,-25.29,2022,13.19,0.204,249
"EEM,IEF,LQD,SPY,VNQ",5,2005-08-01,2026-04-10,20.7,334964.0,6.02,-24.59,0.72,0.24,1.87,62.2,5.63,-24.43,2022,13.5,0.263,249
"DBC,EEM,IEF,SPY,VNQ",5,2006-12-01,2026-04-10,19.4,290779.0,5.67,-23.01,0.58,0.25,1.69,60.9,5.68,-10.73,2022,18.47,0.243,233
"EEM,IEF,SLV,SPY,VNQ",5,2007-03-01,2026-04-10,19.1,312139.0,6.14,-29.63,0.62,0.21,1.68,60.9,5.83,-25.53,2022,16.37,0.227,230
"EEM,IEF,SPY,TIP,TLT",5,2004-10-01,2026-04-10,21.5,281786.0,4.93,-23.56,0.62,0.21,1.74,62.9,5.68,-24.75,2022,17.8,0.19,259
"EEM,IEF,LQD,SPY,TLT",5,2004-02-02,2026-04-10,22.2,301075.0,5.09,-24.55,0.61,0.21,1.74,63.7,5.81,-23.38,2022,17.43,0.214,267
"DBC,EEM,IEF,SPY,TLT",5,2006-12-01,2026-04-10,19.4,296093.0,5.77,-21.3,0.6,0.27,1.75,59.2,5.7,-6.03,2022,19.3,0.099,233
"EEM,IEF,SLV,SPY,TLT",5,2007-03-01,2026-04-10,19.1,287737.0,5.69,-28.41,0.59,0.2,1.64,60.0,5.83,-24.5,2022,19.91,0.12,230
"EEM,IEF,LQD,SPY,TIP",5,2004-10-01,2026-04-10,21.5,276673.0,4.84,-24.2,0.66,0.2,1.83,65.3,5.67,-24.02,2022,12.71,0.232,259
"DBC,EEM,IEF,SPY,TIP",5,2006-12-01,2026-04-10,19.4,228431.0,4.36,-20.38,0.56,0.21,1.69,63.1,5.57,-13.33,2022,13.12,0.151,233
"EEM,IEF,SLV,SPY,TIP",5,2007-03-01,2026-04-10,19.1,241946.0,4.73,-25.24,0.62,0.19,1.66,60.9,5.52,-21.79,2022,14.67,0.159,230
"DBC,EEM,IEF,LQD,SPY",5,2006-12-01,2026-04-10,19.4,251493.0,4.88,-20.5,0.57,0.24,1.73,60.9,5.63,-5.22,2022,12.14,0.191,233
"EEM,IEF,LQD,SLV,SPY",5,2007-03-01,2026-04-10,19.1,242717.0,4.75,-30.05,0.58,0.16,1.64,57.0,5.77,-24.85,2022,13.91,0.194,230
"DBC,EEM,IEF,SLV,SPY",5,2007-03-01,2026-04-10,19.1,276898.0,5.47,-24.75,0.56,0.22,1.62,59.6,5.67,-8.75,2022,15.83,0.195,230
"IEF,SPY,TIP,TLT,VNQ",5,2005-08-01,2026-04-10,20.7,260703.0,4.74,-31.72,0.62,0.15,1.67,59.8,5.8,-27.26,2022,18.59,0.207,249
"IEF,LQD,SPY,TLT,VNQ",5,2005-08-01,2026-04-10,20.7,285129.0,5.19,-31.23,0.65,0.17,1.71,61.0,5.86,-25.05,2022,18.1,0.225,249
"DBC,IEF,SPY,TLT,VNQ",5,2006-12-01,2026-04-10,19.4,283112.0,5.52,-30.01,0.58,0.18,1.67,57.5,5.97,-12.82,2022,24.17,0.098,233
"IEF,SLV,SPY,TLT,VNQ",5,2007-03-01,2026-04-10,19.1,314364.0,6.18,-33.17,0.64,0.19,1.67,57.0,6.12,-25.43,2022,20.67,0.121,230
"IEF,LQD,SPY,TIP,VNQ",5,2005-08-01,2026-04-10,20.7,260402.0,4.73,-30.57,0.67,0.15,1.77,62.7,5.71,-25.2,2022,14.45,0.241,249
"DBC,IEF,SPY,TIP,VNQ",5,2006-12-01,2026-04-10,19.4,213603.0,4.0,-27.62,0.53,0.14,1.61,60.5,5.77,-18.37,2022,17.2,0.143,233
"IEF,SLV,SPY,TIP,VNQ",5,2007-03-01,2026-04-10,19.1,249847.0,4.91,-29.8,0.64,0.16,1.68,60.4,5.77,-22.24,2022,14.59,0.154,230
"DBC,IEF,LQD,SPY,VNQ",5,2006-12-01,2026-04-10,19.4,235340.0,4.52,-28.42,0.54,0.16,1.64,60.9,5.84,-10.7,2022,17.23,0.179,233
"IEF,LQD,SLV,SPY,VNQ",5,2007-03-01,2026-04-10,19.1,247447.0,4.86,-33.97,0.59,0.14,1.62,57.8,6.06,-26.21,2022,14.77,0.185,230
"DBC,IEF,SLV,SPY,VNQ",5,2007-03-01,2026-04-10,19.1,286992.0,5.67,-29.16,0.58,0.19,1.64,59.6,6.01,-12.27,2022,19.86,0.167,230
"IEF,LQD,SPY,TIP,TLT",5,2004-10-01,2026-04-10,21.5,244829.0,4.25,-30.39,0.6,0.14,1.68,63.7,5.75,-24.61,2022,19.55,0.355,259
"DBC,IEF,SPY,TIP,TLT",5,2006-12-01,2026-04-10,19.4,212249.0,3.96,-26.46,0.51,0.15,1.6,61.4,5.75,-15.34,2022,21.42,0.168,233
"IEF,SLV,SPY,TIP,TLT",5,2007-03-01,2026-04-10,19.1,236081.0,4.6,-28.98,0.59,0.16,1.62,60.0,5.82,-21.61,2022,21.2,0.216,230
"DBC,IEF,LQD,SPY,TLT",5,2006-12-01,2026-04-10,19.4,251285.0,4.88,-27.83,0.58,0.18,1.75,59.7,5.88,-5.88,2022,20.86,0.165,233
"IEF,LQD,SLV,SPY,TLT",5,2007-03-01,2026-04-10,19.1,231369.0,4.49,-33.57,0.55,0.13,1.59,58.7,6.06,-25.06,2022,22.19,0.208,230
"DBC,IEF,SLV,SPY,TLT",5,2007-03-01,2026-04-10,19.1,284968.0,5.63,-28.21,0.58,0.2,1.65,57.0,6.08,-8.75,2022,24.11,0.104,230
"DBC,IEF,LQD,SPY,TIP",5,2006-12-01,2026-04-10,19.4,212720.0,3.98,-25.02,0.56,0.16,1.69,61.4,5.7,-13.27,2022,13.71,0.198,233
"IEF,LQD,SLV,SPY,TIP",5,2007-03-01,2026-04-10,19.1,224001.0,4.31,-30.62,0.61,0.14,1.66,60.4,5.79,-22.44,2022,14.97,0.229,230
"DBC,IEF,SLV,SPY,TIP",5,2007-03-01,2026-04-10,19.1,220778.0,4.23,-25.32,0.54,0.17,1.6,60.0,5.76,-12.94,2022,16.45,0.154,230
"DBC,IEF,LQD,SLV,SPY",5,2007-03-01,2026-04-10,19.1,237132.0,4.62,-29.16,0.55,0.16,1.63,58.7,5.96,-9.49,2022,12.06,0.164,230
"EEM,EFA,IEF,TLT,VNQ",5,2005-08-01,2026-04-10,20.7,349929.0,6.24,-21.12,0.62,0.3,1.72,59.0,5.81,-17.77,2022,20.17,0.174,249
"EEM,EFA,IEF,TIP,VNQ",5,2005-08-01,2026-04-10,20.7,287895.0,5.24,-18.41,0.66,0.28,1.79,59.8,5.45,-18.4,2022,12.87,0.211,249
"EEM,EFA,IEF,LQD,VNQ",5,2005-08-01,2026-04-10,20.7,318393.0,5.76,-21.1,0.68,0.27,1.82,61.4,5.64,-17.61,2022,16.02,0.268,249
"DBC,EEM,EFA,IEF,VNQ",5,2006-12-01,2026-04-10,19.4,257611.0,5.01,-21.21,0.5,0.24,1.58,61.8,5.92,-4.93,2014,16.23,0.25,233
"EEM,EFA,IEF,SLV,VNQ",5,2007-03-01,2026-04-10,19.1,269948.0,5.33,-27.9,0.53,0.19,1.57,57.0,5.93,-18.6,2022,20.56,0.238,230
"EEM,EFA,IEF,TIP,TLT",5,2004-10-01,2026-04-10,21.5,295893.0,5.17,-19.46,0.63,0.27,1.79,59.8,5.38,-9.31,2022,16.47,0.205,259
"EEM,EFA,IEF,LQD,TLT",5,2004-02-02,2026-04-10,22.2,296128.0,5.02,-19.46,0.59,0.26,1.74,58.4,5.67,-9.77,2018,15.75,0.228,267
"DBC,EEM,EFA,IEF,TLT",5,2006-12-01,2026-04-10,19.4,246082.0,4.76,-26.16,0.47,0.18,1.56,56.7,5.85,-10.47,2018,19.84,0.114,233
"EEM,EFA,IEF,SLV,TLT",5,2007-03-01,2026-04-10,19.1,229631.0,4.45,-31.67,0.46,0.14,1.47,53.9,5.81,-17.03,2022,23.66,0.138,230
"EEM,EFA,IEF,LQD,TIP",5,2004-10-01,2026-04-10,21.5,284113.0,4.97,-19.46,0.67,0.26,1.87,59.8,5.46,-9.27,2022,13.89,0.247,259
"DBC,EEM,EFA,IEF,TIP",5,2006-12-01,2026-04-10,19.4,223710.0,4.25,-19.42,0.52,0.22,1.63,59.2,5.64,-9.3,2018,12.32,0.167,233
"EEM,EFA,IEF,SLV,TIP",5,2007-03-01,2026-04-10,19.1,223366.0,4.29,-20.99,0.56,0.2,1.58,56.1,5.28,-15.41,2022,13.97,0.18,230
"DBC,EEM,EFA,IEF,LQD",5,2006-12-01,2026-04-10,19.4,237526.0,4.57,-22.34,0.51,0.2,1.65,58.8,5.69,-4.84,2018,12.1,0.206,233
"EEM,EFA,IEF,LQD,SLV",5,2007-03-01,2026-04-10,19.1,207753.0,3.9,-28.79,0.48,0.14,1.51,52.2,5.74,-17.58,2022,14.14,0.214,230
"DBC,EEM,EFA,IEF,SLV",5,2007-03-01,2026-04-10,19.1,208785.0,3.93,-27.79,0.4,0.14,1.41,54.8,6.03,-9.91,2014,19.82,0.216,230
"EFA,IEF,TIP,TLT,VNQ",5,2005-08-01,2026-04-10,20.7,284021.0,5.17,-19.32,0.65,0.27,1.72,59.0,5.77,-18.88,2022,18.43,0.211,249
"EFA,IEF,LQD,TLT,VNQ",5,2005-08-01,2026-04-10,20.7,304170.0,5.52,-21.25,0.67,0.26,1.74,60.2,6.05,-17.98,2022,16.31,0.227,249
"DBC,EFA,IEF,TLT,VNQ",5,2006-12-01,2026-04-10,19.4,278741.0,5.44,-22.13,0.55,0.25,1.63,59.7,6.27,-3.39,2015,19.03,0.102,233
"EFA,IEF,SLV,TLT,VNQ",5,2007-03-01,2026-04-10,19.1,283864.0,5.61,-27.07,0.57,0.21,1.58,57.4,6.23,-17.97,2022,22.09,0.129,230
"EFA,IEF,LQD,TIP,VNQ",5,2005-08-01,2026-04-10,20.7,279834.0,5.1,-19.65,0.71,0.26,1.82,59.4,5.78,-18.76,2022,11.78,0.244,249
"DBC,EFA,IEF,TIP,VNQ",5,2006-12-01,2026-04-10,19.4,224082.0,4.26,-19.42,0.54,0.22,1.63,60.5,5.94,-6.63,2022,13.29,0.149,233
"EFA,IEF,SLV,TIP,VNQ",5,2007-03-01,2026-04-10,19.1,238959.0,4.66,-21.86,0.62,0.21,1.63,59.1,5.57,-15.33,2022,14.1,0.164,230
"DBC,EFA,IEF,LQD,VNQ",5,2006-12-01,2026-04-10,19.4,238443.0,4.59,-21.65,0.53,0.21,1.64,60.5,6.13,-3.83,2015,12.62,0.183,233
"EFA,IEF,LQD,SLV,VNQ",5,2007-03-01,2026-04-10,19.1,233471.0,4.54,-28.55,0.56,0.16,1.57,57.4,6.13,-19.42,2022,14.16,0.193,230
"DBC,EFA,IEF,SLV,VNQ",5,2007-03-01,2026-04-10,19.1,255084.0,5.02,-25.87,0.5,0.19,1.53,58.7,6.35,-5.11,2015,18.5,0.178,230
"EFA,IEF,LQD,TIP,TLT",5,2004-10-01,2026-04-10,21.5,281935.0,4.93,-15.76,0.66,0.31,1.81,56.8,5.73,-9.6,2022,17.72,0.367,259
"DBC,EFA,IEF,TIP,TLT",5,2006-12-01,2026-04-10,19.4,228968.0,4.37,-19.42,0.52,0.23,1.64,59.7,5.92,-11.18,2018,19.57,0.181,233
"EFA,IEF,SLV,TIP,TLT",5,2007-03-01,2026-04-10,19.1,226408.0,4.37,-22.11,0.56,0.2,1.58,54.3,5.62,-14.7,2022,20.32,0.233,230
"DBC,EFA,IEF,LQD,TLT",5,2006-12-01,2026-04-10,19.4,258675.0,5.03,-24.33,0.56,0.21,1.76,55.8,6.01,-5.58,2018,17.87,0.177,233
"EFA,IEF,LQD,SLV,TLT",5,2007-03-01,2026-04-10,19.1,205686.0,3.85,-30.68,0.47,0.13,1.49,52.6,6.01,-17.63,2022,19.33,0.224,230
"DBC,EFA,IEF,SLV,TLT",5,2007-03-01,2026-04-10,19.1,213921.0,4.06,-31.65,0.41,0.13,1.43,53.9,6.43,-10.44,2024,21.68,0.122,230
"DBC,EFA,IEF,LQD,TIP",5,2006-12-01,2026-04-10,19.4,239199.0,4.61,-19.48,0.6,0.24,1.8,60.1,5.9,-5.22,2018,11.86,0.212,233
"EFA,IEF,LQD,SLV,TIP",5,2007-03-01,2026-04-10,19.1,213540.0,4.05,-23.83,0.58,0.17,1.61,54.3,5.68,-16.26,2022,14.77,0.247,230
"DBC,EFA,IEF,SLV,TIP",5,2007-03-01,2026-04-10,19.1,205313.0,3.84,-21.23,0.47,0.18,1.52,57.0,5.9,-9.63,2018,14.64,0.174,230
"DBC,EFA,IEF,LQD,SLV",5,2007-03-01,2026-04-10,19.1,213585.0,4.05,-26.12,0.47,0.16,1.54,53.9,6.19,-5.63,2015,12.31,0.182,230
"EEM,IEF,TIP,TLT,VNQ",5,2005-08-01,2026-04-10,20.7,228195.0,4.07,-20.38,0.5,0.2,1.58,55.8,5.82,-18.45,2022,16.96,0.206,249
"EEM,IEF,LQD,TLT,VNQ",5,2005-08-01,2026-04-10,20.7,252762.0,4.58,-24.89,0.53,0.18,1.64,58.2,6.11,-20.57,2022,16.01,0.22,249
"DBC,EEM,IEF,TLT,VNQ",5,2006-12-01,2026-04-10,19.4,233512.0,4.48,-25.79,0.45,0.17,1.53,57.5,6.23,-10.39,2013,19.16,0.1,233
"EEM,IEF,SLV,TLT,VNQ",5,2007-03-01,2026-04-10,19.1,214504.0,4.07,-30.45,0.41,0.13,1.43,55.7,6.23,-20.31,2022,22.62,0.127,230
"EEM,IEF,LQD,TIP,VNQ",5,2005-08-01,2026-04-10,20.7,243049.0,4.39,-21.16,0.59,0.21,1.74,57.0,5.79,-18.64,2022,10.94,0.233,249
"DBC,EEM,IEF,TIP,VNQ",5,2006-12-01,2026-04-10,19.4,194011.0,3.48,-23.82,0.44,0.15,1.52,58.4,5.98,-11.98,2013,12.5,0.142,233
"EEM,IEF,SLV,TIP,VNQ",5,2007-03-01,2026-04-10,19.1,195006.0,3.56,-22.93,0.47,0.16,1.49,56.1,5.55,-14.96,2022,12.83,0.157,230
"DBC,EEM,IEF,LQD,VNQ",5,2006-12-01,2026-04-10,19.4,218914.0,4.13,-23.69,0.47,0.17,1.59,57.5,6.09,-10.06,2013,12.05,0.175,233
"EEM,IEF,LQD,SLV,VNQ",5,2007-03-01,2026-04-10,19.1,196130.0,3.59,-32.55,0.44,0.11,1.47,53.0,6.13,-22.01,2022,14.3,0.185,230
"DBC,EEM,IEF,SLV,VNQ",5,2007-03-01,2026-04-10,19.1,214650.0,4.08,-32.77,0.41,0.12,1.43,56.1,6.28,-9.93,2013,19.43,0.174,230
"EEM,IEF,LQD,TIP,TLT",5,2004-10-01,2026-04-10,21.5,232460.0,4.0,-26.24,0.49,0.15,1.66,55.2,5.7,-9.12,2022,17.66,0.361,259
"DBC,EEM,IEF,TIP,TLT",5,2006-12-01,2026-04-10,19.4,198511.0,3.61,-24.66,0.44,0.15,1.52,54.1,5.9,-11.43,2013,19.59,0.179,233
"EEM,IEF,SLV,TIP,TLT",5,2007-03-01,2026-04-10,19.1,178393.0,3.08,-24.0,0.4,0.13,1.4,52.2,5.54,-13.98,2022,19.28,0.232,230
"DBC,EEM,IEF,LQD,TLT",5,2006-12-01,2026-04-10,19.4,254815.0,4.95,-27.16,0.55,0.18,1.74,55.4,5.82,-11.01,2013,18.82,0.173,233
"EEM,IEF,LQD,SLV,TLT",5,2007-03-01,2026-04-10,19.1,179287.0,3.1,-32.36,0.38,0.1,1.42,50.9,5.88,-14.04,2022,19.26,0.22,230
"DBC,EEM,IEF,SLV,TLT",5,2007-03-01,2026-04-10,19.1,198577.0,3.65,-32.29,0.37,0.11,1.38,52.6,6.17,-10.48,2013,22.25,0.122,230
"DBC,EEM,IEF,LQD,TIP",5,2006-12-01,2026-04-10,19.4,222821.0,4.23,-20.86,0.56,0.2,1.74,59.2,5.88,-10.94,2013,11.88,0.203,233
"EEM,IEF,LQD,SLV,TIP",5,2007-03-01,2026-04-10,19.1,182722.0,3.2,-27.49,0.47,0.12,1.5,54.3,5.61,-15.79,2022,13.05,0.238,230
"DBC,EEM,IEF,SLV,TIP",5,2007-03-01,2026-04-10,19.1,179892.0,3.12,-28.64,0.39,0.11,1.41,55.7,5.85,-11.34,2013,14.64,0.17,230
"DBC,EEM,IEF,LQD,SLV",5,2007-03-01,2026-04-10,19.1,209986.0,3.96,-28.7,0.46,0.14,1.52,55.7,5.97,-10.93,2013,13.55,0.176,230
"IEF,LQD,TIP,TLT,VNQ",5,2005-08-01,2026-04-10,20.7,238924.0,4.3,-28.31,0.62,0.15,1.7,54.6,5.62,-18.99,2022,18.18,0.387,249
"DBC,IEF,TIP,TLT,VNQ",5,2006-12-01,2026-04-10,19.4,186617.0,3.28,-26.67,0.42,0.12,1.48,55.8,5.88,-18.17,2013,20.15,0.19,233
"IEF,SLV,TIP,TLT,VNQ",5,2007-03-01,2026-04-10,19.1,178564.0,3.08,-31.27,0.41,0.1,1.4,51.3,5.69,-20.57,2023,20.16,0.245,230
"DBC,IEF,LQD,TLT,VNQ",5,2006-12-01,2026-04-10,19.4,215977.0,4.06,-32.14,0.47,0.13,1.57,55.8,6.07,-12.54,2013,18.43,0.18,233
"IEF,LQD,SLV,TLT,VNQ",5,2007-03-01,2026-04-10,19.1,172361.0,2.89,-40.95,0.37,0.07,1.35,50.9,6.25,-22.18,2023,19.88,0.23,230
"DBC,IEF,SLV,TLT,VNQ",5,2007-03-01,2026-04-10,19.1,211628.0,4.0,-32.96,0.41,0.12,1.41,52.6,6.52,-16.92,2023,22.03,0.114,230
"DBC,IEF,LQD,TIP,VNQ",5,2006-12-01,2026-04-10,19.4,191810.0,3.42,-28.18,0.47,0.12,1.56,55.4,5.86,-13.53,2013,14.6,0.204,233
"IEF,LQD,SLV,TIP,VNQ",5,2007-03-01,2026-04-10,19.1,171079.0,2.85,-34.25,0.43,0.08,1.41,52.6,5.7,-20.33,2023,15.62,0.241,230
"DBC,IEF,SLV,TIP,VNQ",5,2007-03-01,2026-04-10,19.1,180033.0,3.12,-27.65,0.39,0.11,1.41,55.7,6.03,-18.43,2013,15.37,0.155,230
"DBC,IEF,LQD,SLV,VNQ",5,2007-03-01,2026-04-10,19.1,187633.0,3.35,-34.2,0.4,0.1,1.42,55.7,6.33,-15.56,2023,13.52,0.157,230
"DBC,IEF,LQD,TIP,TLT",5,2006-12-01,2026-04-10,19.4,209065.0,3.88,-27.93,0.5,0.14,1.64,55.4,5.78,-14.76,2013,20.46,0.371,233
"IEF,LQD,SLV,TIP,TLT",5,2007-03-01,2026-04-10,19.1,156128.0,2.36,-36.96,0.33,0.06,1.33,50.9,5.74,-19.63,2023,30.77,0.446,230
"DBC,IEF,SLV,TIP,TLT",5,2007-03-01,2026-04-10,19.1,179175.0,3.1,-27.27,0.38,0.11,1.41,50.4,5.97,-15.07,2013,22.64,0.273,230
"DBC,IEF,LQD,SLV,TLT",5,2007-03-01,2026-04-10,19.1,192902.0,3.5,-37.05,0.4,0.09,1.45,50.0,6.24,-15.45,2023,22.57,0.236,230
"DBC,IEF,LQD,SLV,TIP",5,2007-03-01,2026-04-10,19.1,179742.0,3.12,-29.6,0.42,0.11,1.46,52.6,6.01,-15.18,2013,16.25,0.265,230
"EEM,EFA,GLD,SPY,VNQ",5,2005-10-03,2026-04-10,20.5,730653.0,10.18,-30.45,0.74,0.33,1.96,60.7,5.21,-12.67,2008,37.86,0.514,247
"EEM,EFA,GLD,SPY,TLT",5,2005-10-03,2026-04-10,20.5,639558.0,9.47,-25.59,0.82,0.37,1.99,62.3,5.38,-16.99,2018,25.28,0.229,247
"EEM,EFA,GLD,SPY,TIP",5,2005-10-03,2026-04-10,20.5,354243.0,6.36,-25.0,0.69,0.25,1.8,59.5,5.09,-17.71,2018,24.14,0.3,247
"EEM,EFA,GLD,LQD,SPY",5,2005-10-03,2026-04-10,20.5,464720.0,7.78,-20.44,0.8,0.38,1.97,61.5,5.09,-11.74,2015,22.46,0.373,247
"DBC,EEM,EFA,GLD,SPY",5,2006-12-01,2026-04-10,19.4,428271.0,7.8,-29.34,0.61,0.27,1.72,58.8,5.26,-13.64,2015,33.41,0.464,233
"EEM,EFA,GLD,SLV,SPY",5,2007-03-01,2026-04-10,19.1,521117.0,9.02,-28.87,0.66,0.31,1.73,56.1,5.26,-15.86,2015,36.32,0.46,230
"EFA,GLD,SPY,TLT,VNQ",5,2005-10-03,2026-04-10,20.5,759443.0,10.39,-18.33,0.93,0.57,2.11,62.8,5.42,-12.27,2022,22.54,0.201,247
"EFA,GLD,SPY,TIP,VNQ",5,2005-10-03,2026-04-10,20.5,415659.0,7.19,-22.36,0.79,0.32,1.95,60.7,5.23,-12.48,2022,21.57,0.266,247
"EFA,GLD,LQD,SPY,VNQ",5,2005-10-03,2026-04-10,20.5,474255.0,7.88,-20.95,0.77,0.38,1.98,61.9,5.31,-12.33,2022,20.7,0.336,247
"DBC,EFA,GLD,SPY,VNQ",5,2006-12-01,2026-04-10,19.4,468356.0,8.3,-31.53,0.63,0.26,1.78,62.7,5.55,-12.28,2022,28.0,0.409,233
"EFA,GLD,SLV,SPY,VNQ",5,2007-03-01,2026-04-10,19.1,614612.0,9.97,-30.29,0.7,0.33,1.83,58.3,5.54,-12.6,2015,32.43,0.408,230
"EFA,GLD,SPY,TIP,TLT",5,2005-10-03,2026-04-10,20.5,427966.0,7.34,-25.56,0.83,0.29,1.99,59.1,5.44,-19.79,2018,24.82,0.147,247
"EFA,GLD,LQD,SPY,TLT",5,2005-10-03,2026-04-10,20.5,505380.0,8.22,-22.71,0.87,0.36,2.07,60.3,5.57,-15.85,2018,25.22,0.179,247
"DBC,EFA,GLD,SPY,TLT",5,2006-12-01,2026-04-10,19.4,464413.0,8.26,-23.17,0.74,0.36,1.88,61.4,5.54,-14.75,2018,29.37,0.164,233
"EFA,GLD,SLV,SPY,TLT",5,2007-03-01,2026-04-10,19.1,572047.0,9.56,-25.51,0.8,0.37,1.87,60.0,5.72,-17.94,2018,30.63,0.2,230
"EFA,GLD,LQD,SPY,TIP",5,2005-10-03,2026-04-10,20.5,329109.0,5.98,-22.09,0.79,0.27,1.91,60.3,5.22,-15.76,2018,15.47,0.232,247
"DBC,EFA,GLD,SPY,TIP",5,2006-12-01,2026-04-10,19.4,253610.0,4.93,-23.8,0.55,0.21,1.63,60.5,5.26,-16.85,2018,18.89,0.246,233
"EFA,GLD,SLV,SPY,TIP",5,2007-03-01,2026-04-10,19.1,312714.0,6.15,-24.64,0.66,0.25,1.7,59.6,5.21,-18.26,2015,22.53,0.27,230
"DBC,EFA,GLD,LQD,SPY",5,2006-12-01,2026-04-10,19.4,313542.0,6.08,-22.44,0.64,0.27,1.75,61.4,5.28,-11.06,2015,17.54,0.296,233
"EFA,GLD,LQD,SLV,SPY",5,2007-03-01,2026-04-10,19.1,387703.0,7.35,-20.85,0.76,0.35,1.83,57.4,5.32,-12.78,2015,25.12,0.316,230
"DBC,EFA,GLD,SLV,SPY",5,2007-03-01,2026-04-10,19.1,470621.0,8.44,-28.0,0.63,0.3,1.71,60.0,5.53,-15.62,2015,29.98,0.407,230
"EEM,GLD,SPY,TLT,VNQ",5,2005-10-03,2026-04-10,20.5,781728.0,10.54,-18.42,0.92,0.57,2.15,63.6,5.42,-12.23,2022,22.45,0.195,247
"EEM,GLD,SPY,TIP,VNQ",5,2005-10-03,2026-04-10,20.5,416251.0,7.2,-22.38,0.78,0.32,1.96,61.5,5.31,-12.28,2015,24.4,0.255,247
"EEM,GLD,LQD,SPY,VNQ",5,2005-10-03,2026-04-10,20.5,488457.0,8.04,-20.51,0.77,0.39,2.02,61.1,5.3,-12.36,2022,23.14,0.323,247
"DBC,EEM,GLD,SPY,VNQ",5,2006-12-01,2026-04-10,19.4,502994.0,8.7,-30.92,0.64,0.28,1.83,62.2,5.53,-11.77,2022,34.89,0.401,233
"EEM,GLD,SLV,SPY,VNQ",5,2007-03-01,2026-04-10,19.1,643715.0,10.23,-29.9,0.71,0.34,1.87,59.6,5.49,-13.28,2015,37.4,0.4,230
"EEM,GLD,SPY,TIP,TLT",5,2005-10-03,2026-04-10,20.5,422134.0,7.27,-23.26,0.81,0.31,1.98,59.9,5.49,-16.8,2018,24.68,0.142,247
"EEM,GLD,LQD,SPY,TLT",5,2005-10-03,2026-04-10,20.5,510220.0,8.27,-19.92,0.86,0.41,2.1,61.5,5.5,-12.37,2018,25.16,0.172,247
"DBC,EEM,GLD,SPY,TLT",5,2006-12-01,2026-04-10,19.4,482198.0,8.47,-22.44,0.75,0.38,1.91,60.5,5.48,-13.08,2018,29.83,0.161,233
"EEM,GLD,SLV,SPY,TLT",5,2007-03-01,2026-04-10,19.1,588519.0,9.72,-22.98,0.8,0.42,1.9,60.9,5.6,-14.46,2018,32.74,0.198,230
"EEM,GLD,LQD,SPY,TIP",5,2005-10-03,2026-04-10,20.5,329552.0,5.98,-19.65,0.77,0.3,1.92,61.1,5.26,-12.76,2018,16.36,0.219,247
"DBC,EEM,GLD,SPY,TIP",5,2006-12-01,2026-04-10,19.4,250300.0,4.85,-23.13,0.54,0.21,1.61,60.1,5.28,-17.19,2015,21.63,0.238,233
"EEM,GLD,SLV,SPY,TIP",5,2007-03-01,2026-04-10,19.1,311315.0,6.12,-22.41,0.65,0.27,1.69,60.9,5.21,-19.07,2015,24.4,0.263,230
"DBC,EEM,GLD,LQD,SPY",5,2006-12-01,2026-04-10,19.4,320150.0,6.2,-22.44,0.64,0.28,1.77,61.4,5.19,-11.53,2015,19.86,0.287,233
"EEM,GLD,LQD,SLV,SPY",5,2007-03-01,2026-04-10,19.1,399858.0,7.52,-20.38,0.76,0.37,1.86,57.8,5.19,-13.32,2015,26.59,0.306,230
"DBC,EEM,GLD,SLV,SPY",5,2007-03-01,2026-04-10,19.1,491930.0,8.69,-30.44,0.64,0.29,1.72,60.0,5.46,-16.95,2015,33.1,0.402,230
"GLD,SPY,TIP,TLT,VNQ",5,2005-10-03,2026-04-10,20.5,472135.0,7.86,-17.83,0.9,0.44,2.08,59.9,5.57,-12.43,2022,25.76,0.138,247
"GLD,LQD,SPY,TLT,VNQ",5,2005-10-03,2026-04-10,20.5,560483.0,8.76,-17.66,0.94,0.5,2.14,62.3,5.66,-12.69,2022,25.82,0.164,247
"DBC,GLD,SPY,TLT,VNQ",5,2006-12-01,2026-04-10,19.4,525753.0,8.95,-23.59,0.8,0.38,1.95,62.2,5.67,-12.31,2022,30.56,0.136,233
"GLD,SLV,SPY,TLT,VNQ",5,2007-03-01,2026-04-10,19.1,684162.0,10.59,-20.28,0.88,0.52,1.99,61.3,5.81,-13.05,2015,30.71,0.175,230
"GLD,LQD,SPY,TIP,VNQ",5,2005-10-03,2026-04-10,20.5,364391.0,6.51,-19.97,0.85,0.33,2.0,62.3,5.42,-12.82,2022,14.33,0.205,247
"DBC,GLD,SPY,TIP,VNQ",5,2006-12-01,2026-04-10,19.4,277324.0,5.41,-22.72,0.6,0.24,1.7,58.8,5.54,-14.59,2022,18.69,0.206,233
"GLD,SLV,SPY,TIP,VNQ",5,2007-03-01,2026-04-10,19.1,358728.0,6.91,-23.89,0.74,0.29,1.81,59.1,5.47,-14.26,2015,22.38,0.234,230
"DBC,GLD,LQD,SPY,VNQ",5,2006-12-01,2026-04-10,19.4,314495.0,6.1,-23.62,0.59,0.26,1.75,60.9,5.49,-12.59,2022,17.73,0.251,233
"GLD,LQD,SLV,SPY,VNQ",5,2007-03-01,2026-04-10,19.1,403711.0,7.58,-21.17,0.72,0.36,1.86,58.3,5.55,-12.46,2015,22.44,0.273,230
"DBC,GLD,SLV,SPY,VNQ",5,2007-03-01,2026-04-10,19.1,554320.0,9.38,-29.19,0.67,0.32,1.81,60.4,5.83,-12.99,2015,30.12,0.352,230
"GLD,LQD,SPY,TIP,TLT",5,2005-10-03,2026-04-10,20.5,411476.0,7.14,-19.89,0.89,0.36,2.08,62.3,5.67,-14.21,2018,27.8,0.221,247
"DBC,GLD,SPY,TIP,TLT",5,2006-12-01,2026-04-10,19.4,307113.0,5.97,-22.75,0.68,0.26,1.79,58.4,5.6,-16.9,2018,30.6,0.135,233
"GLD,SLV,SPY,TIP,TLT",5,2007-03-01,2026-04-10,19.1,381987.0,7.26,-22.78,0.79,0.32,1.85,60.4,5.6,-17.1,2018,29.99,0.2,230
"DBC,GLD,LQD,SPY,TLT",5,2006-12-01,2026-04-10,19.4,390623.0,7.29,-22.44,0.77,0.33,1.99,60.5,5.57,-11.79,2018,34.77,0.141,233
"GLD,LQD,SLV,SPY,TLT",5,2007-03-01,2026-04-10,19.1,455084.0,8.25,-20.76,0.84,0.4,1.96,61.3,5.75,-13.18,2018,36.22,0.201,230
"DBC,GLD,SLV,SPY,TLT",5,2007-03-01,2026-04-10,19.1,536022.0,9.18,-23.58,0.76,0.39,1.87,59.1,5.92,-13.51,2015,38.46,0.192,230
"DBC,GLD,LQD,SPY,TIP",5,2006-12-01,2026-04-10,19.4,237981.0,4.58,-21.56,0.6,0.21,1.69,58.4,5.35,-13.16,2018,12.23,0.199,233
"GLD,LQD,SLV,SPY,TIP",5,2007-03-01,2026-04-10,19.1,284490.0,5.62,-19.18,0.73,0.29,1.76,60.4,5.35,-13.63,2015,18.65,0.247,230
"DBC,GLD,SLV,SPY,TIP",5,2007-03-01,2026-04-10,19.1,263617.0,5.2,-28.93,0.56,0.18,1.59,58.3,5.46,-19.44,2015,19.77,0.268,230
"DBC,GLD,LQD,SLV,SPY",5,2007-03-01,2026-04-10,19.1,332503.0,6.49,-23.81,0.65,0.27,1.73,59.1,5.5,-12.48,2015,21.36,0.286,230
"EEM,EFA,GLD,TLT,VNQ",5,2005-10-03,2026-04-10,20.5,703878.0,9.98,-22.84,0.83,0.44,1.96,59.9,5.61,-13.16,2015,27.53,0.207,247
"EEM,EFA,GLD,TIP,VNQ",5,2005-10-03,2026-04-10,20.5,391395.0,6.88,-24.2,0.72,0.28,1.85,58.3,5.22,-10.18,2018,24.9,0.269,247
"EEM,EFA,GLD,LQD,VNQ",5,2005-10-03,2026-04-10,20.5,457127.0,7.69,-23.66,0.72,0.32,1.9,61.1,5.41,-14.82,2015,23.96,0.335,247
"DBC,EEM,EFA,GLD,VNQ",5,2006-12-01,2026-04-10,19.4,414013.0,7.62,-32.13,0.56,0.24,1.66,60.1,5.79,-11.12,2008,36.29,0.415,233
"EEM,EFA,GLD,SLV,VNQ",5,2007-03-01,2026-04-10,19.1,544693.0,9.28,-30.86,0.64,0.3,1.71,59.1,5.65,-13.3,2015,38.41,0.418,230
"EEM,EFA,GLD,TIP,TLT",5,2005-10-03,2026-04-10,20.5,470947.0,7.84,-19.43,0.83,0.4,2.03,57.1,5.33,-8.66,2015,22.75,0.164,247
"EEM,EFA,GLD,LQD,TLT",5,2005-10-03,2026-04-10,20.5,500367.0,8.16,-20.13,0.82,0.41,2.03,59.1,5.47,-14.21,2015,23.55,0.192,247
"DBC,EEM,EFA,GLD,TLT",5,2006-12-01,2026-04-10,19.4,362487.0,6.88,-33.78,0.59,0.2,1.65,57.5,5.78,-13.63,2018,26.3,0.183,233
"EEM,EFA,GLD,SLV,TLT",5,2007-03-01,2026-04-10,19.1,467783.0,8.41,-30.31,0.67,0.28,1.69,56.5,5.81,-13.69,2015,37.24,0.223,230
"EEM,EFA,GLD,LQD,TIP",5,2005-10-03,2026-04-10,20.5,347315.0,6.26,-19.43,0.79,0.32,1.95,59.1,5.16,-13.35,2015,19.77,0.242,247
"DBC,EEM,EFA,GLD,TIP",5,2006-12-01,2026-04-10,19.4,226953.0,4.32,-31.87,0.49,0.14,1.55,55.4,5.31,-15.59,2015,22.07,0.262,233
"EEM,EFA,GLD,SLV,TIP",5,2007-03-01,2026-04-10,19.1,302537.0,5.96,-27.91,0.65,0.21,1.68,54.3,5.02,-17.61,2015,27.27,0.29,230
"DBC,EEM,EFA,GLD,LQD",5,2006-12-01,2026-04-10,19.4,279134.0,5.45,-22.58,0.56,0.24,1.66,57.1,5.29,-13.94,2015,20.29,0.309,233
"EEM,EFA,GLD,LQD,SLV",5,2007-03-01,2026-04-10,19.1,353370.0,6.83,-19.93,0.69,0.34,1.75,53.0,5.25,-15.86,2015,31.01,0.332,230
"DBC,EEM,EFA,GLD,SLV",5,2007-03-01,2026-04-10,19.1,301323.0,5.94,-52.28,0.46,0.11,1.47,53.9,5.56,-19.81,2015,34.92,0.431,230
"EFA,GLD,TIP,TLT,VNQ",5,2005-10-03,2026-04-10,20.5,450293.0,7.61,-21.17,0.84,0.36,1.95,59.9,5.59,-11.83,2018,23.72,0.148,247
"EFA,GLD,LQD,TLT,VNQ",5,2005-10-03,2026-04-10,20.5,523933.0,8.41,-21.14,0.87,0.4,1.99,59.1,5.8,-14.4,2015,22.82,0.173,247
"DBC,EFA,GLD,TLT,VNQ",5,2006-12-01,2026-04-10,19.4,412507.0,7.6,-22.79,0.66,0.33,1.73,57.9,5.99,-13.07,2015,26.75,0.147,233
"EFA,GLD,SLV,TLT,VNQ",5,2007-03-01,2026-04-10,19.1,556403.0,9.4,-24.52,0.76,0.38,1.76,60.0,6.13,-15.38,2015,31.76,0.19,230
"EFA,GLD,LQD,TIP,VNQ",5,2005-10-03,2026-04-10,20.5,345733.0,6.23,-22.81,0.79,0.27,1.9,60.3,5.51,-13.75,2015,16.75,0.216,247
"DBC,EFA,GLD,TIP,VNQ",5,2006-12-01,2026-04-10,19.4,239182.0,4.61,-24.93,0.51,0.18,1.57,56.7,5.62,-11.01,2018,19.26,0.219,233
"EFA,GLD,SLV,TIP,VNQ",5,2007-03-01,2026-04-10,19.1,317331.0,6.23,-26.05,0.66,0.24,1.68,58.7,5.4,-12.63,2015,23.55,0.25,230
"DBC,EFA,GLD,LQD,VNQ",5,2006-12-01,2026-04-10,19.4,262244.0,5.11,-25.16,0.5,0.2,1.6,59.2,5.73,-14.07,2015,18.3,0.262,233
"EFA,GLD,LQD,SLV,VNQ",5,2007-03-01,2026-04-10,19.1,347284.0,6.73,-24.84,0.63,0.27,1.71,57.8,5.76,-16.38,2015,26.8,0.288,230
"DBC,EFA,GLD,SLV,VNQ",5,2007-03-01,2026-04-10,19.1,426443.0,7.88,-32.11,0.56,0.25,1.62,57.8,6.16,-13.87,2015,31.29,0.369,230
"EFA,GLD,LQD,TIP,TLT",5,2005-10-03,2026-04-10,20.5,437265.0,7.46,-18.89,0.89,0.39,2.13,58.3,5.65,-12.7,2015,24.8,0.24,247
"DBC,EFA,GLD,TIP,TLT",5,2006-12-01,2026-04-10,19.4,295345.0,5.75,-19.42,0.63,0.3,1.74,58.4,5.68,-12.08,2018,27.68,0.155,233
"EFA,GLD,SLV,TIP,TLT",5,2007-03-01,2026-04-10,19.1,390936.0,7.39,-21.13,0.79,0.35,1.84,57.8,5.48,-11.12,2015,27.12,0.224,230
"DBC,EFA,GLD,LQD,TLT",5,2006-12-01,2026-04-10,19.4,343749.0,6.59,-20.01,0.68,0.33,1.87,56.2,5.68,-13.49,2015,27.53,0.16,233
"EFA,GLD,LQD,SLV,TLT",5,2007-03-01,2026-04-10,19.1,402346.0,7.56,-21.33,0.76,0.35,1.83,54.3,5.83,-15.73,2015,28.98,0.223,230
"DBC,EFA,GLD,SLV,TLT",5,2007-03-01,2026-04-10,19.1,362732.0,6.97,-36.52,0.57,0.19,1.58,56.5,6.31,-14.32,2015,32.34,0.217,230
"DBC,EFA,GLD,LQD,TIP",5,2006-12-01,2026-04-10,19.4,234638.0,4.5,-19.42,0.59,0.23,1.7,55.8,5.4,-13.2,2015,14.06,0.22,233
"EFA,GLD,LQD,SLV,TIP",5,2007-03-01,2026-04-10,19.1,279699.0,5.53,-18.08,0.72,0.31,1.75,54.8,5.29,-15.46,2015,21.93,0.272,230
"DBC,EFA,GLD,SLV,TIP",5,2007-03-01,2026-04-10,19.1,227587.0,4.4,-35.38,0.48,0.12,1.5,55.2,5.51,-18.4,2015,20.9,0.295,230
"DBC,EFA,GLD,LQD,SLV",5,2007-03-01,2026-04-10,19.1,276422.0,5.46,-23.4,0.55,0.23,1.6,53.5,5.67,-15.82,2015,23.72,0.312,230
"EEM,GLD,TIP,TLT,VNQ",5,2005-10-03,2026-04-10,20.5,415105.0,7.18,-19.49,0.79,0.37,1.94,57.5,5.59,-10.05,2018,23.43,0.146,247
"EEM,GLD,LQD,TLT,VNQ",5,2005-10-03,2026-04-10,20.5,506952.0,8.23,-17.67,0.85,0.47,2.04,57.1,5.73,-9.06,2018,22.36,0.168,247
"DBC,EEM,GLD,TLT,VNQ",5,2006-12-01,2026-04-10,19.4,415489.0,7.64,-32.84,0.66,0.23,1.74,55.8,5.97,-10.17,2013,26.81,0.147,233
"EEM,GLD,SLV,TLT,VNQ",5,2007-03-01,2026-04-10,19.1,514117.0,8.95,-29.37,0.72,0.3,1.75,57.8,6.01,-10.06,2018,34.56,0.19,230
"EEM,GLD,LQD,TIP,VNQ",5,2005-10-03,2026-04-10,20.5,338318.0,6.12,-15.61,0.78,0.39,1.97,58.7,5.48,-8.8,2018,17.76,0.207,247
"DBC,EEM,GLD,TIP,VNQ",5,2006-12-01,2026-04-10,19.4,232490.0,4.45,-31.86,0.49,0.14,1.56,55.4,5.64,-12.02,2013,22.1,0.215,233
"EEM,GLD,SLV,TIP,VNQ",5,2007-03-01,2026-04-10,19.1,293804.0,5.8,-29.03,0.62,0.2,1.66,56.5,5.31,-8.85,2018,25.31,0.246,230
"DBC,EEM,GLD,LQD,VNQ",5,2006-12-01,2026-04-10,19.4,268415.0,5.23,-24.72,0.51,0.21,1.64,57.5,5.67,-12.84,2008,20.76,0.256,233
"EEM,GLD,LQD,SLV,VNQ",5,2007-03-01,2026-04-10,19.1,338582.0,6.59,-21.22,0.62,0.31,1.73,57.4,5.6,-10.7,2015,28.56,0.282,230
"DBC,EEM,GLD,SLV,VNQ",5,2007-03-01,2026-04-10,19.1,430878.0,7.94,-42.66,0.56,0.19,1.62,57.4,6.13,-9.16,2014,36.52,0.367,230
"EEM,GLD,LQD,TIP,TLT",5,2005-10-03,2026-04-10,20.5,417528.0,7.21,-22.99,0.85,0.31,2.17,57.5,5.59,-6.36,2018,24.81,0.236,247
"DBC,EEM,GLD,TIP,TLT",5,2006-12-01,2026-04-10,19.4,292431.0,5.7,-29.09,0.62,0.2,1.75,54.5,5.61,-12.48,2013,27.87,0.156,233
"EEM,GLD,SLV,TIP,TLT",5,2007-03-01,2026-04-10,19.1,356119.0,6.87,-24.43,0.74,0.28,1.81,57.0,5.34,-8.77,2013,27.06,0.225,230
"DBC,EEM,GLD,LQD,TLT",5,2006-12-01,2026-04-10,19.4,352742.0,6.73,-20.05,0.7,0.34,1.92,55.8,5.53,-11.77,2013,28.04,0.158,233
"EEM,GLD,LQD,SLV,TLT",5,2007-03-01,2026-04-10,19.1,381604.0,7.26,-20.33,0.74,0.36,1.86,54.3,5.64,-9.84,2015,29.14,0.222,230
"DBC,EEM,GLD,SLV,TLT",5,2007-03-01,2026-04-10,19.1,371175.0,7.1,-46.36,0.57,0.15,1.59,53.9,6.17,-13.8,2013,32.89,0.22,230
"DBC,EEM,GLD,LQD,TIP",5,2006-12-01,2026-04-10,19.4,243381.0,4.7,-19.42,0.62,0.24,1.78,55.8,5.33,-11.42,2013,15.19,0.214,233
"EEM,GLD,LQD,SLV,TIP",5,2007-03-01,2026-04-10,19.1,268537.0,5.3,-17.8,0.72,0.3,1.79,55.7,5.14,-7.67,2013,23.12,0.266,230
"DBC,EEM,GLD,SLV,TIP",5,2007-03-01,2026-04-10,19.1,226826.0,4.38,-40.96,0.48,0.11,1.5,52.6,5.31,-16.21,2014,22.55,0.293,230
"DBC,EEM,GLD,LQD,SLV",5,2007-03-01,2026-04-10,19.1,285478.0,5.64,-27.52,0.56,0.21,1.63,54.8,5.47,-11.45,2013,25.66,0.308,230
"GLD,LQD,TIP,TLT,VNQ",5,2005-10-03,2026-04-10,20.5,448955.0,7.59,-17.27,0.94,0.44,2.21,56.7,5.66,-8.94,2018,25.48,0.24,247
"DBC,GLD,TIP,TLT,VNQ",5,2006-12-01,2026-04-10,19.4,283204.0,5.53,-21.85,0.62,0.25,1.7,55.4,5.8,-18.44,2013,28.56,0.143,233
"GLD,SLV,TIP,TLT,VNQ",5,2007-03-01,2026-04-10,19.1,319225.0,6.26,-23.83,0.68,0.26,1.69,54.3,5.7,-13.5,2013,28.03,0.215,230
"DBC,GLD,LQD,TLT,VNQ",5,2006-12-01,2026-04-10,19.4,351883.0,6.72,-22.48,0.7,0.3,1.85,56.2,5.79,-10.26,2013,28.29,0.141,233
"GLD,LQD,SLV,TLT,VNQ",5,2007-03-01,2026-04-10,19.1,375703.0,7.17,-24.99,0.73,0.29,1.75,54.3,6.04,-10.05,2015,29.65,0.208,230
"DBC,GLD,SLV,TLT,VNQ",5,2007-03-01,2026-04-10,19.1,439221.0,8.05,-33.36,0.65,0.24,1.67,54.8,6.39,-13.54,2013,33.43,0.188,230
"DBC,GLD,LQD,TIP,VNQ",5,2006-12-01,2026-04-10,19.4,228226.0,4.36,-21.61,0.56,0.2,1.65,55.4,5.63,-13.46,2013,14.38,0.19,233
"GLD,LQD,SLV,TIP,VNQ",5,2007-03-01,2026-04-10,19.1,242150.0,4.74,-22.7,0.61,0.21,1.62,55.7,5.58,-10.18,2015,19.87,0.245,230
"DBC,GLD,SLV,TIP,VNQ",5,2007-03-01,2026-04-10,19.1,234631.0,4.56,-36.89,0.49,0.12,1.5,55.2,5.77,-18.44,2013,20.36,0.255,230
"DBC,GLD,LQD,SLV,VNQ",5,2007-03-01,2026-04-10,19.1,265317.0,5.24,-25.47,0.49,0.21,1.56,54.3,5.95,-10.29,2013,20.75,0.265,230
"DBC,GLD,LQD,TIP,TLT",5,2006-12-01,2026-04-10,19.4,307338.0,5.97,-19.42,0.72,0.31,1.95,54.1,5.64,-15.54,2013,29.38,0.262,233
"GLD,LQD,SLV,TIP,TLT",5,2007-03-01,2026-04-10,19.1,273405.0,5.4,-21.02,0.65,0.26,1.69,53.9,5.69,-15.8,2013,29.48,0.354,230
"DBC,GLD,SLV,TIP,TLT",5,2007-03-01,2026-04-10,19.1,297641.0,5.87,-25.85,0.62,0.23,1.68,53.0,5.86,-16.45,2013,32.24,0.277,230
"DBC,GLD,LQD,SLV,TLT",5,2007-03-01,2026-04-10,19.1,333230.0,6.5,-25.48,0.64,0.26,1.74,51.7,5.87,-17.2,2013,36.06,0.248,230
"DBC,GLD,LQD,SLV,TIP",5,2007-03-01,2026-04-10,19.1,226314.0,4.37,-23.42,0.55,0.19,1.6,53.0,5.52,-15.84,2013,17.45,0.303,230
"EEM,EFA,SPY,TLT,VNQ",5,2005-08-01,2026-04-10,20.7,519628.0,8.29,-21.97,0.68,0.38,1.78,60.2,5.35,-23.44,2022,20.57,0.365,249
"EEM,EFA,SPY,TIP,VNQ",5,2005-08-01,2026-04-10,20.7,275528.0,5.02,-22.9,0.56,0.22,1.63,60.6,5.04,-24.56,2022,20.68,0.436,249
"EEM,EFA,LQD,SPY,VNQ",5,2005-08-01,2026-04-10,20.7,310007.0,5.62,-23.84,0.53,0.24,1.63,60.6,5.07,-22.9,2022,23.5,0.544,249
"DBC,EEM,EFA,SPY,VNQ",5,2006-12-01,2026-04-10,19.4,325778.0,6.29,-34.18,0.45,0.18,1.55,58.4,5.61,-14.13,2011,44.13,0.627,233
"EEM,EFA,SLV,SPY,VNQ",5,2007-03-01,2026-04-10,19.1,282797.0,5.59,-37.72,0.4,0.15,1.46,57.4,5.64,-26.21,2011,38.54,0.57,230
"EEM,EFA,SPY,TIP,TLT",5,2004-10-01,2026-04-10,21.5,304599.0,5.31,-27.39,0.58,0.19,1.66,62.5,5.28,-24.3,2022,22.13,0.218,259
"EEM,EFA,LQD,SPY,TLT",5,2004-02-02,2026-04-10,22.2,355918.0,5.89,-23.96,0.6,0.25,1.69,64.0,5.45,-22.28,2022,19.37,0.288,267
"DBC,EEM,EFA,SPY,TLT",5,2006-12-01,2026-04-10,19.4,354794.0,6.76,-26.18,0.56,0.26,1.65,62.2,5.62,-13.88,2018,25.77,0.278,233
"EEM,EFA,SLV,SPY,TLT",5,2007-03-01,2026-04-10,19.1,347679.0,6.74,-28.15,0.55,0.24,1.58,57.8,5.65,-23.81,2022,24.99,0.257,230
"EEM,EFA,LQD,SPY,TIP",5,2004-10-01,2026-04-10,21.5,237222.0,4.1,-23.96,0.52,0.17,1.58,64.5,5.14,-23.85,2022,15.76,0.345,259
"DBC,EEM,EFA,SPY,TIP",5,2006-12-01,2026-04-10,19.4,193141.0,3.46,-26.93,0.4,0.13,1.44,60.9,5.13,-17.64,2018,17.55,0.367,233
"EEM,EFA,SLV,SPY,TIP",5,2007-03-01,2026-04-10,19.1,211985.0,4.01,-26.4,0.45,0.15,1.46,57.4,5.12,-21.98,2022,20.86,0.335,230
"DBC,EEM,EFA,LQD,SPY",5,2006-12-01,2026-04-10,19.4,220451.0,4.17,-30.94,0.42,0.13,1.47,61.4,5.21,-18.57,2008,19.75,0.456,233
"EEM,EFA,LQD,SLV,SPY",5,2007-03-01,2026-04-10,19.1,228560.0,4.42,-26.79,0.46,0.17,1.47,56.5,5.21,-23.84,2022,21.46,0.419,230
"DBC,EEM,EFA,SLV,SPY",5,2007-03-01,2026-04-10,19.1,284754.0,5.63,-40.93,0.42,0.14,1.47,56.5,5.55,-16.9,2011,33.38,0.518,230
"EFA,SPY,TIP,TLT,VNQ",5,2005-08-01,2026-04-10,20.7,299333.0,5.44,-23.81,0.61,0.23,1.66,60.6,5.46,-25.53,2022,23.31,0.206,249
"EFA,LQD,SPY,TLT,VNQ",5,2005-08-01,2026-04-10,20.7,348992.0,6.23,-22.92,0.66,0.27,1.7,62.2,5.47,-23.52,2022,19.82,0.272,249
"DBC,EFA,SPY,TLT,VNQ",5,2006-12-01,2026-04-10,19.4,368756.0,6.97,-23.24,0.59,0.3,1.66,61.4,5.83,-11.36,2022,26.37,0.246,233
"EFA,SLV,SPY,TLT,VNQ",5,2007-03-01,2026-04-10,19.1,406690.0,7.62,-27.37,0.63,0.28,1.65,58.3,5.72,-24.77,2022,26.05,0.228,230
"EFA,LQD,SPY,TIP,VNQ",5,2005-08-01,2026-04-10,20.7,238901.0,4.3,-23.33,0.55,0.18,1.59,61.8,5.36,-24.73,2022,13.75,0.325,249
"DBC,EFA,SPY,TIP,VNQ",5,2006-12-01,2026-04-10,19.4,205410.0,3.79,-21.82,0.44,0.17,1.48,61.4,5.37,-16.78,2022,18.01,0.328,233
"EFA,SLV,SPY,TIP,VNQ",5,2007-03-01,2026-04-10,19.1,237923.0,4.64,-24.86,0.52,0.19,1.55,59.6,5.34,-22.61,2022,18.36,0.299,230
"DBC,EFA,LQD,SPY,VNQ",5,2006-12-01,2026-04-10,19.4,220047.0,4.16,-33.03,0.4,0.13,1.47,61.4,5.51,-18.93,2008,18.12,0.414,233
"EFA,LQD,SLV,SPY,VNQ",5,2007-03-01,2026-04-10,19.1,238236.0,4.65,-27.98,0.45,0.17,1.49,58.3,5.45,-25.01,2022,19.89,0.379,230
"DBC,EFA,SLV,SPY,VNQ",5,2007-03-01,2026-04-10,19.1,316955.0,6.22,-35.08,0.45,0.18,1.53,58.7,5.92,-12.97,2011,28.09,0.46,230
"EFA,LQD,SPY,TIP,TLT",5,2004-10-01,2026-04-10,21.5,278194.0,4.87,-24.87,0.6,0.2,1.68,63.7,5.52,-24.38,2022,24.21,0.235,259
"DBC,EFA,SPY,TIP,TLT",5,2006-12-01,2026-04-10,19.4,228958.0,4.37,-25.53,0.49,0.17,1.55,60.9,5.57,-19.79,2018,27.63,0.148,233
"EFA,SLV,SPY,TIP,TLT",5,2007-03-01,2026-04-10,19.1,249306.0,4.9,-27.31,0.55,0.18,1.56,58.3,5.47,-22.28,2018,26.79,0.156,230
"DBC,EFA,LQD,SPY,TLT",5,2006-12-01,2026-04-10,19.4,295986.0,5.77,-20.59,0.58,0.28,1.71,60.5,5.67,-11.58,2018,26.19,0.194,233
"EFA,LQD,SLV,SPY,TLT",5,2007-03-01,2026-04-10,19.1,279014.0,5.52,-28.61,0.58,0.19,1.6,57.0,5.68,-24.28,2022,27.02,0.197,230
"DBC,EFA,SLV,SPY,TLT",5,2007-03-01,2026-04-10,19.1,362997.0,6.98,-25.51,0.58,0.27,1.62,60.9,5.97,-12.84,2018,32.13,0.191,230
"DBC,EFA,LQD,SPY,TIP",5,2006-12-01,2026-04-10,19.4,187274.0,3.29,-22.39,0.43,0.15,1.48,62.2,5.38,-16.1,2018,11.61,0.265,233
"EFA,LQD,SLV,SPY,TIP",5,2007-03-01,2026-04-10,19.1,193334.0,3.51,-26.11,0.47,0.13,1.46,57.8,5.28,-22.59,2022,14.26,0.255,230
"DBC,EFA,SLV,SPY,TIP",5,2007-03-01,2026-04-10,19.1,199647.0,3.68,-25.18,0.42,0.15,1.43,62.6,5.43,-18.01,2018,15.42,0.279,230
"DBC,EFA,LQD,SLV,SPY",5,2007-03-01,2026-04-10,19.1,222039.0,4.26,-25.45,0.44,0.17,1.46,59.6,5.47,-11.97,2015,16.36,0.338,230
"EEM,SPY,TIP,TLT,VNQ",5,2005-08-01,2026-04-10,20.7,297084.0,5.4,-23.9,0.59,0.23,1.67,61.4,5.55,-25.44,2022,22.86,0.196,249
"EEM,LQD,SPY,TLT,VNQ",5,2005-08-01,2026-04-10,20.7,342509.0,6.13,-24.71,0.63,0.25,1.71,61.4,5.6,-24.64,2022,18.65,0.259,249
"DBC,EEM,SPY,TLT,VNQ",5,2006-12-01,2026-04-10,19.4,384514.0,7.21,-23.01,0.6,0.31,1.7,60.5,5.77,-11.01,2015,26.2,0.239,233
"EEM,SLV,SPY,TLT,VNQ",5,2007-03-01,2026-04-10,19.1,404614.0,7.59,-29.2,0.62,0.26,1.65,58.7,5.79,-25.79,2022,24.81,0.221,230
"EEM,LQD,SPY,TIP,VNQ",5,2005-08-01,2026-04-10,20.7,240623.0,4.34,-24.08,0.54,0.18,1.61,62.2,5.43,-24.71,2022,13.11,0.307,249
"DBC,EEM,SPY,TIP,VNQ",5,2006-12-01,2026-04-10,19.4,205087.0,3.78,-21.81,0.43,0.17,1.49,61.4,5.42,-16.44,2022,17.66,0.317,233
"EEM,SLV,SPY,TIP,VNQ",5,2007-03-01,2026-04-10,19.1,239653.0,4.68,-25.68,0.52,0.18,1.55,59.1,5.38,-22.49,2022,21.42,0.287,230
"DBC,EEM,LQD,SPY,VNQ",5,2006-12-01,2026-04-10,19.4,221445.0,4.19,-32.85,0.4,0.13,1.48,61.8,5.48,-19.12,2008,20.05,0.4,233
"EEM,LQD,SLV,SPY,VNQ",5,2007-03-01,2026-04-10,19.1,238941.0,4.66,-29.93,0.44,0.16,1.49,58.7,5.53,-26.12,2022,22.52,0.365,230
"DBC,EEM,SLV,SPY,VNQ",5,2007-03-01,2026-04-10,19.1,343539.0,6.67,-33.77,0.47,0.2,1.57,60.0,5.88,-15.15,2011,36.29,0.451,230
"EEM,LQD,SPY,TIP,TLT",5,2004-10-01,2026-04-10,21.5,280298.0,4.91,-24.01,0.59,0.2,1.69,64.1,5.58,-24.17,2022,24.16,0.223,259
"DBC,EEM,SPY,TIP,TLT",5,2006-12-01,2026-04-10,19.4,226952.0,4.32,-24.21,0.48,0.18,1.55,60.9,5.6,-18.08,2018,27.75,0.141,233
"EEM,SLV,SPY,TIP,TLT",5,2007-03-01,2026-04-10,19.1,247478.0,4.86,-25.42,0.54,0.19,1.55,59.1,5.49,-21.96,2022,26.61,0.148,230
"DBC,EEM,LQD,SPY,TLT",5,2006-12-01,2026-04-10,19.4,297533.0,5.79,-21.43,0.58,0.27,1.74,62.2,5.57,-11.65,2015,26.73,0.185,233
"EEM,LQD,SLV,SPY,TLT",5,2007-03-01,2026-04-10,19.1,274422.0,5.42,-29.73,0.55,0.18,1.6,57.4,5.65,-25.11,2022,26.89,0.187,230
"DBC,EEM,SLV,SPY,TLT",5,2007-03-01,2026-04-10,19.1,372043.0,7.12,-27.03,0.58,0.26,1.64,59.1,5.85,-12.67,2018,32.58,0.186,230
"DBC,EEM,LQD,SPY,TIP",5,2006-12-01,2026-04-10,19.4,187087.0,3.29,-20.98,0.43,0.16,1.48,62.2,5.4,-14.37,2018,11.41,0.251,233
"EEM,LQD,SLV,SPY,TIP",5,2007-03-01,2026-04-10,19.1,194578.0,3.54,-26.4,0.47,0.13,1.47,59.1,5.3,-22.38,2022,15.13,0.241,230
"DBC,EEM,SLV,SPY,TIP",5,2007-03-01,2026-04-10,19.1,198385.0,3.65,-29.5,0.41,0.12,1.43,59.6,5.45,-18.04,2015,18.38,0.27,230
"DBC,EEM,LQD,SLV,SPY",5,2007-03-01,2026-04-10,19.1,225432.0,4.35,-26.24,0.44,0.17,1.47,59.1,5.37,-12.51,2015,18.83,0.327,230
"LQD,SPY,TIP,TLT,VNQ",5,2005-08-01,2026-04-10,20.7,252690.0,4.58,-30.7,0.57,0.15,1.61,60.6,5.62,-25.33,2022,24.95,0.231,249
"DBC,SPY,TIP,TLT,VNQ",5,2006-12-01,2026-04-10,19.4,205337.0,3.79,-27.82,0.44,0.14,1.47,57.1,5.76,-18.52,2022,28.61,0.132,233
"SLV,SPY,TIP,TLT,VNQ",5,2007-03-01,2026-04-10,19.1,250381.0,4.92,-30.02,0.55,0.16,1.56,56.5,5.69,-22.39,2022,27.85,0.142,230
"DBC,LQD,SPY,TLT,VNQ",5,2006-12-01,2026-04-10,19.4,273568.0,5.34,-28.52,0.55,0.19,1.65,60.9,5.74,-10.91,2022,27.22,0.172,233
"LQD,SLV,SPY,TLT,VNQ",5,2007-03-01,2026-04-10,19.1,279158.0,5.52,-34.27,0.57,0.16,1.58,57.8,5.91,-26.42,2022,27.75,0.177,230
"DBC,SLV,SPY,TLT,VNQ",5,2007-03-01,2026-04-10,19.1,393659.0,7.43,-30.16,0.61,0.25,1.66,59.6,6.2,-12.54,2022,33.58,0.159,230
"DBC,LQD,SPY,TIP,VNQ",5,2006-12-01,2026-04-10,19.4,174905.0,2.93,-26.35,0.38,0.11,1.42,60.5,5.56,-16.44,2022,17.04,0.232,233
"LQD,SLV,SPY,TIP,VNQ",5,2007-03-01,2026-04-10,19.1,195622.0,3.57,-30.97,0.47,0.12,1.47,56.5,5.55,-23.21,2022,14.26,0.225,230
"DBC,SLV,SPY,TIP,VNQ",5,2007-03-01,2026-04-10,19.1,206094.0,3.86,-26.9,0.43,0.14,1.47,60.0,5.76,-14.87,2022,18.88,0.235,230
"DBC,LQD,SLV,SPY,VNQ",5,2007-03-01,2026-04-10,19.1,218908.0,4.19,-30.26,0.4,0.14,1.46,57.8,5.8,-13.26,2022,18.58,0.288,230
"DBC,LQD,SPY,TIP,TLT",5,2006-12-01,2026-04-10,19.4,212166.0,3.96,-25.06,0.49,0.16,1.57,60.9,5.7,-15.99,2018,29.55,0.186,233
"LQD,SLV,SPY,TIP,TLT",5,2007-03-01,2026-04-10,19.1,226670.0,4.38,-30.55,0.54,0.14,1.56,57.8,5.75,-22.59,2022,29.52,0.216,230
"DBC,SLV,SPY,TIP,TLT",5,2007-03-01,2026-04-10,19.1,223016.0,4.29,-25.79,0.47,0.17,1.5,57.4,5.86,-18.51,2018,32.49,0.14,230
"DBC,LQD,SLV,SPY,TLT",5,2007-03-01,2026-04-10,19.1,288791.0,5.71,-29.93,0.57,0.19,1.66,58.7,5.97,-12.28,2015,38.0,0.154,230
"DBC,LQD,SLV,SPY,TIP",5,2007-03-01,2026-04-10,19.1,175595.0,2.99,-27.1,0.39,0.11,1.41,60.0,5.6,-14.7,2018,11.81,0.218,230
"EEM,EFA,TIP,TLT,VNQ",5,2005-08-01,2026-04-10,20.7,276097.0,5.03,-20.82,0.54,0.24,1.6,57.4,5.36,-18.66,2022,21.54,0.201,249
"EEM,EFA,LQD,TLT,VNQ",5,2005-08-01,2026-04-10,20.7,313382.0,5.68,-21.52,0.58,0.26,1.64,58.2,5.6,-17.99,2022,18.84,0.263,249
"DBC,EEM,EFA,TLT,VNQ",5,2006-12-01,2026-04-10,19.4,341910.0,6.56,-25.0,0.52,0.26,1.6,60.9,6.05,-13.0,2015,24.17,0.244,233
"EEM,EFA,SLV,TLT,VNQ",5,2007-03-01,2026-04-10,19.1,351248.0,6.8,-25.91,0.53,0.26,1.56,55.7,5.93,-19.34,2022,26.48,0.231,230
"EEM,EFA,LQD,TIP,VNQ",5,2005-08-01,2026-04-10,20.7,217819.0,3.83,-22.65,0.48,0.17,1.53,59.0,5.31,-18.58,2022,13.49,0.313,249
"DBC,EEM,EFA,TIP,VNQ",5,2006-12-01,2026-04-10,19.4,185783.0,3.25,-25.09,0.37,0.13,1.4,59.7,5.42,-12.08,2018,18.18,0.324,233
"EEM,EFA,SLV,TIP,VNQ",5,2007-03-01,2026-04-10,19.1,209377.0,3.94,-25.03,0.44,0.16,1.45,57.0,5.07,-16.22,2022,22.04,0.299,230
"DBC,EEM,EFA,LQD,VNQ",5,2006-12-01,2026-04-10,19.4,193023.0,3.46,-34.13,0.33,0.1,1.39,60.9,5.68,-21.15,2008,20.84,0.406,233
"EEM,EFA,LQD,SLV,VNQ",5,2007-03-01,2026-04-10,19.1,202850.0,3.77,-27.04,0.37,0.14,1.4,55.2,5.59,-19.66,2022,23.17,0.375,230
"DBC,EEM,EFA,SLV,VNQ",5,2007-03-01,2026-04-10,19.1,323852.0,6.34,-40.36,0.46,0.16,1.51,57.8,6.15,-16.5,2011,38.23,0.463,230
"EEM,EFA,LQD,TIP,TLT",5,2004-10-01,2026-04-10,21.5,305283.0,5.32,-19.46,0.64,0.27,1.79,58.7,5.29,-12.57,2015,22.21,0.237,259
"DBC,EEM,EFA,TIP,TLT",5,2006-12-01,2026-04-10,19.4,243960.0,4.72,-19.62,0.5,0.24,1.58,57.9,5.59,-13.13,2018,25.58,0.156,233
"EEM,EFA,SLV,TIP,TLT",5,2007-03-01,2026-04-10,19.1,250304.0,4.92,-21.16,0.54,0.23,1.56,53.9,5.15,-15.74,2022,24.57,0.167,230
"DBC,EEM,EFA,LQD,TLT",5,2006-12-01,2026-04-10,19.4,289662.0,5.65,-24.89,0.55,0.23,1.7,58.8,5.58,-13.88,2015,22.97,0.199,233
"EEM,EFA,LQD,SLV,TLT",5,2007-03-01,2026-04-10,19.1,241757.0,4.73,-30.16,0.49,0.16,1.52,52.6,5.61,-18.13,2022,24.2,0.205,230
"DBC,EEM,EFA,SLV,TLT",5,2007-03-01,2026-04-10,19.1,288048.0,5.69,-39.47,0.45,0.14,1.47,55.2,6.24,-14.61,2015,28.7,0.206,230
"DBC,EEM,EFA,LQD,TIP",5,2006-12-01,2026-04-10,19.4,202098.0,3.7,-19.96,0.46,0.19,1.55,60.9,5.37,-12.92,2015,11.38,0.267,233
"EEM,EFA,LQD,SLV,TIP",5,2007-03-01,2026-04-10,19.1,185838.0,3.3,-22.07,0.45,0.15,1.44,53.5,5.02,-16.43,2022,14.42,0.261,230
"DBC,EEM,EFA,SLV,TIP",5,2007-03-01,2026-04-10,19.1,182543.0,3.2,-35.57,0.36,0.09,1.38,55.7,5.42,-16.76,2015,18.9,0.292,230
"DBC,EEM,EFA,LQD,SLV",5,2007-03-01,2026-04-10,19.1,196198.0,3.59,-27.26,0.37,0.13,1.39,53.5,5.53,-15.19,2015,19.35,0.347,230
"EFA,LQD,TIP,TLT,VNQ",5,2005-08-01,2026-04-10,20.7,259003.0,4.71,-21.51,0.58,0.22,1.62,59.0,5.66,-18.95,2022,22.89,0.233,249
"DBC,EFA,TIP,TLT,VNQ",5,2006-12-01,2026-04-10,19.4,207989.0,3.86,-22.72,0.43,0.17,1.46,59.2,5.9,-13.99,2018,26.32,0.137,233
"EFA,SLV,TIP,TLT,VNQ",5,2007-03-01,2026-04-10,19.1,230763.0,4.47,-24.94,0.5,0.18,1.49,57.4,5.48,-15.59,2022,25.69,0.151,230
"DBC,EFA,LQD,TLT,VNQ",5,2006-12-01,2026-04-10,19.4,259139.0,5.04,-24.02,0.51,0.21,1.59,60.9,6.01,-14.11,2015,23.1,0.175,233
"EFA,LQD,SLV,TLT,VNQ",5,2007-03-01,2026-04-10,19.1,247053.0,4.85,-27.35,0.51,0.18,1.5,55.7,5.99,-19.8,2022,24.66,0.184,230
"DBC,EFA,SLV,TLT,VNQ",5,2007-03-01,2026-04-10,19.1,341475.0,6.64,-29.5,0.53,0.22,1.54,58.7,6.56,-15.21,2015,29.36,0.167,230
"DBC,EFA,LQD,TIP,VNQ",5,2006-12-01,2026-04-10,19.4,174682.0,2.92,-22.59,0.37,0.13,1.41,58.8,5.8,-13.39,2015,13.41,0.236,233
"EFA,LQD,SLV,TIP,VNQ",5,2007-03-01,2026-04-10,19.1,178178.0,3.07,-25.39,0.41,0.12,1.39,56.1,5.42,-17.12,2022,13.11,0.233,230
"DBC,EFA,SLV,TIP,VNQ",5,2007-03-01,2026-04-10,19.1,188175.0,3.36,-31.08,0.37,0.11,1.39,58.3,5.78,-12.33,2018,16.2,0.246,230
"DBC,EFA,LQD,SLV,VNQ",5,2007-03-01,2026-04-10,19.1,189332.0,3.4,-28.76,0.33,0.12,1.37,57.0,6.09,-15.88,2015,17.6,0.297,230
"DBC,EFA,LQD,TIP,TLT",5,2006-12-01,2026-04-10,19.4,250600.0,4.86,-19.59,0.57,0.25,1.73,59.7,5.8,-12.41,2015,26.21,0.199,233
"EFA,LQD,SLV,TIP,TLT",5,2007-03-01,2026-04-10,19.1,226675.0,4.38,-24.03,0.55,0.18,1.57,53.5,5.53,-16.5,2022,26.28,0.232,230
"DBC,EFA,SLV,TIP,TLT",5,2007-03-01,2026-04-10,19.1,225128.0,4.34,-21.88,0.46,0.2,1.49,56.1,5.88,-13.4,2018,29.34,0.158,230
"DBC,EFA,LQD,SLV,TLT",5,2007-03-01,2026-04-10,19.1,259899.0,5.12,-29.36,0.51,0.17,1.59,54.8,6.15,-15.4,2015,29.35,0.171,230
"DBC,EFA,LQD,SLV,TIP",5,2007-03-01,2026-04-10,19.1,181673.0,3.17,-23.44,0.4,0.14,1.44,54.3,5.62,-15.03,2015,13.16,0.237,230
"EEM,LQD,TIP,TLT,VNQ",5,2005-08-01,2026-04-10,20.7,245713.0,4.44,-21.63,0.54,0.21,1.63,55.8,5.66,-18.83,2022,22.66,0.224,249
"DBC,EEM,TIP,TLT,VNQ",5,2006-12-01,2026-04-10,19.4,199882.0,3.64,-25.02,0.4,0.15,1.45,56.7,5.93,-12.76,2013,26.29,0.133,233
"EEM,SLV,TIP,TLT,VNQ",5,2007-03-01,2026-04-10,19.1,208596.0,3.92,-23.82,0.44,0.16,1.45,54.8,5.43,-15.22,2022,25.35,0.147,230
"DBC,EEM,LQD,TLT,VNQ",5,2006-12-01,2026-04-10,19.4,257857.0,5.02,-26.58,0.51,0.19,1.61,58.8,5.92,-9.77,2013,23.06,0.169,233
"EEM,LQD,SLV,TLT,VNQ",5,2007-03-01,2026-04-10,19.1,224205.0,4.32,-31.61,0.45,0.14,1.48,53.5,5.95,-22.39,2022,24.11,0.178,230
"DBC,EEM,SLV,TLT,VNQ",5,2007-03-01,2026-04-10,19.1,331039.0,6.46,-38.89,0.51,0.17,1.53,55.7,6.45,-10.1,2013,29.34,0.166,230
"DBC,EEM,LQD,TIP,VNQ",5,2006-12-01,2026-04-10,19.4,176626.0,2.98,-21.22,0.38,0.14,1.44,57.1,5.79,-11.27,2013,12.76,0.226,233
"EEM,LQD,SLV,TIP,VNQ",5,2007-03-01,2026-04-10,19.1,170894.0,2.84,-25.35,0.39,0.11,1.4,56.1,5.35,-17.0,2022,13.18,0.223,230
"DBC,EEM,SLV,TIP,VNQ",5,2007-03-01,2026-04-10,19.1,182449.0,3.2,-36.44,0.35,0.09,1.38,56.1,5.75,-12.45,2013,19.31,0.24,230
"DBC,EEM,LQD,SLV,VNQ",5,2007-03-01,2026-04-10,19.1,189917.0,3.41,-29.81,0.33,0.11,1.38,56.1,5.96,-11.48,2008,20.28,0.289,230
"DBC,EEM,LQD,TIP,TLT",5,2006-12-01,2026-04-10,19.4,255152.0,4.96,-21.05,0.59,0.24,1.79,57.9,5.75,-12.06,2013,26.4,0.192,233
"EEM,LQD,SLV,TIP,TLT",5,2007-03-01,2026-04-10,19.1,211892.0,4.01,-27.17,0.52,0.15,1.57,53.5,5.42,-16.02,2022,26.29,0.226,230
"DBC,EEM,SLV,TIP,TLT",5,2007-03-01,2026-04-10,19.1,221573.0,4.25,-30.39,0.45,0.14,1.49,55.2,5.78,-13.01,2013,29.52,0.157,230
"DBC,EEM,LQD,SLV,TLT",5,2007-03-01,2026-04-10,19.1,272418.0,5.38,-31.84,0.54,0.17,1.63,54.3,5.88,-12.38,2013,29.93,0.167,230
"DBC,EEM,LQD,SLV,TIP",5,2007-03-01,2026-04-10,19.1,186352.0,3.31,-25.37,0.43,0.13,1.48,54.8,5.52,-12.17,2013,14.3,0.229,230
"DBC,LQD,TIP,TLT,VNQ",5,2006-12-01,2026-04-10,19.4,194063.0,3.48,-28.63,0.43,0.12,1.5,54.9,5.78,-14.0,2013,26.98,0.192,233
"LQD,SLV,TIP,TLT,VNQ",5,2007-03-01,2026-04-10,19.1,176398.0,3.01,-35.03,0.4,0.09,1.39,51.3,5.57,-20.99,2023,27.04,0.229,230
"DBC,SLV,TIP,TLT,VNQ",5,2007-03-01,2026-04-10,19.1,186782.0,3.32,-30.47,0.37,0.11,1.37,53.5,6.04,-19.13,2013,30.32,0.141,230
"DBC,LQD,SLV,TLT,VNQ",5,2007-03-01,2026-04-10,19.1,227688.0,4.4,-36.95,0.45,0.12,1.48,55.2,6.21,-16.97,2023,30.31,0.148,230
"DBC,LQD,SLV,TIP,VNQ",5,2007-03-01,2026-04-10,19.1,150242.0,2.15,-31.77,0.29,0.07,1.29,55.2,5.87,-14.39,2013,14.41,0.203,230
"DBC,LQD,SLV,TIP,TLT",5,2007-03-01,2026-04-10,19.1,207406.0,3.89,-30.56,0.47,0.13,1.53,52.6,5.94,-16.47,2013,30.92,0.25,230
"EEM,EFA,GLD,IEF,QQQ,SPY",6,2005-10-03,2026-04-10,20.5,598501.0,9.11,-15.96,0.91,0.57,2.2,62.3,5.13,-11.83,2022,19.26,0.309,247
"EFA,GLD,IEF,QQQ,SPY,VNQ",6,2005-10-03,2026-04-10,20.5,670668.0,9.72,-17.04,1.01,0.57,2.29,62.3,5.26,-13.82,2022,19.54,0.283,247
"EFA,GLD,IEF,QQQ,SPY,TLT",6,2005-10-03,2026-04-10,20.5,590576.0,9.04,-16.26,0.96,0.56,2.23,62.3,5.46,-12.43,2022,18.77,0.166,247
"EFA,GLD,IEF,QQQ,SPY,TIP",6,2005-10-03,2026-04-10,20.5,463416.0,7.76,-15.06,0.98,0.52,2.26,62.8,5.25,-12.84,2022,16.37,0.202,247
"EFA,GLD,IEF,LQD,QQQ,SPY",6,2005-10-03,2026-04-10,20.5,512365.0,8.29,-15.81,0.99,0.52,2.3,61.9,5.39,-12.18,2022,16.44,0.239,247
"DBC,EFA,GLD,IEF,QQQ,SPY",6,2006-12-01,2026-04-10,19.4,442404.0,7.99,-23.01,0.83,0.35,2.05,61.8,5.24,-12.12,2022,16.19,0.239,233
"EFA,GLD,IEF,QQQ,SLV,SPY",6,2007-03-01,2026-04-10,19.1,510845.0,8.91,-16.21,0.9,0.55,2.05,62.2,5.4,-12.34,2022,22.53,0.256,230
"EEM,GLD,IEF,QQQ,SPY,VNQ",6,2005-10-03,2026-04-10,20.5,697722.0,9.93,-16.92,1.0,0.59,2.35,62.8,5.28,-14.04,2022,17.35,0.276,247
"EEM,GLD,IEF,QQQ,SPY,TLT",6,2005-10-03,2026-04-10,20.5,604562.0,9.17,-16.14,0.95,0.57,2.28,61.5,5.41,-12.47,2022,19.02,0.162,247
"EEM,GLD,IEF,QQQ,SPY,TIP",6,2005-10-03,2026-04-10,20.5,471410.0,7.85,-14.94,0.97,0.53,2.29,63.2,5.3,-12.69,2022,16.26,0.195,247
"EEM,GLD,IEF,LQD,QQQ,SPY",6,2005-10-03,2026-04-10,20.5,528873.0,8.46,-15.72,0.99,0.54,2.36,60.7,5.36,-12.25,2022,17.0,0.23,247
"DBC,EEM,GLD,IEF,QQQ,SPY",6,2006-12-01,2026-04-10,19.4,455178.0,8.14,-22.89,0.83,0.36,2.1,60.9,5.18,-11.64,2022,17.28,0.233,233
"EEM,GLD,IEF,QQQ,SLV,SPY",6,2007-03-01,2026-04-10,19.1,532085.0,9.14,-16.11,0.9,0.57,2.1,61.7,5.34,-12.36,2022,23.68,0.25,230
"GLD,IEF,QQQ,SPY,TLT,VNQ",6,2005-10-03,2026-04-10,20.5,674217.0,9.75,-17.37,1.05,0.56,2.33,64.4,5.6,-14.65,2022,18.38,0.156,247
"GLD,IEF,QQQ,SPY,TIP,VNQ",6,2005-10-03,2026-04-10,20.5,520917.0,8.38,-16.17,1.07,0.52,2.39,62.8,5.43,-14.55,2022,15.91,0.184,247
"GLD,IEF,LQD,QQQ,SPY,VNQ",6,2005-10-03,2026-04-10,20.5,568174.0,8.84,-16.72,1.06,0.53,2.39,61.9,5.58,-14.33,2022,14.76,0.217,247
"DBC,GLD,IEF,QQQ,SPY,VNQ",6,2006-12-01,2026-04-10,19.4,480081.0,8.44,-24.46,0.88,0.35,2.11,59.2,5.41,-14.74,2022,19.26,0.209,233
"GLD,IEF,QQQ,SLV,SPY,VNQ",6,2007-03-01,2026-04-10,19.1,577974.0,9.61,-17.43,0.97,0.55,2.16,61.7,5.57,-13.86,2022,20.07,0.228,230
"GLD,IEF,QQQ,SPY,TIP,TLT",6,2005-10-03,2026-04-10,20.5,474341.0,7.88,-15.4,1.0,0.51,2.3,64.0,5.56,-13.21,2022,17.23,0.182,247
"GLD,IEF,LQD,QQQ,SPY,TLT",6,2005-10-03,2026-04-10,20.5,507749.0,8.24,-15.93,1.0,0.52,2.35,62.3,5.7,-12.67,2022,17.4,0.189,247
"DBC,GLD,IEF,QQQ,SPY,TLT",6,2006-12-01,2026-04-10,19.4,464586.0,8.26,-23.31,0.89,0.35,2.16,60.5,5.46,-12.32,2022,18.84,0.123,233
"GLD,IEF,QQQ,SLV,SPY,TLT",6,2007-03-01,2026-04-10,19.1,534653.0,9.17,-17.08,0.95,0.54,2.14,62.2,5.64,-12.69,2022,19.57,0.166,230
"GLD,IEF,LQD,QQQ,SPY,TIP",6,2005-10-03,2026-04-10,20.5,448476.0,7.59,-14.73,1.06,0.52,2.4,63.2,5.53,-12.91,2022,14.08,0.21,247
"DBC,GLD,IEF,QQQ,SPY,TIP",6,2006-12-01,2026-04-10,19.4,353116.0,6.73,-22.45,0.86,0.3,2.1,63.5,5.38,-14.84,2022,14.44,0.163,233
"GLD,IEF,QQQ,SLV,SPY,TIP",6,2007-03-01,2026-04-10,19.1,419083.0,7.79,-15.24,0.98,0.51,2.14,62.6,5.4,-12.3,2022,17.67,0.199,230
"DBC,GLD,IEF,LQD,QQQ,SPY",6,2006-12-01,2026-04-10,19.4,390643.0,7.29,-22.71,0.87,0.32,2.17,61.4,5.42,-11.99,2022,13.29,0.183,233
"GLD,IEF,LQD,QQQ,SLV,SPY",6,2007-03-01,2026-04-10,19.1,443310.0,8.1,-18.01,0.96,0.45,2.17,60.4,5.57,-12.92,2022,18.07,0.215,230
"DBC,GLD,IEF,QQQ,SLV,SPY",6,2007-03-01,2026-04-10,19.1,468993.0,8.42,-23.58,0.84,0.36,2.02,62.6,5.45,-12.87,2022,19.14,0.22,230
"EEM,EFA,GLD,IEF,QQQ,VNQ",6,2005-10-03,2026-04-10,20.5,674097.0,9.75,-15.33,0.97,0.64,2.24,61.5,5.5,-7.17,2022,19.74,0.276,247
"EEM,EFA,GLD,IEF,QQQ,TLT",6,2005-10-03,2026-04-10,20.5,568038.0,8.83,-18.31,0.88,0.48,2.12,60.3,5.68,-4.04,2022,21.48,0.167,247
"EEM,EFA,GLD,IEF,QQQ,TIP",6,2005-10-03,2026-04-10,20.5,460144.0,7.72,-18.31,0.92,0.42,2.19,60.3,5.46,-6.04,2018,17.51,0.202,247
"EEM,EFA,GLD,IEF,LQD,QQQ",6,2005-10-03,2026-04-10,20.5,535557.0,8.52,-18.31,0.96,0.47,2.29,60.3,5.56,-3.94,2022,18.19,0.236,247
"DBC,EEM,EFA,GLD,IEF,QQQ",6,2006-12-01,2026-04-10,19.4,408764.0,7.54,-20.01,0.77,0.38,1.94,58.4,5.46,-4.14,2022,19.68,0.24,233
"EEM,EFA,GLD,IEF,QQQ,SLV",6,2007-03-01,2026-04-10,19.1,469406.0,8.43,-16.36,0.82,0.52,1.92,58.7,5.76,-5.49,2022,26.0,0.259,230
"EFA,GLD,IEF,QQQ,TLT,VNQ",6,2005-10-03,2026-04-10,20.5,664954.0,9.67,-15.55,1.02,0.62,2.25,59.9,5.81,-7.59,2022,19.53,0.153,247
"EFA,GLD,IEF,QQQ,TIP,VNQ",6,2005-10-03,2026-04-10,20.5,527807.0,8.45,-14.34,1.06,0.59,2.34,61.9,5.59,-7.66,2022,14.94,0.183,247
"EFA,GLD,IEF,LQD,QQQ,VNQ",6,2005-10-03,2026-04-10,20.5,582438.0,8.97,-15.45,1.06,0.58,2.35,61.9,5.77,-7.54,2022,15.75,0.215,247
"DBC,EFA,GLD,IEF,QQQ,VNQ",6,2006-12-01,2026-04-10,19.4,445443.0,8.02,-22.48,0.84,0.36,2.03,60.1,5.61,-8.69,2022,18.11,0.208,233
"EFA,GLD,IEF,QQQ,SLV,VNQ",6,2007-03-01,2026-04-10,19.1,540519.0,9.23,-17.62,0.92,0.52,2.04,60.9,5.88,-7.4,2022,22.4,0.229,230
"EFA,GLD,IEF,QQQ,TIP,TLT",6,2005-10-03,2026-04-10,20.5,472900.0,7.87,-16.92,0.95,0.47,2.21,60.3,5.73,-7.69,2018,16.52,0.186,247
"EFA,GLD,IEF,LQD,QQQ,TLT",6,2005-10-03,2026-04-10,20.5,521933.0,8.39,-16.16,0.98,0.52,2.29,61.1,5.91,-4.29,2022,16.72,0.193,247
"DBC,EFA,GLD,IEF,QQQ,TLT",6,2006-12-01,2026-04-10,19.4,422872.0,7.73,-20.01,0.82,0.39,2.02,58.8,5.7,-4.68,2022,19.97,0.127,233
"EFA,GLD,IEF,QQQ,SLV,TLT",6,2007-03-01,2026-04-10,19.1,480076.0,8.56,-16.83,0.86,0.51,1.96,60.4,6.03,-5.74,2022,22.44,0.173,230
"EFA,GLD,IEF,LQD,QQQ,TIP",6,2005-10-03,2026-04-10,20.5,465051.0,7.78,-16.16,1.04,0.48,2.4,60.7,5.69,-4.81,2022,15.32,0.215,247
"DBC,EFA,GLD,IEF,QQQ,TIP",6,2006-12-01,2026-04-10,19.4,336837.0,6.47,-19.42,0.82,0.33,2.02,61.4,5.52,-7.25,2022,13.96,0.168,233
"EFA,GLD,IEF,QQQ,SLV,TIP",6,2007-03-01,2026-04-10,19.1,394517.0,7.45,-16.35,0.91,0.46,2.03,58.7,5.6,-6.45,2018,19.42,0.207,230
"DBC,EFA,GLD,IEF,LQD,QQQ",6,2006-12-01,2026-04-10,19.4,378218.0,7.11,-20.01,0.84,0.36,2.11,60.1,5.6,-4.58,2022,13.58,0.187,233
"EFA,GLD,IEF,LQD,QQQ,SLV",6,2007-03-01,2026-04-10,19.1,429529.0,7.93,-17.85,0.93,0.44,2.08,57.8,5.88,-6.09,2022,20.11,0.222,230
"DBC,EFA,GLD,IEF,QQQ,SLV",6,2007-03-01,2026-04-10,19.1,409133.0,7.65,-22.39,0.76,0.34,1.87,59.1,5.79,-6.9,2022,21.1,0.228,230
"EEM,GLD,IEF,QQQ,TLT,VNQ",6,2005-10-03,2026-04-10,20.5,713057.0,10.05,-15.37,1.02,0.65,2.32,61.1,5.87,-7.84,2022,20.76,0.151,247
"EEM,GLD,IEF,QQQ,TIP,VNQ",6,2005-10-03,2026-04-10,20.5,565910.0,8.81,-14.16,1.07,0.62,2.4,62.8,5.69,-7.52,2022,16.58,0.179,247
"EEM,GLD,IEF,LQD,QQQ,VNQ",6,2005-10-03,2026-04-10,20.5,639137.0,9.46,-15.92,1.08,0.59,2.45,62.3,5.82,-7.84,2022,17.41,0.209,247
"DBC,EEM,GLD,IEF,QQQ,VNQ",6,2006-12-01,2026-04-10,19.4,460814.0,8.21,-22.48,0.84,0.37,2.07,61.4,5.65,-8.32,2022,19.31,0.205,233
"EEM,GLD,IEF,QQQ,SLV,VNQ",6,2007-03-01,2026-04-10,19.1,582794.0,9.66,-18.24,0.94,0.53,2.11,62.2,5.92,-7.64,2022,23.74,0.226,230
"EEM,GLD,IEF,QQQ,TIP,TLT",6,2005-10-03,2026-04-10,20.5,493699.0,8.09,-20.21,0.93,0.4,2.21,60.7,5.82,-4.54,2022,17.76,0.185,247
"EEM,GLD,IEF,LQD,QQQ,TLT",6,2005-10-03,2026-04-10,20.5,557544.0,8.74,-20.21,0.97,0.43,2.34,61.5,5.89,-4.17,2022,18.71,0.19,247
"DBC,EEM,GLD,IEF,QQQ,TLT",6,2006-12-01,2026-04-10,19.4,437317.0,7.92,-20.01,0.82,0.4,2.05,58.8,5.67,-3.82,2012,21.13,0.127,233
"EEM,GLD,IEF,QQQ,SLV,TLT",6,2007-03-01,2026-04-10,19.1,514741.0,8.95,-17.35,0.87,0.52,2.0,61.3,5.99,-5.56,2022,23.6,0.173,230
"EEM,GLD,IEF,LQD,QQQ,TIP",6,2005-10-03,2026-04-10,20.5,494346.0,8.1,-20.21,1.03,0.4,2.43,61.5,5.77,-4.59,2022,17.33,0.209,247
"DBC,EEM,GLD,IEF,QQQ,TIP",6,2006-12-01,2026-04-10,19.4,343904.0,6.59,-19.42,0.82,0.34,2.03,60.9,5.58,-6.78,2022,15.16,0.165,233
"EEM,GLD,IEF,QQQ,SLV,TIP",6,2007-03-01,2026-04-10,19.1,418023.0,7.77,-15.29,0.93,0.51,2.05,59.6,5.67,-5.23,2022,20.42,0.204,230
"DBC,EEM,GLD,IEF,LQD,QQQ",6,2006-12-01,2026-04-10,19.4,395638.0,7.36,-20.01,0.86,0.37,2.17,59.2,5.58,-3.67,2022,14.4,0.182,233
"EEM,GLD,IEF,LQD,QQQ,SLV",6,2007-03-01,2026-04-10,19.1,467290.0,8.4,-18.53,0.96,0.45,2.16,60.0,5.84,-5.97,2022,21.26,0.217,230
"DBC,EEM,GLD,IEF,QQQ,SLV",6,2007-03-01,2026-04-10,19.1,421218.0,7.82,-22.39,0.76,0.35,1.87,58.7,5.77,-5.93,2022,22.67,0.227,230
"GLD,IEF,QQQ,TIP,TLT,VNQ",6,2005-10-03,2026-04-10,20.5,593847.0,9.07,-14.49,1.11,0.63,2.43,61.1,5.92,-7.8,2022,16.36,0.186,247
"GLD,IEF,LQD,QQQ,TLT,VNQ",6,2005-10-03,2026-04-10,20.5,643347.0,9.5,-15.43,1.11,0.62,2.44,64.0,6.11,-8.14,2022,15.93,0.189,247
"DBC,GLD,IEF,QQQ,TLT,VNQ",6,2006-12-01,2026-04-10,19.4,479498.0,8.44,-22.55,0.89,0.37,2.13,60.5,5.91,-8.73,2022,19.39,0.115,233
"GLD,IEF,QQQ,SLV,TLT,VNQ",6,2007-03-01,2026-04-10,19.1,595177.0,9.78,-19.04,0.98,0.51,2.11,61.7,6.22,-7.58,2022,21.38,0.163,230
"GLD,IEF,LQD,QQQ,TIP,VNQ",6,2005-10-03,2026-04-10,20.5,570633.0,8.86,-14.08,1.19,0.63,2.6,62.3,5.88,-7.89,2022,14.75,0.203,247
"DBC,GLD,IEF,QQQ,TIP,VNQ",6,2006-12-01,2026-04-10,19.4,374646.0,7.06,-21.68,0.89,0.33,2.13,61.4,5.78,-10.87,2022,14.87,0.149,233
"GLD,IEF,QQQ,SLV,TIP,VNQ",6,2007-03-01,2026-04-10,19.1,479914.0,8.55,-16.87,1.05,0.51,2.22,62.2,5.83,-6.61,2022,17.55,0.189,230
"DBC,GLD,IEF,LQD,QQQ,VNQ",6,2006-12-01,2026-04-10,19.4,411907.0,7.59,-22.48,0.9,0.34,2.17,62.2,5.83,-8.75,2022,13.69,0.164,233
"GLD,IEF,LQD,QQQ,SLV,VNQ",6,2007-03-01,2026-04-10,19.1,505486.0,8.85,-20.09,1.03,0.44,2.2,62.2,6.11,-8.31,2022,18.06,0.2,230
"DBC,GLD,IEF,QQQ,SLV,VNQ",6,2007-03-01,2026-04-10,19.1,473585.0,8.48,-23.59,0.84,0.36,1.99,60.4,5.99,-9.02,2022,20.42,0.198,230
"GLD,IEF,LQD,QQQ,TIP,TLT",6,2005-10-03,2026-04-10,20.5,526476.0,8.43,-17.3,1.04,0.49,2.47,61.1,6.0,-4.85,2022,17.38,0.296,247
"DBC,GLD,IEF,QQQ,TIP,TLT",6,2006-12-01,2026-04-10,19.4,365828.0,6.93,-19.49,0.85,0.36,2.11,60.5,5.75,-7.1,2022,18.98,0.184,233
"GLD,IEF,QQQ,SLV,TIP,TLT",6,2007-03-01,2026-04-10,19.1,436055.0,8.01,-15.62,0.94,0.51,2.07,58.3,5.89,-5.07,2022,18.7,0.249,230
"DBC,GLD,IEF,LQD,QQQ,TLT",6,2006-12-01,2026-04-10,19.4,409660.0,7.56,-20.01,0.88,0.38,2.23,60.5,5.84,-4.01,2022,18.19,0.172,233
"GLD,IEF,LQD,QQQ,SLV,TLT",6,2007-03-01,2026-04-10,19.1,456955.0,8.28,-19.14,0.94,0.43,2.1,62.2,6.17,-6.11,2022,19.14,0.234,230
"DBC,GLD,IEF,QQQ,SLV,TLT",6,2007-03-01,2026-04-10,19.1,442684.0,8.1,-22.39,0.81,0.36,1.94,58.3,6.08,-5.98,2022,21.89,0.173,230
"DBC,GLD,IEF,LQD,QQQ,TIP",6,2006-12-01,2026-04-10,19.4,352699.0,6.73,-19.42,0.9,0.35,2.22,60.5,5.74,-7.17,2022,14.12,0.198,233
"GLD,IEF,LQD,QQQ,SLV,TIP",6,2007-03-01,2026-04-10,19.1,413914.0,7.72,-17.13,1.03,0.45,2.19,60.0,5.87,-5.86,2022,16.87,0.252,230
"DBC,GLD,IEF,QQQ,SLV,TIP",6,2007-03-01,2026-04-10,19.1,351438.0,6.8,-21.6,0.81,0.31,1.96,58.3,5.76,-8.18,2022,16.5,0.211,230
"DBC,GLD,IEF,LQD,QQQ,SLV",6,2007-03-01,2026-04-10,19.1,384989.0,7.31,-22.39,0.83,0.33,2.01,57.0,5.93,-6.68,2022,17.1,0.208,230
"EEM,EFA,IEF,QQQ,SPY,VNQ",6,2005-08-01,2026-04-10,20.7,550905.0,8.6,-24.15,0.82,0.36,2.04,64.7,5.16,-24.81,2022,19.63,0.437,249
"EEM,EFA,IEF,QQQ,SPY,TLT",6,2004-02-02,2026-04-10,22.2,495281.0,7.48,-24.64,0.74,0.3,1.92,63.7,5.49,-24.63,2022,20.12,0.255,267
"EEM,EFA,IEF,QQQ,SPY,TIP",6,2004-10-01,2026-04-10,21.5,374229.0,6.32,-25.16,0.75,0.25,1.95,63.3,5.26,-25.85,2022,18.61,0.293,259
"EEM,EFA,IEF,LQD,QQQ,SPY",6,2004-02-02,2026-04-10,22.2,417334.0,6.65,-23.85,0.75,0.28,1.92,63.3,5.41,-23.87,2022,18.49,0.355,267
"DBC,EEM,EFA,IEF,QQQ,SPY",6,2006-12-01,2026-04-10,19.4,378794.0,7.12,-22.01,0.68,0.32,1.84,62.2,5.27,-9.01,2022,19.06,0.359,233
"EEM,EFA,IEF,QQQ,SLV,SPY",6,2007-03-01,2026-04-10,19.1,389801.0,7.38,-26.33,0.71,0.28,1.81,60.0,5.44,-25.69,2022,18.54,0.338,230
"EFA,IEF,QQQ,SPY,TLT,VNQ",6,2005-08-01,2026-04-10,20.7,531829.0,8.41,-24.92,0.85,0.34,2.02,61.4,5.48,-26.01,2022,19.58,0.241,249
"EFA,IEF,QQQ,SPY,TIP,VNQ",6,2005-08-01,2026-04-10,20.7,390423.0,6.8,-25.66,0.83,0.27,2.0,62.7,5.45,-27.18,2022,19.09,0.278,249
"EFA,IEF,LQD,QQQ,SPY,VNQ",6,2005-08-01,2026-04-10,20.7,445475.0,7.49,-23.74,0.87,0.32,2.05,62.7,5.38,-24.77,2022,18.47,0.337,249
"DBC,EFA,IEF,QQQ,SPY,VNQ",6,2006-12-01,2026-04-10,19.4,395272.0,7.36,-24.59,0.71,0.3,1.86,63.5,5.49,-13.24,2022,20.51,0.33,233
"EFA,IEF,QQQ,SLV,SPY,VNQ",6,2007-03-01,2026-04-10,19.1,431203.0,7.95,-26.4,0.78,0.3,1.88,60.0,5.55,-26.62,2022,19.46,0.311,230
"EFA,IEF,QQQ,SPY,TIP,TLT",6,2004-10-01,2026-04-10,21.5,363979.0,6.19,-26.1,0.75,0.24,1.91,63.7,5.52,-26.97,2022,18.8,0.206,259
"EFA,IEF,LQD,QQQ,SPY,TLT",6,2003-06-02,2026-04-10,22.9,438250.0,6.68,-24.13,0.78,0.28,1.95,62.9,5.72,-24.51,2022,17.85,0.242,275
"DBC,EFA,IEF,QQQ,SPY,TLT",6,2006-12-01,2026-04-10,19.4,414073.0,7.62,-22.92,0.76,0.33,1.97,62.2,5.54,-10.29,2022,18.25,0.171,233
"EFA,IEF,QQQ,SLV,SPY,TLT",6,2007-03-01,2026-04-10,19.1,413987.0,7.72,-26.71,0.78,0.29,1.89,61.7,5.62,-26.34,2022,20.8,0.176,230
"EFA,IEF,LQD,QQQ,SPY,TIP",6,2004-10-01,2026-04-10,21.5,342505.0,5.89,-24.78,0.78,0.24,1.96,62.9,5.53,-25.76,2022,17.73,0.267,259
"DBC,EFA,IEF,QQQ,SPY,TIP",6,2006-12-01,2026-04-10,19.4,297207.0,5.79,-22.01,0.71,0.26,1.88,63.5,5.36,-15.91,2022,15.47,0.219,233
"EFA,IEF,QQQ,SLV,SPY,TIP",6,2007-03-01,2026-04-10,19.1,318286.0,6.25,-24.24,0.77,0.26,1.85,62.2,5.38,-24.3,2022,15.42,0.217,230
"DBC,EFA,IEF,LQD,QQQ,SPY",6,2006-12-01,2026-04-10,19.4,328325.0,6.33,-21.57,0.7,0.29,1.89,63.1,5.53,-9.05,2022,15.5,0.266,233
"EFA,IEF,LQD,QQQ,SLV,SPY",6,2007-03-01,2026-04-10,19.1,331025.0,6.46,-27.31,0.74,0.24,1.84,59.6,5.6,-26.06,2022,15.09,0.26,230
"DBC,EFA,IEF,QQQ,SLV,SPY",6,2007-03-01,2026-04-10,19.1,385664.0,7.32,-22.97,0.71,0.32,1.82,61.7,5.5,-13.31,2022,16.94,0.267,230
"EEM,IEF,QQQ,SPY,TLT,VNQ",6,2005-08-01,2026-04-10,20.7,530599.0,8.4,-25.42,0.82,0.33,2.03,64.3,5.61,-27.12,2022,19.78,0.234,249
"EEM,IEF,QQQ,SPY,TIP,VNQ",6,2005-08-01,2026-04-10,20.7,401064.0,6.94,-25.46,0.82,0.27,2.04,63.1,5.52,-27.28,2022,18.64,0.267,249
"EEM,IEF,LQD,QQQ,SPY,VNQ",6,2005-08-01,2026-04-10,20.7,451731.0,7.56,-24.1,0.84,0.31,2.07,61.8,5.5,-25.9,2022,17.77,0.325,249
"DBC,EEM,IEF,QQQ,SPY,VNQ",6,2006-12-01,2026-04-10,19.4,400843.0,7.44,-24.47,0.71,0.3,1.89,62.7,5.48,-13.38,2022,20.12,0.322,233
"EEM,IEF,QQQ,SLV,SPY,VNQ",6,2007-03-01,2026-04-10,19.1,436351.0,8.01,-27.52,0.76,0.29,1.9,60.0,5.66,-27.7,2022,18.33,0.302,230
"EEM,IEF,QQQ,SPY,TIP,TLT",6,2004-10-01,2026-04-10,21.5,374954.0,6.33,-25.44,0.75,0.25,1.94,63.7,5.58,-26.98,2022,18.44,0.199,259
"EEM,IEF,LQD,QQQ,SPY,TLT",6,2004-02-02,2026-04-10,22.2,401975.0,6.47,-24.43,0.73,0.26,1.92,61.8,5.77,-25.82,2022,17.64,0.232,267
"DBC,EEM,IEF,QQQ,SPY,TLT",6,2006-12-01,2026-04-10,19.4,413637.0,7.61,-22.79,0.75,0.33,2.0,60.5,5.47,-10.01,2022,18.47,0.165,233
"EEM,IEF,QQQ,SLV,SPY,TLT",6,2007-03-01,2026-04-10,19.1,411367.0,7.68,-27.41,0.75,0.28,1.88,60.4,5.64,-27.6,2022,21.38,0.171,230
"EEM,IEF,LQD,QQQ,SPY,TIP",6,2004-10-01,2026-04-10,21.5,355470.0,6.07,-24.27,0.78,0.25,2.0,63.3,5.59,-25.78,2022,17.18,0.255,259
"DBC,EEM,IEF,QQQ,SPY,TIP",6,2006-12-01,2026-04-10,19.4,301897.0,5.87,-21.88,0.71,0.27,1.92,63.5,5.39,-15.66,2022,15.18,0.211,233
"EEM,IEF,QQQ,SLV,SPY,TIP",6,2007-03-01,2026-04-10,19.1,326929.0,6.39,-24.03,0.77,0.27,1.88,60.9,5.41,-24.27,2022,14.77,0.208,230
"DBC,EEM,IEF,LQD,QQQ,SPY",6,2006-12-01,2026-04-10,19.4,332307.0,6.4,-21.47,0.7,0.3,1.93,62.2,5.46,-8.78,2022,15.83,0.256,233
"EEM,IEF,LQD,QQQ,SLV,SPY",6,2007-03-01,2026-04-10,19.1,334485.0,6.52,-28.24,0.73,0.23,1.86,58.3,5.65,-27.36,2022,15.56,0.25,230
"DBC,EEM,IEF,QQQ,SLV,SPY",6,2007-03-01,2026-04-10,19.1,388837.0,7.36,-23.57,0.71,0.31,1.85,61.3,5.45,-13.0,2022,17.78,0.26,230
"IEF,QQQ,SPY,TIP,TLT,VNQ",6,2005-08-01,2026-04-10,20.7,344835.0,6.17,-30.89,0.75,0.2,1.87,62.7,5.66,-29.32,2022,17.1,0.202,249
"IEF,LQD,QQQ,SPY,TLT,VNQ",6,2005-08-01,2026-04-10,20.7,386073.0,6.75,-29.41,0.79,0.23,1.92,61.8,5.68,-26.69,2022,17.27,0.232,249
"DBC,IEF,QQQ,SPY,TLT,VNQ",6,2006-12-01,2026-04-10,19.4,388852.0,7.27,-30.47,0.73,0.24,1.9,61.4,5.68,-15.53,2022,24.22,0.157,233
"IEF,QQQ,SLV,SPY,TLT,VNQ",6,2007-03-01,2026-04-10,19.1,433263.0,7.97,-31.51,0.8,0.25,1.9,60.4,5.85,-28.39,2022,20.51,0.164,230
"IEF,LQD,QQQ,SPY,TIP,VNQ",6,2005-08-01,2026-04-10,20.7,333316.0,5.99,-28.68,0.8,0.21,1.94,63.1,5.61,-26.88,2022,14.67,0.253,249
"DBC,IEF,QQQ,SPY,TIP,VNQ",6,2006-12-01,2026-04-10,19.4,280995.0,5.48,-28.28,0.68,0.19,1.82,61.4,5.54,-20.53,2022,17.77,0.197,233
"IEF,QQQ,SLV,SPY,TIP,VNQ",6,2007-03-01,2026-04-10,19.1,332033.0,6.48,-28.14,0.79,0.23,1.9,61.3,5.61,-25.28,2022,15.44,0.197,230
"DBC,IEF,LQD,QQQ,SPY,VNQ",6,2006-12-01,2026-04-10,19.4,311500.0,6.05,-28.19,0.67,0.21,1.84,61.4,5.63,-13.06,2022,18.26,0.24,233
"IEF,LQD,QQQ,SLV,SPY,VNQ",6,2007-03-01,2026-04-10,19.1,340159.0,6.62,-31.26,0.75,0.21,1.85,57.0,5.85,-27.98,2022,14.62,0.236,230
"DBC,IEF,QQQ,SLV,SPY,VNQ",6,2007-03-01,2026-04-10,19.1,393972.0,7.44,-28.7,0.72,0.26,1.85,61.7,5.74,-15.97,2022,21.23,0.234,230
"IEF,LQD,QQQ,SPY,TIP,TLT",6,2004-10-01,2026-04-10,21.5,310973.0,5.41,-28.74,0.72,0.19,1.86,62.5,5.68,-26.54,2022,17.32,0.27,259
"DBC,IEF,QQQ,SPY,TIP,TLT",6,2006-12-01,2026-04-10,19.4,277666.0,5.42,-27.13,0.66,0.2,1.83,62.2,5.53,-17.73,2022,18.92,0.154,233
"IEF,QQQ,SLV,SPY,TIP,TLT",6,2007-03-01,2026-04-10,19.1,314646.0,6.18,-27.99,0.74,0.22,1.85,60.4,5.67,-24.88,2022,18.61,0.178,230
"DBC,IEF,LQD,QQQ,SPY,TLT",6,2006-12-01,2026-04-10,19.4,332319.0,6.4,-26.53,0.72,0.24,1.99,60.1,5.64,-9.62,2022,17.64,0.171,233
"IEF,LQD,QQQ,SLV,SPY,TLT",6,2007-03-01,2026-04-10,19.1,323276.0,6.33,-31.55,0.72,0.2,1.84,59.1,5.84,-27.8,2022,18.94,0.191,230
"DBC,IEF,QQQ,SLV,SPY,TLT",6,2007-03-01,2026-04-10,19.1,394665.0,7.45,-27.89,0.74,0.27,1.89,60.9,5.78,-13.78,2022,20.44,0.131,230
"DBC,IEF,LQD,QQQ,SPY,TIP",6,2006-12-01,2026-04-10,19.4,268651.0,5.24,-24.85,0.69,0.21,1.9,63.5,5.51,-15.29,2022,12.64,0.203,233
"IEF,LQD,QQQ,SLV,SPY,TIP",6,2007-03-01,2026-04-10,19.1,291928.0,5.77,-28.37,0.76,0.2,1.88,59.6,5.66,-24.5,2022,12.77,0.216,230
"DBC,IEF,QQQ,SLV,SPY,TIP",6,2007-03-01,2026-04-10,19.1,287502.0,5.68,-25.74,0.69,0.22,1.81,63.0,5.55,-16.31,2022,13.63,0.176,230
"DBC,IEF,LQD,QQQ,SLV,SPY",6,2007-03-01,2026-04-10,19.1,315338.0,6.19,-27.13,0.7,0.23,1.84,60.0,5.72,-13.36,2022,12.85,0.201,230
"EEM,EFA,IEF,QQQ,TLT,VNQ",6,2005-08-01,2026-04-10,20.7,504403.0,8.14,-20.4,0.79,0.4,1.97,61.8,5.71,-20.17,2022,21.43,0.228,249
"EEM,EFA,IEF,QQQ,TIP,VNQ",6,2005-08-01,2026-04-10,20.7,394193.0,6.85,-20.49,0.81,0.33,2.02,62.2,5.51,-20.73,2022,16.88,0.263,249
"EEM,EFA,IEF,LQD,QQQ,VNQ",6,2005-08-01,2026-04-10,20.7,438784.0,7.41,-20.51,0.82,0.36,2.03,61.0,5.58,-19.36,2022,17.74,0.319,249
"DBC,EEM,EFA,IEF,QQQ,VNQ",6,2006-12-01,2026-04-10,19.4,385922.0,7.23,-21.67,0.69,0.33,1.85,60.1,5.64,-3.23,2022,17.82,0.317,233
"EEM,EFA,IEF,QQQ,SLV,VNQ",6,2007-03-01,2026-04-10,19.1,406401.0,7.61,-24.49,0.73,0.31,1.83,58.7,5.8,-21.04,2022,21.43,0.301,230
"EEM,EFA,IEF,QQQ,TIP,TLT",6,2004-10-01,2026-04-10,21.5,387763.0,6.5,-19.15,0.75,0.34,1.98,61.4,5.5,-11.87,2022,17.93,0.2,259
"EEM,EFA,IEF,LQD,QQQ,TLT",6,2004-02-02,2026-04-10,22.2,419046.0,6.67,-18.19,0.74,0.37,1.96,61.0,5.84,-10.41,2022,18.92,0.233,267
"DBC,EEM,EFA,IEF,QQQ,TLT",6,2006-12-01,2026-04-10,19.4,413880.0,7.61,-20.68,0.73,0.37,1.94,58.4,5.61,-3.29,2012,21.08,0.166,233
"EEM,EFA,IEF,QQQ,SLV,TLT",6,2007-03-01,2026-04-10,19.1,366658.0,7.04,-24.98,0.68,0.28,1.77,57.8,5.88,-20.63,2022,24.32,0.174,230
"EEM,EFA,IEF,LQD,QQQ,TIP",6,2004-10-01,2026-04-10,21.5,379506.0,6.39,-18.19,0.82,0.35,2.11,60.2,5.51,-11.11,2022,17.18,0.256,259
"DBC,EEM,EFA,IEF,QQQ,TIP",6,2006-12-01,2026-04-10,19.4,313868.0,6.09,-20.68,0.72,0.29,1.92,61.4,5.45,-6.01,2018,15.43,0.213,233
"EEM,EFA,IEF,QQQ,SLV,TIP",6,2007-03-01,2026-04-10,19.1,302978.0,5.97,-21.35,0.72,0.28,1.8,58.3,5.44,-18.03,2022,15.81,0.213,230
"DBC,EEM,EFA,IEF,LQD,QQQ",6,2006-12-01,2026-04-10,19.4,348403.0,6.66,-19.85,0.71,0.34,1.94,60.5,5.55,-3.2,2015,16.3,0.257,233
"EEM,EFA,IEF,LQD,QQQ,SLV",6,2007-03-01,2026-04-10,19.1,317630.0,6.23,-26.08,0.7,0.24,1.81,55.2,5.81,-20.59,2022,16.53,0.254,230
"DBC,EEM,EFA,IEF,QQQ,SLV",6,2007-03-01,2026-04-10,19.1,356933.0,6.88,-20.08,0.66,0.34,1.75,58.7,5.77,-3.37,2014,20.74,0.265,230
"EFA,IEF,QQQ,TIP,TLT,VNQ",6,2005-08-01,2026-04-10,20.7,388485.0,6.78,-21.87,0.81,0.31,1.96,60.2,5.8,-22.12,2022,16.98,0.195,249
"EFA,IEF,LQD,QQQ,TLT,VNQ",6,2005-08-01,2026-04-10,20.7,425834.0,7.25,-20.49,0.83,0.35,1.99,62.2,5.92,-19.99,2022,16.22,0.224,249
"DBC,EFA,IEF,QQQ,TLT,VNQ",6,2006-12-01,2026-04-10,19.4,417847.0,7.67,-22.85,0.76,0.34,1.95,60.5,5.91,-4.75,2022,20.28,0.15,233
"EFA,IEF,QQQ,SLV,TLT,VNQ",6,2007-03-01,2026-04-10,19.1,428833.0,7.92,-25.28,0.79,0.31,1.88,60.0,5.99,-21.44,2022,23.09,0.16,230
"EFA,IEF,LQD,QQQ,TIP,VNQ",6,2005-08-01,2026-04-10,20.7,376101.0,6.61,-20.2,0.87,0.33,2.06,60.6,5.78,-20.61,2022,16.09,0.246,249
"DBC,EFA,IEF,QQQ,TIP,VNQ",6,2006-12-01,2026-04-10,19.4,308141.0,5.99,-21.88,0.73,0.27,1.9,62.7,5.7,-9.95,2022,14.56,0.192,233
"EFA,IEF,QQQ,SLV,TIP,VNQ",6,2007-03-01,2026-04-10,19.1,336617.0,6.56,-22.0,0.81,0.3,1.9,60.0,5.61,-18.74,2022,14.07,0.194,230
"DBC,EFA,IEF,LQD,QQQ,VNQ",6,2006-12-01,2026-04-10,19.4,337080.0,6.48,-21.21,0.71,0.31,1.91,61.8,5.85,-3.32,2015,14.61,0.234,233
"EFA,IEF,LQD,QQQ,SLV,VNQ",6,2007-03-01,2026-04-10,19.1,343679.0,6.67,-26.04,0.77,0.26,1.86,58.7,5.95,-21.47,2022,13.86,0.232,230
"DBC,EFA,IEF,QQQ,SLV,VNQ",6,2007-03-01,2026-04-10,19.1,390694.0,7.39,-22.47,0.72,0.33,1.82,60.4,5.96,-6.87,2022,19.68,0.232,230
"EFA,IEF,LQD,QQQ,TIP,TLT",6,2004-10-01,2026-04-10,21.5,375204.0,6.34,-15.23,0.82,0.42,2.06,59.8,5.76,-11.69,2022,15.91,0.269,259
"DBC,EFA,IEF,QQQ,TIP,TLT",6,2006-12-01,2026-04-10,19.4,320581.0,6.2,-21.88,0.74,0.28,1.94,60.9,5.69,-7.78,2018,17.46,0.154,233
"EFA,IEF,QQQ,SLV,TIP,TLT",6,2007-03-01,2026-04-10,19.1,308668.0,6.08,-22.27,0.73,0.27,1.81,59.6,5.71,-18.33,2022,17.23,0.18,230
"DBC,EFA,IEF,LQD,QQQ,TLT",6,2006-12-01,2026-04-10,19.4,384014.0,7.2,-20.22,0.79,0.36,2.09,58.8,5.81,-3.19,2015,15.56,0.17,233
"EFA,IEF,LQD,QQQ,SLV,TLT",6,2007-03-01,2026-04-10,19.1,323338.0,6.33,-26.5,0.73,0.24,1.84,57.8,5.99,-20.93,2022,17.0,0.193,230
"DBC,EFA,IEF,QQQ,SLV,TLT",6,2007-03-01,2026-04-10,19.1,380931.0,7.25,-20.53,0.71,0.35,1.83,59.1,6.08,-3.93,2015,22.65,0.134,230
"DBC,EFA,IEF,LQD,QQQ,TIP",6,2006-12-01,2026-04-10,19.4,316549.0,6.13,-20.22,0.79,0.3,2.07,60.9,5.67,-3.76,2015,13.08,0.204,233
"EFA,IEF,LQD,QQQ,SLV,TIP",6,2007-03-01,2026-04-10,19.1,296595.0,5.85,-23.21,0.79,0.25,1.89,56.5,5.68,-18.41,2022,13.67,0.219,230
"DBC,EFA,IEF,QQQ,SLV,TIP",6,2007-03-01,2026-04-10,19.1,290660.0,5.74,-19.56,0.69,0.29,1.8,61.7,5.68,-6.46,2018,12.63,0.18,230
"DBC,EFA,IEF,LQD,QQQ,SLV",6,2007-03-01,2026-04-10,19.1,321181.0,6.3,-20.35,0.7,0.31,1.84,59.1,5.95,-4.49,2015,11.99,0.204,230
"EEM,IEF,QQQ,TIP,TLT,VNQ",6,2005-08-01,2026-04-10,20.7,411293.0,7.07,-21.28,0.81,0.33,2.01,59.8,5.92,-22.17,2022,16.98,0.19,249
"EEM,IEF,LQD,QQQ,TLT,VNQ",6,2005-08-01,2026-04-10,20.7,445621.0,7.49,-22.15,0.81,0.34,2.02,61.0,6.09,-22.06,2022,18.05,0.218,249
"DBC,EEM,IEF,QQQ,TLT,VNQ",6,2006-12-01,2026-04-10,19.4,418031.0,7.67,-22.64,0.75,0.34,1.97,60.5,5.93,-4.77,2022,20.48,0.147,233
"EEM,IEF,QQQ,SLV,TLT,VNQ",6,2007-03-01,2026-04-10,19.1,438152.0,8.04,-26.82,0.77,0.3,1.89,60.4,6.13,-23.42,2022,23.74,0.157,230
"EEM,IEF,LQD,QQQ,TIP,VNQ",6,2005-08-01,2026-04-10,20.7,407043.0,7.02,-20.36,0.87,0.34,2.15,61.4,5.89,-20.71,2022,16.55,0.237,249
"DBC,EEM,IEF,QQQ,TIP,VNQ",6,2006-12-01,2026-04-10,19.4,315157.0,6.11,-21.67,0.73,0.28,1.94,61.4,5.79,-9.73,2022,13.94,0.186,233
"EEM,IEF,QQQ,SLV,TIP,VNQ",6,2007-03-01,2026-04-10,19.1,359738.0,6.93,-22.19,0.83,0.31,1.96,60.0,5.7,-18.74,2022,14.75,0.188,230
"DBC,EEM,IEF,LQD,QQQ,VNQ",6,2006-12-01,2026-04-10,19.4,345966.0,6.62,-21.08,0.72,0.31,1.95,61.8,5.86,-3.24,2022,14.15,0.226,233
"EEM,IEF,LQD,QQQ,SLV,VNQ",6,2007-03-01,2026-04-10,19.1,362445.0,6.97,-27.79,0.77,0.25,1.9,58.7,6.1,-23.54,2022,15.6,0.225,230
"DBC,EEM,IEF,QQQ,SLV,VNQ",6,2007-03-01,2026-04-10,19.1,393014.0,7.42,-23.17,0.71,0.32,1.83,61.3,5.97,-6.84,2022,20.59,0.227,230
"EEM,IEF,LQD,QQQ,TIP,TLT",6,2004-10-01,2026-04-10,21.5,393981.0,6.58,-21.77,0.77,0.3,2.09,61.0,5.86,-11.63,2022,17.7,0.263,259
"DBC,EEM,IEF,QQQ,TIP,TLT",6,2006-12-01,2026-04-10,19.4,325245.0,6.28,-21.67,0.73,0.29,1.96,60.1,5.76,-5.41,2018,17.51,0.151,233
"EEM,IEF,QQQ,SLV,TIP,TLT",6,2007-03-01,2026-04-10,19.1,323278.0,6.33,-21.85,0.73,0.29,1.83,59.6,5.78,-18.17,2022,17.13,0.177,230
"DBC,EEM,IEF,LQD,QQQ,TLT",6,2006-12-01,2026-04-10,19.4,394682.0,7.35,-20.09,0.79,0.37,2.14,59.7,5.75,-2.63,2024,15.63,0.165,233
"EEM,IEF,LQD,QQQ,SLV,TLT",6,2007-03-01,2026-04-10,19.1,329131.0,6.43,-29.07,0.71,0.22,1.83,58.3,6.07,-24.3,2022,16.92,0.188,230
"DBC,EEM,IEF,QQQ,SLV,TLT",6,2007-03-01,2026-04-10,19.1,382783.0,7.28,-21.24,0.7,0.34,1.83,59.6,6.01,-4.54,2012,23.34,0.133,230
"DBC,EEM,IEF,LQD,QQQ,TIP",6,2006-12-01,2026-04-10,19.4,326196.0,6.3,-20.09,0.8,0.31,2.12,62.2,5.74,-1.58,2015,13.11,0.196,233
"EEM,IEF,LQD,QQQ,SLV,TIP",6,2007-03-01,2026-04-10,19.1,316278.0,6.21,-23.46,0.81,0.26,1.94,59.1,5.76,-18.34,2022,15.5,0.211,230
"DBC,EEM,IEF,QQQ,SLV,TIP",6,2007-03-01,2026-04-10,19.1,296073.0,5.84,-19.46,0.69,0.3,1.81,61.3,5.74,-5.54,2022,13.57,0.176,230
"DBC,EEM,IEF,LQD,QQQ,SLV",6,2007-03-01,2026-04-10,19.1,330324.0,6.45,-21.03,0.71,0.31,1.87,58.3,5.9,-2.52,2015,13.01,0.198,230
"IEF,LQD,QQQ,TIP,TLT,VNQ",6,2005-08-01,2026-04-10,20.7,380769.0,6.68,-24.68,0.84,0.27,2.0,59.8,5.98,-21.53,2022,16.28,0.272,249
"DBC,IEF,QQQ,TIP,TLT,VNQ",6,2006-12-01,2026-04-10,19.4,293098.0,5.71,-28.53,0.68,0.2,1.84,58.8,5.97,-13.98,2022,17.96,0.15,233
"IEF,QQQ,SLV,TIP,TLT,VNQ",6,2007-03-01,2026-04-10,19.1,354683.0,6.85,-24.58,0.8,0.28,1.92,58.3,5.98,-18.9,2022,17.74,0.178,230
"DBC,IEF,LQD,QQQ,TLT,VNQ",6,2006-12-01,2026-04-10,19.4,360367.0,6.85,-26.07,0.76,0.26,2.02,60.1,6.03,-4.13,2022,18.25,0.162,233
"IEF,LQD,QQQ,SLV,TLT,VNQ",6,2007-03-01,2026-04-10,19.1,361023.0,6.95,-29.86,0.78,0.23,1.87,60.0,6.33,-23.82,2022,17.37,0.186,230
"DBC,IEF,QQQ,SLV,TLT,VNQ",6,2007-03-01,2026-04-10,19.1,409906.0,7.66,-26.75,0.75,0.29,1.89,59.1,6.34,-7.13,2022,21.85,0.119,230
"DBC,IEF,LQD,QQQ,TIP,VNQ",6,2006-12-01,2026-04-10,19.4,299878.0,5.84,-24.2,0.76,0.24,2.0,60.9,5.89,-9.15,2022,14.72,0.188,233
"IEF,LQD,QQQ,SLV,TIP,VNQ",6,2007-03-01,2026-04-10,19.1,334372.0,6.52,-25.43,0.85,0.26,1.98,59.1,5.95,-19.21,2022,13.18,0.205,230
"DBC,IEF,QQQ,SLV,TIP,VNQ",6,2007-03-01,2026-04-10,19.1,310282.0,6.1,-24.41,0.72,0.25,1.87,62.6,6.0,-8.94,2022,15.3,0.158,230
"DBC,IEF,LQD,QQQ,SLV,VNQ",6,2007-03-01,2026-04-10,19.1,336003.0,6.55,-26.35,0.73,0.25,1.87,61.3,6.21,-7.38,2022,14.97,0.178,230
"DBC,IEF,LQD,QQQ,TIP,TLT",6,2006-12-01,2026-04-10,19.4,319586.0,6.19,-24.16,0.77,0.26,2.08,61.4,5.85,-2.1,2018,18.28,0.24,233
"IEF,LQD,QQQ,SLV,TIP,TLT",6,2007-03-01,2026-04-10,19.1,310595.0,6.11,-25.24,0.76,0.24,1.89,59.1,6.02,-18.59,2022,18.54,0.281,230
"DBC,IEF,QQQ,SLV,TIP,TLT",6,2007-03-01,2026-04-10,19.1,305563.0,6.02,-23.09,0.69,0.26,1.85,60.4,6.02,-5.97,2018,20.17,0.176,230
"DBC,IEF,LQD,QQQ,SLV,TLT",6,2007-03-01,2026-04-10,19.1,340767.0,6.63,-24.5,0.73,0.27,1.93,59.6,6.24,-3.24,2024,19.45,0.17,230
"DBC,IEF,LQD,QQQ,SLV,TIP",6,2007-03-01,2026-04-10,19.1,289707.0,5.72,-22.86,0.73,0.25,1.91,58.7,5.98,-6.04,2022,12.67,0.2,230
"EEM,EFA,GLD,QQQ,SPY,VNQ",6,2005-10-03,2026-04-10,20.5,823744.0,10.82,-30.24,0.76,0.36,2.02,62.8,5.04,-17.4,2008,37.85,0.553,247
"EEM,EFA,GLD,QQQ,SPY,TLT",6,2005-10-03,2026-04-10,20.5,759595.0,10.39,-24.11,0.87,0.43,2.11,61.5,5.13,-14.28,2018,24.04,0.303,247
"EEM,EFA,GLD,QQQ,SPY,TIP",6,2005-10-03,2026-04-10,20.5,412015.0,7.14,-24.11,0.72,0.3,1.87,61.1,5.01,-15.82,2018,25.59,0.361,247
"EEM,EFA,GLD,LQD,QQQ,SPY",6,2005-10-03,2026-04-10,20.5,534097.0,8.51,-20.88,0.82,0.41,2.03,60.3,5.02,-11.79,2022,23.64,0.428,247
"DBC,EEM,EFA,GLD,QQQ,SPY",6,2006-12-01,2026-04-10,19.4,518272.0,8.87,-30.17,0.66,0.29,1.81,59.7,5.11,-13.41,2008,34.11,0.499,233
"EEM,EFA,GLD,QQQ,SLV,SPY",6,2007-03-01,2026-04-10,19.1,600319.0,9.83,-29.29,0.69,0.34,1.82,59.1,5.08,-11.7,2015,35.61,0.488,230
"EFA,GLD,QQQ,SPY,TLT,VNQ",6,2005-10-03,2026-04-10,20.5,871372.0,11.13,-17.6,0.96,0.63,2.2,62.3,5.21,-13.95,2022,21.35,0.277,247
"EFA,GLD,QQQ,SPY,TIP,VNQ",6,2005-10-03,2026-04-10,20.5,481093.0,7.96,-21.63,0.83,0.37,2.02,62.3,5.09,-14.12,2022,23.1,0.33,247
"EFA,GLD,LQD,QQQ,SPY,VNQ",6,2005-10-03,2026-04-10,20.5,554904.0,8.71,-21.07,0.81,0.41,2.08,63.2,5.15,-13.7,2022,21.89,0.395,247
"DBC,EFA,GLD,QQQ,SPY,VNQ",6,2006-12-01,2026-04-10,19.4,557080.0,9.28,-32.27,0.68,0.29,1.88,63.5,5.38,-14.17,2022,28.61,0.454,233
"EFA,GLD,QQQ,SLV,SPY,VNQ",6,2007-03-01,2026-04-10,19.1,680962.0,10.56,-30.62,0.73,0.34,1.91,60.0,5.33,-13.25,2022,32.59,0.445,230
"EFA,GLD,QQQ,SPY,TIP,TLT",6,2005-10-03,2026-04-10,20.5,486434.0,8.02,-24.7,0.87,0.32,2.08,61.5,5.27,-17.8,2018,21.85,0.192,247
"EFA,GLD,LQD,QQQ,SPY,TLT",6,2005-10-03,2026-04-10,20.5,588828.0,9.03,-21.6,0.92,0.42,2.18,61.9,5.35,-13.59,2018,22.18,0.231,247
"DBC,EFA,GLD,QQQ,SPY,TLT",6,2006-12-01,2026-04-10,19.4,573495.0,9.44,-23.01,0.81,0.41,2.01,61.8,5.29,-12.23,2022,24.96,0.231,233
"EFA,GLD,QQQ,SLV,SPY,TLT",6,2007-03-01,2026-04-10,19.1,672378.0,10.49,-24.16,0.86,0.43,1.99,62.6,5.36,-15.24,2018,28.88,0.247,230
"EFA,GLD,LQD,QQQ,SPY,TIP",6,2005-10-03,2026-04-10,20.5,365771.0,6.52,-21.47,0.8,0.3,1.95,63.2,5.18,-14.24,2018,15.96,0.277,247
"DBC,EFA,GLD,QQQ,SPY,TIP",6,2006-12-01,2026-04-10,19.4,306390.0,5.96,-23.25,0.62,0.26,1.72,61.8,5.19,-15.1,2018,20.68,0.296,233
"EFA,GLD,QQQ,SLV,SPY,TIP",6,2007-03-01,2026-04-10,19.1,366197.0,7.03,-24.33,0.72,0.29,1.78,62.2,5.11,-16.23,2018,23.5,0.304,230
"DBC,EFA,GLD,LQD,QQQ,SPY",6,2006-12-01,2026-04-10,19.4,375262.0,7.07,-22.6,0.7,0.31,1.84,62.2,5.22,-13.34,2008,19.11,0.348,233
"EFA,GLD,LQD,QQQ,SLV,SPY",6,2007-03-01,2026-04-10,19.1,449795.0,8.19,-21.04,0.8,0.39,1.91,58.7,5.2,-12.59,2022,23.77,0.353,230
"DBC,EFA,GLD,QQQ,SLV,SPY",6,2007-03-01,2026-04-10,19.1,554457.0,9.38,-29.51,0.68,0.32,1.8,61.3,5.33,-12.62,2022,29.1,0.424,230
"EEM,GLD,QQQ,SPY,TLT,VNQ",6,2005-10-03,2026-04-10,20.5,930352.0,11.48,-16.96,0.96,0.68,2.27,63.6,5.2,-14.17,2022,21.85,0.271,247
"EEM,GLD,QQQ,SPY,TIP,VNQ",6,2005-10-03,2026-04-10,20.5,500429.0,8.16,-21.75,0.84,0.38,2.05,62.3,5.12,-14.05,2022,25.86,0.321,247
"EEM,GLD,LQD,QQQ,SPY,VNQ",6,2005-10-03,2026-04-10,20.5,587032.0,9.01,-20.68,0.82,0.44,2.13,62.8,5.14,-13.96,2022,24.23,0.385,247
"DBC,EEM,GLD,QQQ,SPY,VNQ",6,2006-12-01,2026-04-10,19.4,615231.0,9.84,-31.84,0.7,0.31,1.94,63.1,5.33,-14.0,2022,35.18,0.447,233
"EEM,GLD,QQQ,SLV,SPY,VNQ",6,2007-03-01,2026-04-10,19.1,747448.0,11.1,-30.32,0.75,0.37,1.98,61.7,5.26,-13.47,2022,37.26,0.438,230
"EEM,GLD,QQQ,SPY,TIP,TLT",6,2005-10-03,2026-04-10,20.5,497746.0,8.14,-22.46,0.87,0.36,2.1,61.9,5.3,-14.84,2018,21.78,0.187,247
"EEM,GLD,LQD,QQQ,SPY,TLT",6,2005-10-03,2026-04-10,20.5,610742.0,9.22,-19.76,0.92,0.47,2.22,61.5,5.29,-12.39,2022,22.03,0.224,247
"DBC,EEM,GLD,QQQ,SPY,TLT",6,2006-12-01,2026-04-10,19.4,611799.0,9.81,-22.89,0.83,0.43,2.08,60.5,5.2,-11.75,2022,25.29,0.227,233
"EEM,GLD,QQQ,SLV,SPY,TLT",6,2007-03-01,2026-04-10,19.1,718864.0,10.87,-22.3,0.87,0.49,2.04,62.2,5.24,-12.47,2022,30.46,0.243,230
"EEM,GLD,LQD,QQQ,SPY,TIP",6,2005-10-03,2026-04-10,20.5,376008.0,6.67,-20.47,0.8,0.33,1.97,62.8,5.21,-12.6,2022,16.58,0.267,247
"DBC,EEM,GLD,QQQ,SPY,TIP",6,2006-12-01,2026-04-10,19.4,314265.0,6.09,-23.69,0.63,0.26,1.75,60.9,5.2,-14.27,2022,23.38,0.289,233
"EEM,GLD,QQQ,SLV,SPY,TIP",6,2007-03-01,2026-04-10,19.1,380460.0,7.24,-24.81,0.73,0.29,1.8,61.3,5.12,-15.65,2015,25.83,0.297,230
"DBC,EEM,GLD,LQD,QQQ,SPY",6,2006-12-01,2026-04-10,19.4,391807.0,7.31,-22.51,0.71,0.32,1.88,62.7,5.12,-13.1,2008,21.36,0.34,233
"EEM,GLD,LQD,QQQ,SLV,SPY",6,2007-03-01,2026-04-10,19.1,476723.0,8.52,-20.91,0.81,0.41,1.96,59.1,5.11,-12.64,2022,24.97,0.345,230
"DBC,EEM,GLD,QQQ,SLV,SPY",6,2007-03-01,2026-04-10,19.1,603154.0,9.86,-28.81,0.7,0.34,1.84,60.9,5.26,-12.14,2022,33.62,0.419,230
"GLD,QQQ,SPY,TIP,TLT,VNQ",6,2005-10-03,2026-04-10,20.5,552104.0,8.68,-17.49,0.95,0.5,2.18,63.2,5.38,-14.64,2022,22.6,0.176,247
"GLD,LQD,QQQ,SPY,TLT,VNQ",6,2005-10-03,2026-04-10,20.5,658263.0,9.62,-17.5,0.99,0.55,2.25,63.2,5.45,-14.45,2022,22.22,0.211,247
"DBC,GLD,QQQ,SPY,TLT,VNQ",6,2006-12-01,2026-04-10,19.4,649188.0,10.15,-24.46,0.88,0.41,2.1,60.9,5.4,-14.87,2022,25.55,0.202,233
"GLD,QQQ,SLV,SPY,TLT,VNQ",6,2007-03-01,2026-04-10,19.1,799403.0,11.49,-17.69,0.94,0.65,2.11,62.6,5.45,-13.99,2022,26.33,0.22,230
"GLD,LQD,QQQ,SPY,TIP,VNQ",6,2005-10-03,2026-04-10,20.5,420669.0,7.25,-19.7,0.9,0.37,2.08,63.6,5.28,-14.34,2022,14.6,0.249,247
"DBC,GLD,QQQ,SPY,TIP,VNQ",6,2006-12-01,2026-04-10,19.4,346152.0,6.63,-23.6,0.7,0.28,1.83,60.9,5.35,-16.86,2022,20.61,0.26,233
"GLD,QQQ,SLV,SPY,TIP,VNQ",6,2007-03-01,2026-04-10,19.1,432259.0,7.96,-22.76,0.82,0.35,1.93,62.6,5.26,-13.26,2022,23.85,0.27,230
"DBC,GLD,LQD,QQQ,SPY,VNQ",6,2006-12-01,2026-04-10,19.4,389326.0,7.27,-24.26,0.67,0.3,1.88,60.9,5.34,-14.54,2022,19.34,0.308,233
"GLD,LQD,QQQ,SLV,SPY,VNQ",6,2007-03-01,2026-04-10,19.1,484247.0,8.6,-21.01,0.78,0.41,1.98,59.1,5.34,-14.22,2022,21.83,0.315,230
"DBC,GLD,QQQ,SLV,SPY,VNQ",6,2007-03-01,2026-04-10,19.1,658679.0,10.37,-30.94,0.72,0.34,1.92,62.2,5.56,-14.64,2022,30.37,0.377,230
"GLD,LQD,QQQ,SPY,TIP,TLT",6,2005-10-03,2026-04-10,20.5,456636.0,7.68,-19.8,0.92,0.39,2.17,61.5,5.52,-13.01,2022,24.5,0.2,247
"DBC,GLD,QQQ,SPY,TIP,TLT",6,2006-12-01,2026-04-10,19.4,372863.0,7.04,-22.45,0.77,0.31,1.95,62.7,5.4,-15.07,2018,26.95,0.153,233
"GLD,QQQ,SLV,SPY,TIP,TLT",6,2007-03-01,2026-04-10,19.1,452743.0,8.22,-22.35,0.87,0.37,2.0,62.2,5.36,-15.3,2018,26.19,0.188,230
"DBC,GLD,LQD,QQQ,SPY,TLT",6,2006-12-01,2026-04-10,19.4,472990.0,8.36,-22.71,0.85,0.37,2.15,61.4,5.34,-12.13,2022,27.87,0.175,233
"GLD,LQD,QQQ,SLV,SPY,TLT",6,2007-03-01,2026-04-10,19.1,538711.0,9.21,-19.76,0.91,0.47,2.1,60.9,5.45,-13.06,2022,29.1,0.206,230
"DBC,GLD,QQQ,SLV,SPY,TLT",6,2007-03-01,2026-04-10,19.1,657554.0,10.36,-24.09,0.85,0.43,2.03,61.7,5.52,-12.99,2022,31.49,0.211,230
"DBC,GLD,LQD,QQQ,SPY,TIP",6,2006-12-01,2026-04-10,19.4,279805.0,5.46,-21.84,0.67,0.25,1.79,62.2,5.3,-14.63,2022,13.67,0.225,233
"GLD,LQD,QQQ,SLV,SPY,TIP",6,2007-03-01,2026-04-10,19.1,329479.0,6.44,-20.89,0.78,0.31,1.86,61.7,5.27,-12.65,2022,18.11,0.248,230
"DBC,GLD,QQQ,SLV,SPY,TIP",6,2007-03-01,2026-04-10,19.1,327205.0,6.4,-24.8,0.65,0.26,1.72,63.0,5.34,-15.65,2015,21.49,0.272,230
"DBC,GLD,LQD,QQQ,SLV,SPY",6,2007-03-01,2026-04-10,19.1,400530.0,7.53,-23.93,0.72,0.31,1.85,61.3,5.36,-13.23,2022,20.64,0.303,230
"EEM,EFA,GLD,QQQ,TLT,VNQ",6,2005-10-03,2026-04-10,20.5,895535.0,11.28,-18.21,0.93,0.62,2.16,60.3,5.4,-10.24,2015,25.19,0.27,247
"EEM,EFA,GLD,QQQ,TIP,VNQ",6,2005-10-03,2026-04-10,20.5,487328.0,8.02,-22.86,0.81,0.35,2.0,60.7,5.26,-10.89,2015,26.35,0.322,247
"EEM,EFA,GLD,LQD,QQQ,VNQ",6,2005-10-03,2026-04-10,20.5,574212.0,8.89,-21.1,0.8,0.42,2.06,60.7,5.3,-13.33,2008,24.75,0.384,247
"DBC,EEM,EFA,GLD,QQQ,VNQ",6,2006-12-01,2026-04-10,19.4,568024.0,9.39,-32.66,0.67,0.29,1.86,61.8,5.58,-15.05,2008,36.28,0.447,233
"EEM,EFA,GLD,QQQ,SLV,VNQ",6,2007-03-01,2026-04-10,19.1,691006.0,10.64,-30.98,0.72,0.34,1.88,59.6,5.61,-10.84,2015,38.14,0.441,230
"EEM,EFA,GLD,QQQ,TIP,TLT",6,2005-10-03,2026-04-10,20.5,530016.0,8.47,-18.31,0.88,0.46,2.13,61.1,5.38,-10.82,2015,20.37,0.192,247
"EEM,EFA,GLD,LQD,QQQ,TLT",6,2005-10-03,2026-04-10,20.5,661269.0,9.64,-18.31,0.95,0.53,2.28,59.9,5.44,-10.97,2015,20.49,0.229,247
"DBC,EEM,EFA,GLD,QQQ,TLT",6,2006-12-01,2026-04-10,19.4,592221.0,9.62,-20.01,0.81,0.48,2.02,59.2,5.44,-9.96,2015,24.78,0.232,233
"EEM,EFA,GLD,QQQ,SLV,TLT",6,2007-03-01,2026-04-10,19.1,683896.0,10.58,-18.08,0.84,0.59,1.96,60.0,5.67,-11.69,2015,32.75,0.251,230
"EEM,EFA,GLD,LQD,QQQ,TIP",6,2005-10-03,2026-04-10,20.5,409782.0,7.12,-21.22,0.85,0.34,2.07,60.3,5.29,-11.05,2015,17.93,0.273,247
"DBC,EEM,EFA,GLD,QQQ,TIP",6,2006-12-01,2026-04-10,19.4,314251.0,6.09,-25.08,0.63,0.24,1.75,59.2,5.26,-14.94,2015,23.81,0.296,233
"EEM,EFA,GLD,QQQ,SLV,TIP",6,2007-03-01,2026-04-10,19.1,374450.0,7.15,-26.24,0.71,0.27,1.79,58.3,5.25,-16.52,2015,26.18,0.307,230
"DBC,EEM,EFA,GLD,LQD,QQQ",6,2006-12-01,2026-04-10,19.4,400124.0,7.43,-23.29,0.72,0.32,1.91,60.9,5.28,-15.32,2008,21.79,0.346,233
"EEM,EFA,GLD,LQD,QQQ,SLV",6,2007-03-01,2026-04-10,19.1,488677.0,8.66,-21.98,0.82,0.39,1.97,57.0,5.37,-11.57,2015,27.23,0.353,230
"DBC,EEM,EFA,GLD,QQQ,SLV",6,2007-03-01,2026-04-10,19.1,577269.0,9.61,-30.19,0.68,0.32,1.8,58.7,5.63,-13.39,2015,34.36,0.429,230
"EFA,GLD,QQQ,TIP,TLT,VNQ",6,2005-10-03,2026-04-10,20.5,548673.0,8.65,-18.34,0.93,0.47,2.12,60.3,5.5,-11.52,2018,21.11,0.174,247
"EFA,GLD,LQD,QQQ,TLT,VNQ",6,2005-10-03,2026-04-10,20.5,654438.0,9.59,-17.29,0.98,0.55,2.19,61.1,5.61,-10.71,2015,20.53,0.208,247
"DBC,EFA,GLD,QQQ,TLT,VNQ",6,2006-12-01,2026-04-10,19.4,590601.0,9.61,-22.48,0.83,0.43,1.99,58.4,5.59,-9.71,2015,23.19,0.2,233
"EFA,GLD,QQQ,SLV,TLT,VNQ",6,2007-03-01,2026-04-10,19.1,733167.0,10.99,-19.18,0.9,0.57,1.99,61.3,5.78,-11.45,2015,28.36,0.221,230
"EFA,GLD,LQD,QQQ,TIP,VNQ",6,2005-10-03,2026-04-10,20.5,419414.0,7.24,-20.74,0.89,0.35,2.05,61.1,5.43,-10.89,2015,15.11,0.247,247
"DBC,EFA,GLD,QQQ,TIP,VNQ",6,2006-12-01,2026-04-10,19.4,325784.0,6.29,-22.75,0.66,0.28,1.78,58.8,5.46,-10.94,2022,21.13,0.259,233
"EFA,GLD,QQQ,SLV,TIP,VNQ",6,2007-03-01,2026-04-10,19.1,409681.0,7.66,-24.04,0.78,0.32,1.87,59.6,5.43,-12.46,2015,24.28,0.272,230
"DBC,EFA,GLD,LQD,QQQ,VNQ",6,2006-12-01,2026-04-10,19.4,361052.0,6.86,-25.84,0.64,0.27,1.82,60.1,5.48,-16.05,2008,19.88,0.307,233
"EFA,GLD,LQD,QQQ,SLV,VNQ",6,2007-03-01,2026-04-10,19.1,455649.0,8.26,-21.19,0.75,0.39,1.89,57.8,5.58,-11.43,2015,23.57,0.316,230
"DBC,EFA,GLD,QQQ,SLV,VNQ",6,2007-03-01,2026-04-10,19.1,590113.0,9.73,-32.32,0.68,0.3,1.83,60.0,5.86,-10.56,2015,31.33,0.379,230
"EFA,GLD,LQD,QQQ,TIP,TLT",6,2005-10-03,2026-04-10,20.5,507556.0,8.24,-16.16,0.98,0.51,2.29,60.7,5.59,-10.96,2015,22.44,0.204,247
"DBC,EFA,GLD,QQQ,TIP,TLT",6,2006-12-01,2026-04-10,19.4,386021.0,7.23,-19.42,0.79,0.37,1.99,60.5,5.45,-10.72,2015,24.83,0.157,233
"EFA,GLD,QQQ,SLV,TIP,TLT",6,2007-03-01,2026-04-10,19.1,461896.0,8.34,-17.69,0.88,0.47,2.0,59.6,5.48,-12.36,2015,24.15,0.195,230
"DBC,EFA,GLD,LQD,QQQ,TLT",6,2006-12-01,2026-04-10,19.4,486082.0,8.51,-20.01,0.87,0.43,2.19,59.2,5.45,-10.19,2015,24.07,0.178,233
"EFA,GLD,LQD,QQQ,SLV,TLT",6,2007-03-01,2026-04-10,19.1,553750.0,9.37,-17.99,0.93,0.52,2.12,57.8,5.7,-11.78,2015,25.59,0.212,230
"DBC,EFA,GLD,QQQ,SLV,TLT",6,2007-03-01,2026-04-10,19.1,608452.0,9.91,-22.39,0.81,0.44,1.95,59.1,5.83,-11.46,2015,27.89,0.218,230
"DBC,EFA,GLD,LQD,QQQ,TIP",6,2006-12-01,2026-04-10,19.4,295480.0,5.76,-20.55,0.71,0.28,1.88,59.7,5.36,-10.79,2015,13.86,0.229,233
"EFA,GLD,LQD,QQQ,SLV,TIP",6,2007-03-01,2026-04-10,19.1,346165.0,6.71,-21.77,0.83,0.31,1.92,59.1,5.39,-12.36,2015,19.87,0.255,230
"DBC,EFA,GLD,QQQ,SLV,TIP",6,2007-03-01,2026-04-10,19.1,319470.0,6.27,-26.35,0.64,0.24,1.71,59.6,5.43,-16.67,2015,21.86,0.281,230
"DBC,EFA,GLD,LQD,QQQ,SLV",6,2007-03-01,2026-04-10,19.1,397117.0,7.48,-22.52,0.72,0.33,1.85,58.7,5.59,-11.08,2015,22.49,0.311,230
"EEM,GLD,QQQ,TIP,TLT,VNQ",6,2005-10-03,2026-04-10,20.5,590312.0,9.04,-17.66,0.94,0.51,2.17,61.1,5.58,-9.53,2015,20.96,0.17,247
"EEM,GLD,LQD,QQQ,TLT,VNQ",6,2005-10-03,2026-04-10,20.5,717408.0,10.08,-17.31,0.99,0.58,2.27,61.5,5.64,-10.65,2015,20.22,0.203,247
"DBC,EEM,GLD,QQQ,TLT,VNQ",6,2006-12-01,2026-04-10,19.4,634070.0,10.01,-22.48,0.85,0.45,2.05,59.7,5.6,-9.5,2015,25.38,0.199,233
"EEM,GLD,QQQ,SLV,TLT,VNQ",6,2007-03-01,2026-04-10,19.1,812866.0,11.59,-19.13,0.92,0.61,2.05,62.2,5.77,-11.3,2015,30.41,0.219,230
"EEM,GLD,LQD,QQQ,TIP,VNQ",6,2005-10-03,2026-04-10,20.5,456709.0,7.68,-20.2,0.9,0.38,2.12,61.5,5.49,-10.12,2015,17.09,0.239,247
"DBC,EEM,GLD,QQQ,TIP,VNQ",6,2006-12-01,2026-04-10,19.4,336042.0,6.46,-22.47,0.66,0.29,1.8,59.2,5.52,-10.63,2022,23.91,0.255,233
"EEM,GLD,QQQ,SLV,TIP,VNQ",6,2007-03-01,2026-04-10,19.1,443787.0,8.11,-23.8,0.8,0.34,1.92,60.9,5.46,-12.03,2015,26.71,0.267,230
"DBC,EEM,GLD,LQD,QQQ,VNQ",6,2006-12-01,2026-04-10,19.4,380788.0,7.15,-25.53,0.65,0.28,1.86,60.5,5.46,-16.0,2008,22.23,0.301,233
"EEM,GLD,LQD,QQQ,SLV,VNQ",6,2007-03-01,2026-04-10,19.1,505123.0,8.84,-21.27,0.78,0.42,1.97,59.1,5.56,-11.45,2015,24.99,0.31,230
"DBC,EEM,GLD,QQQ,SLV,VNQ",6,2007-03-01,2026-04-10,19.1,641556.0,10.22,-31.74,0.7,0.32,1.87,60.0,5.88,-10.82,2015,36.14,0.376,230
"EEM,GLD,LQD,QQQ,TIP,TLT",6,2005-10-03,2026-04-10,20.5,537575.0,8.54,-20.21,0.96,0.42,2.31,61.5,5.64,-10.07,2015,22.44,0.2,247
"DBC,EEM,GLD,QQQ,TIP,TLT",6,2006-12-01,2026-04-10,19.4,396065.0,7.37,-19.42,0.79,0.38,2.01,61.4,5.48,-9.77,2015,25.02,0.156,233
"EEM,GLD,QQQ,SLV,TIP,TLT",6,2007-03-01,2026-04-10,19.1,491126.0,8.68,-17.02,0.89,0.51,2.02,60.4,5.5,-11.46,2015,24.14,0.193,230
"DBC,EEM,GLD,LQD,QQQ,TLT",6,2006-12-01,2026-04-10,19.4,507100.0,8.75,-20.01,0.87,0.44,2.24,58.4,5.39,-10.06,2015,24.33,0.175,233
"EEM,GLD,LQD,QQQ,SLV,TLT",6,2007-03-01,2026-04-10,19.1,599514.0,9.82,-18.76,0.95,0.52,2.17,59.1,5.61,-11.69,2015,25.6,0.209,230
"DBC,EEM,GLD,QQQ,SLV,TLT",6,2007-03-01,2026-04-10,19.1,648516.0,10.28,-24.85,0.82,0.41,1.98,58.3,5.79,-11.28,2015,29.34,0.218,230
"DBC,EEM,GLD,LQD,QQQ,TIP",6,2006-12-01,2026-04-10,19.4,305143.0,5.93,-20.44,0.72,0.29,1.91,59.2,5.38,-10.02,2015,14.84,0.223,233
"EEM,GLD,LQD,QQQ,SLV,TIP",6,2007-03-01,2026-04-10,19.1,371576.0,7.11,-21.26,0.85,0.33,1.96,58.7,5.41,-11.62,2015,20.91,0.25,230
"DBC,EEM,GLD,QQQ,SLV,TIP",6,2007-03-01,2026-04-10,19.1,327328.0,6.4,-31.02,0.64,0.21,1.71,59.6,5.46,-17.45,2015,24.22,0.278,230
"DBC,EEM,GLD,LQD,QQQ,SLV",6,2007-03-01,2026-04-10,19.1,417401.0,7.76,-22.39,0.73,0.35,1.88,57.8,5.52,-11.08,2015,24.14,0.306,230
"GLD,LQD,QQQ,TIP,TLT,VNQ",6,2005-10-03,2026-04-10,20.5,563103.0,8.79,-16.71,1.02,0.53,2.29,58.7,5.77,-9.99,2015,22.95,0.194,247
"DBC,GLD,QQQ,TIP,TLT,VNQ",6,2006-12-01,2026-04-10,19.4,386025.0,7.23,-21.68,0.78,0.33,1.94,59.7,5.71,-11.02,2022,25.54,0.139,233
"GLD,QQQ,SLV,TIP,TLT,VNQ",6,2007-03-01,2026-04-10,19.1,508173.0,8.88,-19.3,0.92,0.46,2.04,60.0,5.7,-11.57,2015,24.9,0.178,230
"DBC,GLD,LQD,QQQ,TLT,VNQ",6,2006-12-01,2026-04-10,19.4,481723.0,8.46,-22.48,0.86,0.38,2.1,61.4,5.64,-8.97,2022,24.29,0.156,233
"GLD,LQD,QQQ,SLV,TLT,VNQ",6,2007-03-01,2026-04-10,19.1,597104.0,9.8,-20.35,0.96,0.48,2.1,62.2,5.9,-10.88,2015,25.76,0.192,230
"DBC,GLD,QQQ,SLV,TLT,VNQ",6,2007-03-01,2026-04-10,19.1,679293.0,10.55,-23.59,0.86,0.45,2.0,60.9,6.02,-10.56,2015,28.5,0.189,230
"DBC,GLD,LQD,QQQ,TIP,VNQ",6,2006-12-01,2026-04-10,19.4,299359.0,5.83,-21.61,0.71,0.27,1.85,58.8,5.57,-11.09,2022,14.59,0.2,233
"GLD,LQD,QQQ,SLV,TIP,VNQ",6,2007-03-01,2026-04-10,19.1,378859.0,7.22,-21.58,0.86,0.33,1.95,60.4,5.58,-11.9,2015,17.94,0.228,230
"DBC,GLD,QQQ,SLV,TIP,VNQ",6,2007-03-01,2026-04-10,19.1,350827.0,6.79,-24.19,0.68,0.28,1.78,61.7,5.71,-12.56,2015,22.1,0.244,230
"DBC,GLD,LQD,QQQ,SLV,VNQ",6,2007-03-01,2026-04-10,19.1,390738.0,7.39,-24.53,0.66,0.3,1.81,60.0,5.78,-10.23,2015,21.09,0.27,230
"DBC,GLD,LQD,QQQ,TIP,TLT",6,2006-12-01,2026-04-10,19.4,386251.0,7.23,-19.42,0.85,0.37,2.16,60.1,5.62,-9.65,2015,26.25,0.187,233
"GLD,LQD,QQQ,SLV,TIP,TLT",6,2007-03-01,2026-04-10,19.1,458973.0,8.3,-17.27,0.96,0.48,2.14,60.4,5.71,-11.82,2015,26.3,0.24,230
"DBC,GLD,QQQ,SLV,TIP,TLT",6,2007-03-01,2026-04-10,19.1,409134.0,7.65,-21.6,0.79,0.35,1.94,60.0,5.7,-12.01,2015,28.69,0.199,230
"DBC,GLD,LQD,QQQ,SLV,TLT",6,2007-03-01,2026-04-10,19.1,508570.0,8.88,-22.44,0.86,0.4,2.1,59.1,5.8,-10.49,2015,30.14,0.198,230
"DBC,GLD,LQD,QQQ,SLV,TIP",6,2007-03-01,2026-04-10,19.1,301431.0,5.94,-21.6,0.7,0.28,1.82,57.8,5.59,-11.93,2015,17.01,0.246,230
"EEM,EFA,QQQ,SPY,TLT,VNQ",6,2005-08-01,2026-04-10,20.7,697623.0,9.84,-23.52,0.77,0.42,1.92,61.8,5.29,-24.93,2022,21.72,0.433,249
"EEM,EFA,QQQ,SPY,TIP,VNQ",6,2005-08-01,2026-04-10,20.7,358454.0,6.36,-24.4,0.66,0.26,1.76,61.8,5.0,-26.09,2022,22.01,0.491,249
"EEM,EFA,LQD,QQQ,SPY,VNQ",6,2005-08-01,2026-04-10,20.7,419881.0,7.18,-25.11,0.64,0.29,1.78,62.2,5.04,-24.18,2022,24.46,0.581,249
"DBC,EEM,EFA,QQQ,SPY,VNQ",6,2006-12-01,2026-04-10,19.4,474685.0,8.38,-32.42,0.56,0.26,1.7,61.4,5.46,-15.99,2008,43.53,0.647,233
"EEM,EFA,QQQ,SLV,SPY,VNQ",6,2007-03-01,2026-04-10,19.1,399080.0,7.51,-39.26,0.5,0.19,1.6,59.1,5.6,-26.43,2011,37.52,0.601,230
"EEM,EFA,QQQ,SPY,TIP,TLT",6,2004-10-01,2026-04-10,21.5,383967.0,6.45,-26.3,0.67,0.25,1.79,62.9,5.24,-25.95,2022,19.68,0.286,259
"EEM,EFA,LQD,QQQ,SPY,TLT",6,2004-02-02,2026-04-10,22.2,467899.0,7.2,-23.15,0.7,0.31,1.83,64.0,5.43,-24.01,2022,19.9,0.35,267
"DBC,EEM,EFA,QQQ,SPY,TLT",6,2006-12-01,2026-04-10,19.4,482935.0,8.48,-24.0,0.67,0.35,1.81,62.2,5.43,-11.12,2018,22.72,0.354,233
"EEM,EFA,QQQ,SLV,SPY,TLT",6,2007-03-01,2026-04-10,19.1,471527.0,8.45,-26.39,0.66,0.32,1.73,58.7,5.5,-25.8,2022,23.74,0.333,230
"EEM,EFA,LQD,QQQ,SPY,TIP",6,2004-10-01,2026-04-10,21.5,292809.0,5.12,-23.84,0.6,0.21,1.68,62.2,5.2,-25.22,2022,17.92,0.399,259
"DBC,EEM,EFA,QQQ,SPY,TIP",6,2006-12-01,2026-04-10,19.4,250206.0,4.85,-25.49,0.51,0.19,1.58,61.4,5.07,-15.77,2018,19.24,0.425,233
"EEM,EFA,QQQ,SLV,SPY,TIP",6,2007-03-01,2026-04-10,19.1,276018.0,5.46,-25.45,0.56,0.21,1.59,59.6,5.16,-23.77,2022,22.18,0.395,230
"DBC,EEM,EFA,LQD,QQQ,SPY",6,2006-12-01,2026-04-10,19.4,288005.0,5.62,-31.43,0.53,0.18,1.59,62.2,5.13,-21.36,2008,21.24,0.502,233
"EEM,EFA,LQD,QQQ,SLV,SPY",6,2007-03-01,2026-04-10,19.1,302734.0,5.97,-25.18,0.57,0.24,1.61,57.4,5.2,-25.64,2022,22.46,0.47,230
"DBC,EEM,EFA,QQQ,SLV,SPY",6,2007-03-01,2026-04-10,19.1,401189.0,7.54,-35.99,0.52,0.21,1.62,59.1,5.39,-16.92,2011,33.29,0.546,230
"EFA,QQQ,SPY,TIP,TLT,VNQ",6,2005-08-01,2026-04-10,20.7,386141.0,6.75,-25.49,0.71,0.26,1.81,63.1,5.4,-27.28,2022,20.53,0.27,249
"EFA,LQD,QQQ,SPY,TLT,VNQ",6,2005-08-01,2026-04-10,20.7,475127.0,7.82,-23.35,0.78,0.34,1.89,61.8,5.38,-24.9,2022,19.11,0.332,249
"DBC,EFA,QQQ,SPY,TLT,VNQ",6,2006-12-01,2026-04-10,19.4,494884.0,8.61,-24.59,0.7,0.35,1.81,63.5,5.65,-13.37,2022,25.37,0.325,233
"EFA,QQQ,SLV,SPY,TLT,VNQ",6,2007-03-01,2026-04-10,19.1,531611.0,9.14,-26.15,0.73,0.35,1.8,59.6,5.58,-26.74,2022,22.12,0.305,230
"EFA,LQD,QQQ,SPY,TIP,VNQ",6,2005-08-01,2026-04-10,20.7,306886.0,5.57,-24.16,0.66,0.23,1.75,63.9,5.31,-26.06,2022,18.55,0.378,249
"DBC,EFA,QQQ,SPY,TIP,VNQ",6,2006-12-01,2026-04-10,19.4,267826.0,5.22,-23.2,0.56,0.23,1.63,63.1,5.22,-18.6,2022,18.78,0.391,233
"EFA,QQQ,SLV,SPY,TIP,VNQ",6,2007-03-01,2026-04-10,19.1,309407.0,6.09,-23.57,0.63,0.26,1.69,60.0,5.29,-24.62,2022,19.7,0.363,230
"DBC,EFA,LQD,QQQ,SPY,VNQ",6,2006-12-01,2026-04-10,19.4,295699.0,5.76,-33.56,0.52,0.17,1.62,63.1,5.4,-22.16,2008,19.29,0.466,233
"EFA,LQD,QQQ,SLV,SPY,VNQ",6,2007-03-01,2026-04-10,19.1,323673.0,6.34,-25.87,0.57,0.25,1.65,60.0,5.38,-26.47,2022,20.85,0.435,230
"DBC,EFA,QQQ,SLV,SPY,VNQ",6,2007-03-01,2026-04-10,19.1,441366.0,8.08,-35.28,0.55,0.23,1.68,60.9,5.77,-15.03,2022,27.51,0.499,230
"EFA,LQD,QQQ,SPY,TIP,TLT",6,2004-10-01,2026-04-10,21.5,345609.0,5.93,-24.5,0.7,0.24,1.81,63.3,5.47,-25.86,2022,21.77,0.259,259
"DBC,EFA,QQQ,SPY,TIP,TLT",6,2006-12-01,2026-04-10,19.4,291327.0,5.68,-24.64,0.6,0.23,1.71,62.7,5.4,-17.76,2018,24.61,0.211,233
"EFA,QQQ,SLV,SPY,TIP,TLT",6,2007-03-01,2026-04-10,19.1,319173.0,6.26,-26.34,0.66,0.24,1.7,62.2,5.38,-24.4,2022,23.56,0.207,230
"DBC,EFA,LQD,QQQ,SPY,TLT",6,2006-12-01,2026-04-10,19.4,389143.0,7.27,-21.57,0.7,0.34,1.88,63.1,5.51,-9.57,2015,22.59,0.26,233
"EFA,LQD,QQQ,SLV,SPY,TLT",6,2007-03-01,2026-04-10,19.1,375639.0,7.17,-26.61,0.7,0.27,1.78,60.0,5.53,-26.2,2022,23.83,0.253,230
"DBC,EFA,QQQ,SLV,SPY,TLT",6,2007-03-01,2026-04-10,19.1,480980.0,8.57,-24.67,0.69,0.35,1.77,61.7,5.7,-13.43,2022,27.27,0.26,230
"DBC,EFA,LQD,QQQ,SPY,TIP",6,2006-12-01,2026-04-10,19.4,231006.0,4.42,-21.78,0.53,0.2,1.6,63.5,5.34,-14.79,2022,14.77,0.318,233
"EFA,LQD,QQQ,SLV,SPY,TIP",6,2007-03-01,2026-04-10,19.1,243096.0,4.76,-24.23,0.58,0.2,1.59,60.4,5.32,-24.15,2022,14.78,0.303,230
"DBC,EFA,QQQ,SLV,SPY,TIP",6,2007-03-01,2026-04-10,19.1,255975.0,5.04,-23.89,0.52,0.21,1.57,63.0,5.36,-16.18,2018,17.08,0.329,230
"DBC,EFA,LQD,QQQ,SLV,SPY",6,2007-03-01,2026-04-10,19.1,287210.0,5.68,-25.96,0.54,0.22,1.59,60.0,5.35,-13.17,2022,17.79,0.387,230
"EEM,QQQ,SPY,TIP,TLT,VNQ",6,2005-08-01,2026-04-10,20.7,400557.0,6.94,-25.5,0.71,0.27,1.83,62.2,5.45,-27.37,2022,20.29,0.262,249
"EEM,LQD,QQQ,SPY,TLT,VNQ",6,2005-08-01,2026-04-10,20.7,485332.0,7.93,-24.2,0.76,0.33,1.9,61.4,5.49,-26.03,2022,18.29,0.322,249
"DBC,EEM,QQQ,SPY,TLT,VNQ",6,2006-12-01,2026-04-10,19.4,530016.0,9.0,-24.47,0.72,0.37,1.86,63.1,5.57,-13.49,2022,25.56,0.318,233
"EEM,QQQ,SLV,SPY,TLT,VNQ",6,2007-03-01,2026-04-10,19.1,556777.0,9.4,-27.67,0.73,0.34,1.82,59.1,5.65,-27.81,2022,22.44,0.298,230
"EEM,LQD,QQQ,SPY,TIP,VNQ",6,2005-08-01,2026-04-10,20.7,319175.0,5.77,-24.21,0.67,0.24,1.77,63.1,5.35,-26.18,2022,17.92,0.365,249
"DBC,EEM,QQQ,SPY,TIP,VNQ",6,2006-12-01,2026-04-10,19.4,277881.0,5.42,-23.07,0.57,0.24,1.66,62.2,5.24,-18.48,2022,19.22,0.381,233
"EEM,QQQ,SLV,SPY,TIP,VNQ",6,2007-03-01,2026-04-10,19.1,325085.0,6.36,-23.94,0.65,0.27,1.72,60.0,5.3,-24.69,2022,22.68,0.353,230
"DBC,EEM,LQD,QQQ,SPY,VNQ",6,2006-12-01,2026-04-10,19.4,304859.0,5.93,-33.44,0.52,0.18,1.64,63.5,5.37,-22.23,2008,21.56,0.455,233
"EEM,LQD,QQQ,SLV,SPY,VNQ",6,2007-03-01,2026-04-10,19.1,335723.0,6.54,-27.45,0.58,0.24,1.67,59.6,5.46,-27.59,2022,23.33,0.424,230
"DBC,EEM,QQQ,SLV,SPY,VNQ",6,2007-03-01,2026-04-10,19.1,490471.0,8.68,-31.86,0.58,0.27,1.73,62.2,5.71,-15.46,2011,35.15,0.491,230
"EEM,LQD,QQQ,SPY,TIP,TLT",6,2004-10-01,2026-04-10,21.5,360903.0,6.14,-24.09,0.7,0.26,1.85,62.2,5.51,-25.88,2022,21.71,0.249,259
"DBC,EEM,QQQ,SPY,TIP,TLT",6,2006-12-01,2026-04-10,19.4,299252.0,5.83,-23.37,0.61,0.25,1.74,62.2,5.4,-16.06,2018,24.74,0.204,233
"EEM,QQQ,SLV,SPY,TIP,TLT",6,2007-03-01,2026-04-10,19.1,330783.0,6.46,-24.43,0.67,0.26,1.72,60.0,5.38,-24.36,2022,23.47,0.201,230
"DBC,EEM,LQD,QQQ,SPY,TLT",6,2006-12-01,2026-04-10,19.4,398283.0,7.4,-21.47,0.7,0.34,1.92,63.1,5.42,-9.68,2015,22.77,0.252,233
"EEM,LQD,QQQ,SLV,SPY,TLT",6,2007-03-01,2026-04-10,19.1,382394.0,7.27,-28.1,0.7,0.26,1.79,58.3,5.55,-27.5,2022,23.61,0.245,230
"DBC,EEM,QQQ,SLV,SPY,TLT",6,2007-03-01,2026-04-10,19.1,506676.0,8.86,-24.11,0.7,0.37,1.81,60.0,5.59,-13.1,2022,27.56,0.254,230
"DBC,EEM,LQD,QQQ,SPY,TIP",6,2006-12-01,2026-04-10,19.4,236934.0,4.56,-20.55,0.54,0.22,1.63,63.1,5.35,-14.55,2022,15.14,0.306,233
"EEM,LQD,QQQ,SLV,SPY,TIP",6,2007-03-01,2026-04-10,19.1,252593.0,4.97,-24.53,0.59,0.2,1.62,59.6,5.33,-24.16,2022,15.35,0.292,230
"DBC,EEM,QQQ,SLV,SPY,TIP",6,2007-03-01,2026-04-10,19.1,264304.0,5.22,-23.99,0.53,0.22,1.59,60.9,5.37,-15.65,2022,19.97,0.321,230
"DBC,EEM,LQD,QQQ,SLV,SPY",6,2007-03-01,2026-04-10,19.1,296581.0,5.85,-25.49,0.55,0.23,1.61,59.6,5.28,-12.89,2022,20.16,0.377,230
"LQD,QQQ,SPY,TIP,TLT,VNQ",6,2005-08-01,2026-04-10,20.7,330214.0,5.94,-28.88,0.7,0.21,1.78,61.8,5.53,-26.97,2022,22.29,0.246,249
"DBC,QQQ,SPY,TIP,TLT,VNQ",6,2006-12-01,2026-04-10,19.4,275927.0,5.38,-28.43,0.58,0.19,1.66,59.7,5.52,-20.62,2022,25.36,0.19,233
"QQQ,SLV,SPY,TIP,TLT,VNQ",6,2007-03-01,2026-04-10,19.1,335945.0,6.55,-28.41,0.68,0.23,1.73,59.6,5.54,-25.37,2022,24.39,0.188,230
"DBC,LQD,QQQ,SPY,TLT,VNQ",6,2006-12-01,2026-04-10,19.4,370361.0,7.0,-28.53,0.68,0.25,1.84,62.2,5.55,-13.19,2022,22.8,0.235,233
"LQD,QQQ,SLV,SPY,TLT,VNQ",6,2007-03-01,2026-04-10,19.1,390461.0,7.39,-31.38,0.72,0.24,1.78,58.7,5.71,-28.11,2022,23.91,0.23,230
"DBC,QQQ,SLV,SPY,TLT,VNQ",6,2007-03-01,2026-04-10,19.1,525020.0,9.07,-29.25,0.72,0.31,1.82,61.7,5.89,-16.08,2022,27.96,0.228,230
"DBC,LQD,QQQ,SPY,TIP,VNQ",6,2006-12-01,2026-04-10,19.4,227940.0,4.35,-26.18,0.53,0.17,1.6,62.2,5.38,-18.18,2022,17.45,0.286,233
"LQD,QQQ,SLV,SPY,TIP,VNQ",6,2007-03-01,2026-04-10,19.1,260707.0,5.14,-28.37,0.62,0.18,1.65,58.3,5.46,-24.98,2022,14.99,0.273,230
"DBC,QQQ,SLV,SPY,TIP,VNQ",6,2007-03-01,2026-04-10,19.1,275668.0,5.45,-26.77,0.57,0.2,1.64,63.0,5.55,-17.96,2022,19.44,0.29,230
"DBC,LQD,QQQ,SLV,SPY,VNQ",6,2007-03-01,2026-04-10,19.1,296815.0,5.86,-28.38,0.52,0.21,1.62,60.9,5.62,-15.68,2022,19.69,0.343,230
"DBC,LQD,QQQ,SPY,TIP,TLT",6,2006-12-01,2026-04-10,19.4,268632.0,5.24,-24.99,0.61,0.21,1.75,63.1,5.5,-15.39,2022,26.02,0.195,233
"LQD,QQQ,SLV,SPY,TIP,TLT",6,2007-03-01,2026-04-10,19.1,294858.0,5.82,-28.21,0.67,0.21,1.74,59.1,5.61,-24.59,2022,25.94,0.207,230
"DBC,QQQ,SLV,SPY,TIP,TLT",6,2007-03-01,2026-04-10,19.1,289260.0,5.72,-25.96,0.6,0.22,1.67,62.6,5.61,-16.58,2018,28.55,0.166,230
"DBC,LQD,QQQ,SLV,SPY,TLT",6,2007-03-01,2026-04-10,19.1,375972.0,7.18,-27.56,0.69,0.26,1.84,60.4,5.71,-13.5,2022,29.76,0.194,230
"DBC,LQD,QQQ,SLV,SPY,TIP",6,2007-03-01,2026-04-10,19.1,221470.0,4.25,-25.31,0.51,0.17,1.56,61.7,5.51,-16.02,2022,13.0,0.248,230
"EEM,EFA,QQQ,TIP,TLT,VNQ",6,2005-08-01,2026-04-10,20.7,388893.0,6.78,-20.04,0.69,0.34,1.8,59.4,5.41,-20.89,2022,19.33,0.256,249
"EEM,EFA,LQD,QQQ,TLT,VNQ",6,2005-08-01,2026-04-10,20.7,463852.0,7.7,-19.54,0.74,0.39,1.87,59.8,5.54,-19.58,2022,19.08,0.315,249
"DBC,EEM,EFA,QQQ,TLT,VNQ",6,2006-12-01,2026-04-10,19.4,515990.0,8.85,-21.67,0.7,0.41,1.82,61.4,5.75,-9.33,2015,22.32,0.313,233
"EEM,EFA,QQQ,SLV,TLT,VNQ",6,2007-03-01,2026-04-10,19.1,522695.0,9.04,-23.1,0.7,0.39,1.77,57.4,5.81,-21.33,2022,27.14,0.296,230
"EEM,EFA,LQD,QQQ,TIP,VNQ",6,2005-08-01,2026-04-10,20.7,307351.0,5.58,-20.9,0.65,0.27,1.75,60.2,5.35,-20.11,2022,17.26,0.359,249
"DBC,EEM,EFA,QQQ,TIP,VNQ",6,2006-12-01,2026-04-10,19.4,270001.0,5.27,-22.25,0.55,0.24,1.64,60.5,5.32,-10.4,2018,19.9,0.377,233
"EEM,EFA,QQQ,SLV,TIP,VNQ",6,2007-03-01,2026-04-10,19.1,305710.0,6.02,-23.31,0.62,0.26,1.68,59.6,5.28,-18.51,2022,23.25,0.352,230
"DBC,EEM,EFA,LQD,QQQ,VNQ",6,2006-12-01,2026-04-10,19.4,291542.0,5.68,-34.34,0.5,0.17,1.61,61.8,5.48,-23.53,2008,22.26,0.45,233
"EEM,EFA,LQD,QQQ,SLV,VNQ",6,2007-03-01,2026-04-10,19.1,312320.0,6.14,-24.56,0.55,0.25,1.63,58.3,5.55,-21.25,2022,23.94,0.421,230
"DBC,EEM,EFA,QQQ,SLV,VNQ",6,2007-03-01,2026-04-10,19.1,452200.0,8.22,-32.72,0.55,0.25,1.68,60.4,6.04,-16.66,2011,36.56,0.49,230
"EEM,EFA,LQD,QQQ,TIP,TLT",6,2004-10-01,2026-04-10,21.5,415394.0,6.84,-18.19,0.78,0.38,2.03,60.6,5.37,-11.26,2022,20.34,0.249,259
"DBC,EEM,EFA,QQQ,TIP,TLT",6,2006-12-01,2026-04-10,19.4,339400.0,6.52,-20.68,0.67,0.32,1.83,61.4,5.4,-10.17,2015,23.15,0.205,233
"EEM,EFA,QQQ,SLV,TIP,TLT",6,2007-03-01,2026-04-10,19.1,333904.0,6.51,-21.01,0.67,0.31,1.74,59.1,5.33,-18.2,2022,22.01,0.204,230
"DBC,EEM,EFA,LQD,QQQ,TLT",6,2006-12-01,2026-04-10,19.4,448062.0,8.06,-19.85,0.76,0.41,2.02,62.2,5.43,-10.43,2015,20.67,0.252,233
"EEM,EFA,LQD,QQQ,SLV,TLT",6,2007-03-01,2026-04-10,19.1,389847.0,7.38,-25.34,0.71,0.29,1.83,55.2,5.66,-20.86,2022,22.14,0.248,230
"DBC,EEM,EFA,QQQ,SLV,TLT",6,2007-03-01,2026-04-10,19.1,507349.0,8.87,-22.93,0.69,0.39,1.79,60.4,5.93,-10.17,2015,25.67,0.259,230
"DBC,EEM,EFA,LQD,QQQ,TIP",6,2006-12-01,2026-04-10,19.4,271577.0,5.3,-21.22,0.62,0.25,1.76,60.9,5.36,-10.53,2015,15.73,0.308,233
"EEM,EFA,LQD,QQQ,SLV,TIP",6,2007-03-01,2026-04-10,19.1,260512.0,5.14,-21.95,0.62,0.23,1.67,58.7,5.29,-18.22,2022,16.48,0.296,230
"DBC,EEM,EFA,QQQ,SLV,TIP",6,2007-03-01,2026-04-10,19.1,270034.0,5.34,-26.68,0.54,0.2,1.6,60.0,5.41,-15.39,2015,20.47,0.326,230
"DBC,EEM,EFA,LQD,QQQ,SLV",6,2007-03-01,2026-04-10,19.1,306618.0,6.04,-27.06,0.57,0.22,1.64,60.4,5.49,-14.25,2008,20.67,0.382,230
"EFA,LQD,QQQ,TIP,TLT,VNQ",6,2005-08-01,2026-04-10,20.7,362410.0,6.42,-19.85,0.74,0.32,1.85,59.4,5.67,-20.74,2022,20.84,0.239,249
"DBC,EFA,QQQ,TIP,TLT,VNQ",6,2006-12-01,2026-04-10,19.4,297362.0,5.79,-21.88,0.61,0.26,1.7,58.8,5.65,-12.22,2018,23.69,0.184,233
"EFA,QQQ,SLV,TIP,TLT,VNQ",6,2007-03-01,2026-04-10,19.1,333956.0,6.51,-21.56,0.69,0.3,1.72,58.7,5.51,-18.89,2022,22.85,0.185,230
"DBC,EFA,LQD,QQQ,TLT,VNQ",6,2006-12-01,2026-04-10,19.4,390269.0,7.29,-21.21,0.71,0.34,1.87,60.5,5.73,-10.27,2015,20.54,0.228,233
"EFA,LQD,QQQ,SLV,TLT,VNQ",6,2007-03-01,2026-04-10,19.1,383892.0,7.29,-25.28,0.72,0.29,1.77,58.3,5.79,-21.69,2022,22.25,0.226,230
"DBC,EFA,QQQ,SLV,TLT,VNQ",6,2007-03-01,2026-04-10,19.1,514458.0,8.95,-23.0,0.72,0.39,1.78,60.0,6.13,-10.54,2015,25.45,0.225,230
"DBC,EFA,LQD,QQQ,TIP,VNQ",6,2006-12-01,2026-04-10,19.4,243449.0,4.7,-20.4,0.56,0.23,1.65,61.8,5.56,-10.47,2015,14.46,0.28,233
"EFA,LQD,QQQ,SLV,TIP,VNQ",6,2007-03-01,2026-04-10,19.1,258713.0,5.1,-22.28,0.62,0.23,1.64,57.8,5.44,-18.96,2022,13.7,0.269,230
"DBC,EFA,QQQ,SLV,TIP,VNQ",6,2007-03-01,2026-04-10,19.1,275944.0,5.46,-23.44,0.56,0.23,1.63,61.3,5.63,-11.67,2015,17.84,0.288,230
"DBC,EFA,LQD,QQQ,SLV,VNQ",6,2007-03-01,2026-04-10,19.1,289600.0,5.72,-29.48,0.51,0.19,1.6,60.0,5.8,-14.92,2008,18.91,0.341,230
"DBC,EFA,LQD,QQQ,TIP,TLT",6,2006-12-01,2026-04-10,19.4,339418.0,6.52,-20.22,0.75,0.32,1.99,62.7,5.57,-10.59,2015,23.73,0.195,233
"EFA,LQD,QQQ,SLV,TIP,TLT",6,2007-03-01,2026-04-10,19.1,320955.0,6.29,-23.09,0.75,0.27,1.84,58.3,5.54,-18.56,2022,23.76,0.209,230
"DBC,EFA,QQQ,SLV,TIP,TLT",6,2007-03-01,2026-04-10,19.1,316962.0,6.22,-19.56,0.65,0.32,1.74,61.7,5.64,-11.71,2015,26.31,0.169,230
"DBC,EFA,LQD,QQQ,SLV,TLT",6,2007-03-01,2026-04-10,19.1,404527.0,7.59,-20.77,0.73,0.37,1.9,58.3,5.88,-11.25,2015,25.58,0.196,230
"DBC,EFA,LQD,QQQ,SLV,TIP",6,2007-03-01,2026-04-10,19.1,246795.0,4.84,-21.37,0.58,0.23,1.66,60.9,5.56,-11.85,2015,13.14,0.251,230
"EEM,LQD,QQQ,TIP,TLT,VNQ",6,2005-08-01,2026-04-10,20.7,391016.0,6.81,-20.39,0.75,0.33,1.91,58.2,5.76,-20.85,2022,20.68,0.231,249
"DBC,EEM,QQQ,TIP,TLT,VNQ",6,2006-12-01,2026-04-10,19.4,306336.0,5.95,-21.67,0.62,0.27,1.73,57.9,5.72,-9.91,2018,23.72,0.179,233
"EEM,QQQ,SLV,TIP,TLT,VNQ",6,2007-03-01,2026-04-10,19.1,358893.0,6.92,-22.34,0.7,0.31,1.77,59.1,5.56,-18.89,2022,22.67,0.18,230
"DBC,EEM,LQD,QQQ,TLT,VNQ",6,2006-12-01,2026-04-10,19.4,402284.0,7.46,-21.08,0.71,0.35,1.9,60.1,5.71,-10.21,2015,20.49,0.222,233
"EEM,LQD,QQQ,SLV,TLT,VNQ",6,2007-03-01,2026-04-10,19.1,405577.0,7.6,-27.91,0.72,0.27,1.81,59.1,5.91,-23.75,2022,21.88,0.22,230
"DBC,EEM,QQQ,SLV,TLT,VNQ",6,2007-03-01,2026-04-10,19.1,539549.0,9.22,-23.86,0.72,0.39,1.81,59.6,6.09,-10.38,2015,27.27,0.222,230
"DBC,EEM,LQD,QQQ,TIP,VNQ",6,2006-12-01,2026-04-10,19.4,252496.0,4.9,-20.09,0.57,0.24,1.69,60.1,5.61,-9.69,2015,13.92,0.271,233
"EEM,LQD,QQQ,SLV,TIP,VNQ",6,2007-03-01,2026-04-10,19.1,281109.0,5.56,-23.31,0.65,0.24,1.7,58.3,5.5,-19.06,2022,15.58,0.261,230
"DBC,EEM,QQQ,SLV,TIP,VNQ",6,2007-03-01,2026-04-10,19.1,285711.0,5.65,-23.19,0.57,0.24,1.66,59.6,5.68,-11.24,2015,20.84,0.282,230
"DBC,EEM,LQD,QQQ,SLV,VNQ",6,2007-03-01,2026-04-10,19.1,300471.0,5.93,-29.19,0.52,0.2,1.62,60.4,5.77,-14.92,2008,21.43,0.334,230
"DBC,EEM,LQD,QQQ,TIP,TLT",6,2006-12-01,2026-04-10,19.4,348742.0,6.67,-20.09,0.75,0.33,2.03,61.8,5.61,-9.7,2015,23.86,0.189,233
"EEM,LQD,QQQ,SLV,TIP,TLT",6,2007-03-01,2026-04-10,19.1,341120.0,6.63,-23.43,0.76,0.28,1.88,59.6,5.58,-18.49,2022,23.75,0.203,230
"DBC,EEM,QQQ,SLV,TIP,TLT",6,2007-03-01,2026-04-10,19.1,325183.0,6.36,-19.68,0.65,0.32,1.75,60.9,5.68,-10.81,2015,26.48,0.167,230
"DBC,EEM,LQD,QQQ,SLV,TLT",6,2007-03-01,2026-04-10,19.1,416336.0,7.75,-21.56,0.73,0.36,1.93,57.4,5.79,-11.15,2015,25.85,0.192,230
"DBC,EEM,LQD,QQQ,SLV,TIP",6,2007-03-01,2026-04-10,19.1,254378.0,5.01,-21.14,0.59,0.24,1.68,60.0,5.59,-11.11,2015,14.11,0.244,230
"DBC,LQD,QQQ,TIP,TLT,VNQ",6,2006-12-01,2026-04-10,19.4,289323.0,5.64,-24.4,0.64,0.23,1.8,58.4,5.78,-9.67,2015,24.29,0.18,233
"LQD,QQQ,SLV,TIP,TLT,VNQ",6,2007-03-01,2026-04-10,19.1,326904.0,6.39,-25.55,0.72,0.25,1.8,58.3,5.8,-19.35,2022,24.32,0.196,230
"DBC,QQQ,SLV,TIP,TLT,VNQ",6,2007-03-01,2026-04-10,19.1,305026.0,6.01,-24.71,0.62,0.24,1.69,59.6,5.96,-11.07,2015,27.08,0.148,230
"DBC,LQD,QQQ,SLV,TLT,VNQ",6,2007-03-01,2026-04-10,19.1,388706.0,7.36,-26.89,0.7,0.27,1.83,60.9,6.12,-10.44,2015,25.89,0.171,230
"DBC,LQD,QQQ,SLV,TIP,VNQ",6,2007-03-01,2026-04-10,19.1,241365.0,4.72,-24.43,0.55,0.19,1.62,59.6,5.81,-11.47,2015,15.05,0.218,230
"DBC,LQD,QQQ,SLV,TIP,TLT",6,2007-03-01,2026-04-10,19.1,312479.0,6.14,-23.11,0.69,0.27,1.87,60.0,5.88,-11.45,2015,27.55,0.19,230
"EEM,EFA,GLD,IEF,SPY,VNQ",6,2005-10-03,2026-04-10,20.5,557741.0,8.74,-15.76,0.9,0.55,2.12,61.9,5.49,-12.06,2022,18.44,0.292,247
"EEM,EFA,GLD,IEF,SPY,TLT",6,2005-10-03,2026-04-10,20.5,476818.0,7.91,-15.7,0.84,0.5,2.02,61.9,5.68,-10.37,2022,17.79,0.172,247
"EEM,EFA,GLD,IEF,SPY,TIP",6,2005-10-03,2026-04-10,20.5,392524.0,6.89,-14.79,0.87,0.47,2.07,61.1,5.44,-11.12,2022,16.72,0.21,247
"EEM,EFA,GLD,IEF,LQD,SPY",6,2005-10-03,2026-04-10,20.5,440087.0,7.49,-15.82,0.89,0.47,2.13,61.5,5.59,-10.41,2022,16.94,0.246,247
"DBC,EEM,EFA,GLD,IEF,SPY",6,2006-12-01,2026-04-10,19.4,339645.0,6.52,-22.44,0.69,0.29,1.82,59.2,5.44,-9.93,2022,16.87,0.253,233
"EEM,EFA,GLD,IEF,SLV,SPY",6,2007-03-01,2026-04-10,19.1,395802.0,7.46,-19.49,0.76,0.38,1.83,58.3,5.68,-10.47,2022,24.82,0.269,230
"EFA,GLD,IEF,SPY,TLT,VNQ",6,2005-10-03,2026-04-10,20.5,552534.0,8.69,-16.25,0.95,0.53,2.12,60.7,5.78,-12.34,2022,18.61,0.162,247
"EFA,GLD,IEF,SPY,TIP,VNQ",6,2005-10-03,2026-04-10,20.5,440366.0,7.49,-14.68,0.98,0.51,2.19,60.7,5.56,-12.67,2022,14.19,0.195,247
"EFA,GLD,IEF,LQD,SPY,VNQ",6,2005-10-03,2026-04-10,20.5,479202.0,7.94,-16.88,0.98,0.47,2.19,61.5,5.75,-12.48,2022,15.84,0.228,247
"DBC,EFA,GLD,IEF,SPY,VNQ",6,2006-12-01,2026-04-10,19.4,373657.0,7.05,-23.59,0.76,0.3,1.9,60.1,5.58,-12.72,2022,15.64,0.225,233
"EFA,GLD,IEF,SLV,SPY,VNQ",6,2007-03-01,2026-04-10,19.1,452109.0,8.22,-18.57,0.85,0.44,1.93,60.4,5.82,-11.91,2022,21.51,0.242,230
"EFA,GLD,IEF,SPY,TIP,TLT",6,2005-10-03,2026-04-10,20.5,400828.0,7.0,-15.07,0.9,0.46,2.08,60.3,5.69,-11.32,2022,17.84,0.187,247
"EFA,GLD,IEF,LQD,SPY,TLT",6,2005-10-03,2026-04-10,20.5,431072.0,7.38,-16.13,0.91,0.46,2.13,60.7,5.91,-10.68,2022,17.74,0.195,247
"DBC,EFA,GLD,IEF,SPY,TLT",6,2006-12-01,2026-04-10,19.4,352431.0,6.72,-22.44,0.74,0.3,1.88,59.2,5.68,-10.31,2022,19.29,0.133,233
"EFA,GLD,IEF,SLV,SPY,TLT",6,2007-03-01,2026-04-10,19.1,408275.0,7.64,-18.11,0.8,0.42,1.87,59.6,5.96,-10.63,2022,20.77,0.175,230
"EFA,GLD,IEF,LQD,SPY,TIP",6,2005-10-03,2026-04-10,20.5,389638.0,6.85,-14.24,0.97,0.48,2.21,61.1,5.64,-11.51,2022,13.93,0.22,247
"DBC,EFA,GLD,IEF,SPY,TIP",6,2006-12-01,2026-04-10,19.4,285751.0,5.57,-21.56,0.73,0.26,1.86,60.9,5.49,-13.06,2022,12.92,0.177,233
"EFA,GLD,IEF,SLV,SPY,TIP",6,2007-03-01,2026-04-10,19.1,339463.0,6.6,-16.15,0.85,0.41,1.92,60.9,5.58,-10.77,2022,18.7,0.212,230
"DBC,EFA,GLD,IEF,LQD,SPY",6,2006-12-01,2026-04-10,19.4,313410.0,6.08,-22.44,0.74,0.27,1.93,60.9,5.61,-10.41,2022,12.87,0.198,233
"EFA,GLD,IEF,LQD,SLV,SPY",6,2007-03-01,2026-04-10,19.1,358563.0,6.91,-19.04,0.84,0.36,1.94,59.1,5.84,-11.09,2022,19.43,0.229,230
"DBC,EFA,GLD,IEF,SLV,SPY",6,2007-03-01,2026-04-10,19.1,345830.0,6.71,-23.58,0.69,0.28,1.77,60.0,5.7,-11.2,2022,20.08,0.239,230
"EEM,GLD,IEF,SPY,TLT,VNQ",6,2005-10-03,2026-04-10,20.5,549320.0,8.66,-16.68,0.93,0.52,2.15,62.3,5.83,-12.32,2022,16.64,0.157,247
"EEM,GLD,IEF,SPY,TIP,VNQ",6,2005-10-03,2026-04-10,20.5,436742.0,7.45,-14.64,0.96,0.51,2.19,62.3,5.65,-12.47,2022,14.92,0.187,247
"EEM,GLD,IEF,LQD,SPY,VNQ",6,2005-10-03,2026-04-10,20.5,486812.0,8.02,-17.41,0.97,0.46,2.24,62.3,5.79,-12.51,2022,15.02,0.22,247
"DBC,EEM,GLD,IEF,SPY,VNQ",6,2006-12-01,2026-04-10,19.4,370247.0,7.0,-23.59,0.74,0.3,1.9,60.1,5.6,-12.21,2022,14.91,0.219,233
"EEM,GLD,IEF,SLV,SPY,VNQ",6,2007-03-01,2026-04-10,19.1,450972.0,8.2,-19.19,0.84,0.43,1.95,61.3,5.84,-11.89,2022,22.6,0.237,230
"EEM,GLD,IEF,SPY,TIP,TLT",6,2005-10-03,2026-04-10,20.5,392028.0,6.89,-14.37,0.87,0.48,2.06,61.9,5.76,-10.97,2022,17.71,0.183,247
"EEM,GLD,IEF,LQD,SPY,TLT",6,2005-10-03,2026-04-10,20.5,432941.0,7.4,-16.65,0.89,0.44,2.17,61.9,5.88,-10.19,2022,17.66,0.189,247
"DBC,EEM,GLD,IEF,SPY,TLT",6,2006-12-01,2026-04-10,19.4,349288.0,6.67,-22.44,0.73,0.3,1.88,59.2,5.65,-9.21,2022,19.35,0.13,233
"EEM,GLD,IEF,SLV,SPY,TLT",6,2007-03-01,2026-04-10,19.1,408044.0,7.64,-18.64,0.8,0.41,1.89,61.3,5.89,-10.1,2022,22.02,0.173,230
"EEM,GLD,IEF,LQD,SPY,TIP",6,2005-10-03,2026-04-10,20.5,388751.0,6.84,-14.68,0.95,0.47,2.22,63.2,5.72,-11.21,2022,14.62,0.211,247
"DBC,EEM,GLD,IEF,SPY,TIP",6,2006-12-01,2026-04-10,19.4,280721.0,5.48,-21.56,0.71,0.25,1.85,60.9,5.55,-12.55,2022,13.75,0.172,233
"EEM,GLD,IEF,SLV,SPY,TIP",6,2007-03-01,2026-04-10,19.1,336021.0,6.55,-16.57,0.84,0.4,1.91,62.2,5.63,-10.42,2022,19.58,0.207,230
"DBC,EEM,GLD,IEF,LQD,SPY",6,2006-12-01,2026-04-10,19.4,315464.0,6.11,-22.44,0.75,0.27,1.95,60.9,5.58,-9.37,2022,13.8,0.191,233
"EEM,GLD,IEF,LQD,SLV,SPY",6,2007-03-01,2026-04-10,19.1,365023.0,7.01,-19.71,0.85,0.36,1.98,60.4,5.78,-10.6,2022,20.41,0.222,230
"DBC,EEM,GLD,IEF,SLV,SPY",6,2007-03-01,2026-04-10,19.1,341002.0,6.63,-23.58,0.68,0.28,1.75,60.0,5.68,-10.11,2022,21.38,0.235,230
"GLD,IEF,SPY,TIP,TLT,VNQ",6,2005-10-03,2026-04-10,20.5,444218.0,7.54,-15.04,0.98,0.5,2.18,60.7,5.89,-12.52,2022,18.42,0.187,247
"GLD,IEF,LQD,SPY,TLT,VNQ",6,2005-10-03,2026-04-10,20.5,480986.0,7.96,-17.96,0.99,0.44,2.22,61.5,6.08,-12.72,2022,18.25,0.192,247
"DBC,GLD,IEF,SPY,TLT,VNQ",6,2006-12-01,2026-04-10,19.4,380997.0,7.15,-23.59,0.79,0.3,1.93,60.5,5.89,-12.39,2022,20.01,0.122,233
"GLD,IEF,SLV,SPY,TLT,VNQ",6,2007-03-01,2026-04-10,19.1,459647.0,8.31,-20.42,0.88,0.41,1.96,58.3,6.14,-11.73,2022,20.52,0.166,230
"GLD,IEF,LQD,SPY,TIP,VNQ",6,2005-10-03,2026-04-10,20.5,429504.0,7.36,-15.91,1.05,0.46,2.31,61.5,5.84,-12.93,2022,12.58,0.209,247
"DBC,GLD,IEF,SPY,TIP,VNQ",6,2006-12-01,2026-04-10,19.4,300039.0,5.84,-22.72,0.76,0.26,1.9,59.2,5.76,-14.78,2022,15.19,0.159,233
"GLD,IEF,SLV,SPY,TIP,VNQ",6,2007-03-01,2026-04-10,19.1,370320.0,7.09,-18.23,0.92,0.39,2.0,60.9,5.81,-11.27,2022,16.86,0.195,230
"DBC,GLD,IEF,LQD,SPY,VNQ",6,2006-12-01,2026-04-10,19.4,329069.0,6.35,-23.59,0.78,0.27,1.95,60.5,5.82,-12.74,2022,13.65,0.175,233
"GLD,IEF,LQD,SLV,SPY,VNQ",6,2007-03-01,2026-04-10,19.1,389147.0,7.37,-21.4,0.9,0.34,2.0,61.3,6.05,-12.6,2022,17.42,0.208,230
"DBC,GLD,IEF,SLV,SPY,VNQ",6,2007-03-01,2026-04-10,19.1,378343.0,7.21,-24.27,0.74,0.3,1.83,60.4,5.9,-12.46,2022,17.41,0.21,230
"GLD,IEF,LQD,SPY,TIP,TLT",6,2005-10-03,2026-04-10,20.5,404489.0,7.05,-14.87,0.98,0.47,2.23,61.9,5.93,-11.38,2022,19.44,0.291,247
"DBC,GLD,IEF,SPY,TIP,TLT",6,2006-12-01,2026-04-10,19.4,291534.0,5.68,-21.56,0.73,0.26,1.88,60.9,5.74,-12.63,2022,21.07,0.182,233
"GLD,IEF,SLV,SPY,TIP,TLT",6,2007-03-01,2026-04-10,19.1,347619.0,6.74,-17.41,0.85,0.39,1.92,60.4,5.85,-10.17,2022,20.94,0.244,230
"DBC,GLD,IEF,LQD,SPY,TLT",6,2006-12-01,2026-04-10,19.4,324237.0,6.27,-22.44,0.77,0.28,1.99,60.5,5.85,-9.62,2022,20.99,0.173,233
"GLD,IEF,LQD,SLV,SPY,TLT",6,2007-03-01,2026-04-10,19.1,361150.0,6.95,-20.83,0.84,0.33,1.96,62.2,6.08,-10.68,2022,22.06,0.231,230
"DBC,GLD,IEF,SLV,SPY,TLT",6,2007-03-01,2026-04-10,19.1,355562.0,6.86,-23.58,0.72,0.29,1.81,60.0,5.99,-10.04,2022,23.72,0.174,230
"DBC,GLD,IEF,LQD,SPY,TIP",6,2006-12-01,2026-04-10,19.4,283329.0,5.53,-21.56,0.77,0.26,1.96,59.7,5.72,-13.03,2022,13.65,0.202,233
"GLD,IEF,LQD,SLV,SPY,TIP",6,2007-03-01,2026-04-10,19.1,330302.0,6.45,-18.82,0.92,0.34,2.01,62.2,5.82,-11.09,2022,16.28,0.252,230
"DBC,GLD,IEF,SLV,SPY,TIP",6,2007-03-01,2026-04-10,19.1,286365.0,5.66,-22.8,0.71,0.25,1.79,58.7,5.72,-12.53,2022,16.09,0.215,230
"DBC,GLD,IEF,LQD,SLV,SPY",6,2007-03-01,2026-04-10,19.1,311504.0,6.13,-24.03,0.73,0.25,1.84,60.4,5.87,-10.87,2022,16.36,0.214,230
"EEM,EFA,GLD,IEF,TLT,VNQ",6,2005-10-03,2026-04-10,20.5,520149.0,8.37,-15.03,0.85,0.56,1.99,60.7,5.97,-5.45,2022,20.67,0.168,247
"EEM,EFA,GLD,IEF,TIP,VNQ",6,2005-10-03,2026-04-10,20.5,433483.0,7.41,-14.68,0.91,0.5,2.1,62.3,5.67,-5.72,2022,18.31,0.199,247
"EEM,EFA,GLD,IEF,LQD,VNQ",6,2005-10-03,2026-04-10,20.5,485800.0,8.01,-15.93,0.93,0.5,2.14,61.9,5.91,-5.79,2022,20.07,0.23,247
"DBC,EEM,EFA,GLD,IEF,VNQ",6,2006-12-01,2026-04-10,19.4,317132.0,6.14,-22.48,0.63,0.27,1.73,60.1,5.93,-6.41,2022,17.79,0.231,233
"EEM,EFA,GLD,IEF,SLV,VNQ",6,2007-03-01,2026-04-10,19.1,402412.0,7.56,-17.91,0.75,0.42,1.79,59.1,6.09,-5.7,2014,27.0,0.251,230
"EEM,EFA,GLD,IEF,TIP,TLT",6,2005-10-03,2026-04-10,20.5,402730.0,7.03,-19.43,0.84,0.36,2.03,59.1,5.72,-3.99,2014,17.87,0.2,247
"EEM,EFA,GLD,IEF,LQD,TLT",6,2005-10-03,2026-04-10,20.5,417804.0,7.22,-19.43,0.82,0.37,2.03,59.9,5.85,-7.72,2018,19.7,0.205,247
"DBC,EEM,EFA,GLD,IEF,TLT",6,2006-12-01,2026-04-10,19.4,273088.0,5.33,-20.4,0.56,0.26,1.62,57.1,5.91,-11.21,2018,19.61,0.147,233
"EEM,EFA,GLD,IEF,SLV,TLT",6,2007-03-01,2026-04-10,19.1,346163.0,6.71,-18.59,0.68,0.36,1.7,58.3,5.97,-5.54,2014,26.41,0.192,230
"EEM,EFA,GLD,IEF,LQD,TIP",6,2005-10-03,2026-04-10,20.5,393510.0,6.9,-19.43,0.9,0.36,2.16,59.9,5.77,-4.54,2018,17.88,0.229,247
"DBC,EEM,EFA,GLD,IEF,TIP",6,2006-12-01,2026-04-10,19.4,252359.0,4.9,-19.42,0.61,0.25,1.71,58.8,5.74,-8.15,2018,15.55,0.19,233
"EEM,EFA,GLD,IEF,SLV,TIP",6,2007-03-01,2026-04-10,19.1,325480.0,6.37,-14.76,0.79,0.43,1.84,58.3,5.6,-8.08,2014,22.86,0.227,230
"DBC,EEM,EFA,GLD,IEF,LQD",6,2006-12-01,2026-04-10,19.4,276863.0,5.4,-20.01,0.63,0.27,1.78,57.5,5.76,-5.5,2018,16.03,0.208,233
"EEM,EFA,GLD,IEF,LQD,SLV",6,2007-03-01,2026-04-10,19.1,327470.0,6.4,-18.09,0.75,0.35,1.82,55.2,5.86,-5.94,2018,24.6,0.242,230
"DBC,EEM,EFA,GLD,IEF,SLV",6,2007-03-01,2026-04-10,19.1,252999.0,4.98,-30.16,0.5,0.17,1.51,55.7,6.05,-10.51,2014,23.72,0.256,230
"EFA,GLD,IEF,TIP,TLT,VNQ",6,2005-10-03,2026-04-10,20.5,442909.0,7.52,-12.79,0.93,0.59,2.1,59.5,5.93,-5.47,2022,17.07,0.197,247
"EFA,GLD,IEF,LQD,TLT,VNQ",6,2005-10-03,2026-04-10,20.5,483186.0,7.98,-16.12,0.94,0.49,2.11,60.3,6.23,-5.89,2022,16.64,0.2,247
"DBC,EFA,GLD,IEF,TLT,VNQ",6,2006-12-01,2026-04-10,19.4,325261.0,6.28,-22.48,0.66,0.28,1.76,59.2,6.17,-6.28,2022,18.06,0.131,233
"EFA,GLD,IEF,SLV,TLT,VNQ",6,2007-03-01,2026-04-10,19.1,407326.0,7.63,-18.83,0.77,0.41,1.78,59.6,6.38,-5.75,2015,22.66,0.178,230
"EFA,GLD,IEF,LQD,TIP,VNQ",6,2005-10-03,2026-04-10,20.5,434217.0,7.42,-13.94,1.01,0.53,2.25,60.3,5.94,-6.31,2022,15.56,0.219,247
"DBC,EFA,GLD,IEF,TIP,VNQ",6,2006-12-01,2026-04-10,19.4,275313.0,5.37,-21.61,0.68,0.25,1.79,59.7,5.95,-8.66,2022,12.71,0.169,233
"EFA,GLD,IEF,SLV,TIP,VNQ",6,2007-03-01,2026-04-10,19.1,349349.0,6.76,-16.46,0.85,0.41,1.88,60.0,5.85,-5.14,2015,20.13,0.208,230
"DBC,EFA,GLD,IEF,LQD,VNQ",6,2006-12-01,2026-04-10,19.4,300006.0,5.84,-22.48,0.7,0.26,1.83,59.7,6.06,-6.98,2022,12.88,0.185,233
"EFA,GLD,IEF,LQD,SLV,VNQ",6,2007-03-01,2026-04-10,19.1,365778.0,7.02,-19.93,0.83,0.35,1.88,60.0,6.25,-6.29,2022,21.6,0.22,230
"DBC,EFA,GLD,IEF,SLV,VNQ",6,2007-03-01,2026-04-10,19.1,312656.0,6.15,-23.75,0.62,0.26,1.65,59.1,6.28,-7.19,2022,19.81,0.223,230
"EFA,GLD,IEF,LQD,TIP,TLT",6,2005-10-03,2026-04-10,20.5,411694.0,7.14,-17.06,0.92,0.42,2.17,57.9,6.02,-5.71,2018,17.71,0.306,247
"DBC,EFA,GLD,IEF,TIP,TLT",6,2006-12-01,2026-04-10,19.4,260638.0,5.07,-19.42,0.62,0.26,1.73,58.8,5.94,-9.66,2018,19.35,0.198,233
"EFA,GLD,IEF,SLV,TIP,TLT",6,2007-03-01,2026-04-10,19.1,332049.0,6.48,-15.32,0.79,0.42,1.83,56.5,5.86,-4.47,2015,19.63,0.262,230
"DBC,EFA,GLD,IEF,LQD,TLT",6,2006-12-01,2026-04-10,19.4,285482.0,5.57,-20.01,0.65,0.28,1.83,57.5,6.02,-7.15,2018,18.33,0.188,233
"EFA,GLD,IEF,LQD,SLV,TLT",6,2007-03-01,2026-04-10,19.1,323380.0,6.33,-18.97,0.74,0.33,1.8,55.7,6.17,-8.4,2018,21.17,0.248,230
"DBC,EFA,GLD,IEF,SLV,TLT",6,2007-03-01,2026-04-10,19.1,261628.0,5.16,-22.99,0.52,0.22,1.53,57.4,6.33,-11.41,2018,21.18,0.193,230
"DBC,EFA,GLD,IEF,LQD,TIP",6,2006-12-01,2026-04-10,19.4,269959.0,5.26,-19.42,0.7,0.27,1.9,57.9,5.92,-5.73,2022,12.88,0.218,233
"EFA,GLD,IEF,LQD,SLV,TIP",6,2007-03-01,2026-04-10,19.1,314854.0,6.19,-16.86,0.84,0.37,1.92,56.1,5.91,-5.89,2015,19.42,0.27,230
"DBC,EFA,GLD,IEF,SLV,TIP",6,2007-03-01,2026-04-10,19.1,247122.0,4.85,-21.6,0.59,0.22,1.62,56.5,5.94,-8.38,2018,17.51,0.235,230
"DBC,EFA,GLD,IEF,LQD,SLV",6,2007-03-01,2026-04-10,19.1,263891.0,5.21,-23.43,0.6,0.22,1.68,54.3,6.12,-6.03,2015,18.42,0.233,230
"EEM,GLD,IEF,TIP,TLT,VNQ",6,2005-10-03,2026-04-10,20.5,368725.0,6.57,-19.02,0.8,0.35,1.95,57.1,5.96,-6.5,2013,16.87,0.195,247
"EEM,GLD,IEF,LQD,TLT,VNQ",6,2005-10-03,2026-04-10,20.5,433157.0,7.41,-16.75,0.87,0.44,2.07,59.5,6.2,-5.73,2022,17.69,0.197,247
"DBC,EEM,GLD,IEF,TLT,VNQ",6,2006-12-01,2026-04-10,19.4,286462.0,5.59,-27.94,0.59,0.2,1.66,56.7,6.19,-10.92,2013,18.91,0.131,233
"EEM,GLD,IEF,SLV,TLT,VNQ",6,2007-03-01,2026-04-10,19.1,335813.0,6.54,-21.74,0.66,0.3,1.68,57.8,6.32,-6.12,2013,24.12,0.178,230
"EEM,GLD,IEF,LQD,TIP,VNQ",6,2005-10-03,2026-04-10,20.5,388053.0,6.83,-14.47,0.93,0.47,2.2,57.5,5.94,-6.06,2022,16.32,0.213,247
"DBC,EEM,GLD,IEF,TIP,VNQ",6,2006-12-01,2026-04-10,19.4,241637.0,4.66,-25.82,0.58,0.18,1.67,57.5,5.99,-12.11,2013,13.77,0.166,233
"EEM,GLD,IEF,SLV,TIP,VNQ",6,2007-03-01,2026-04-10,19.1,290979.0,5.75,-21.77,0.72,0.26,1.76,57.8,5.82,-8.11,2014,21.1,0.205,230
"DBC,EEM,GLD,IEF,LQD,VNQ",6,2006-12-01,2026-04-10,19.4,282329.0,5.51,-22.48,0.65,0.24,1.8,57.5,6.06,-10.12,2013,13.94,0.18,233
"EEM,GLD,IEF,LQD,SLV,VNQ",6,2007-03-01,2026-04-10,19.1,327651.0,6.41,-21.03,0.76,0.3,1.84,56.5,6.18,-6.14,2022,22.7,0.216,230
"DBC,EEM,GLD,IEF,SLV,VNQ",6,2007-03-01,2026-04-10,19.1,272114.0,5.38,-34.45,0.54,0.16,1.55,56.5,6.27,-10.52,2013,21.3,0.222,230
"EEM,GLD,IEF,LQD,TIP,TLT",6,2005-10-03,2026-04-10,20.5,359438.0,6.43,-22.99,0.81,0.28,2.07,56.7,5.99,-5.3,2013,17.67,0.303,247
"DBC,EEM,GLD,IEF,TIP,TLT",6,2006-12-01,2026-04-10,19.4,229665.0,4.39,-26.21,0.54,0.17,1.62,54.5,5.92,-11.47,2013,19.39,0.198,233
"EEM,GLD,IEF,SLV,TIP,TLT",6,2007-03-01,2026-04-10,19.1,269615.0,5.33,-21.51,0.66,0.25,1.68,54.3,5.77,-7.8,2013,20.69,0.262,230
"DBC,EEM,GLD,IEF,LQD,TLT",6,2006-12-01,2026-04-10,19.4,275960.0,5.38,-20.01,0.63,0.27,1.81,55.4,5.91,-10.96,2013,18.44,0.186,233
"EEM,GLD,IEF,LQD,SLV,TLT",6,2007-03-01,2026-04-10,19.1,289225.0,5.71,-20.07,0.68,0.28,1.75,55.2,6.03,-7.56,2021,22.37,0.247,230
"DBC,EEM,GLD,IEF,SLV,TLT",6,2007-03-01,2026-04-10,19.1,235990.0,4.6,-34.54,0.47,0.13,1.47,53.9,6.2,-11.06,2013,21.83,0.195,230
"DBC,EEM,GLD,IEF,LQD,TIP",6,2006-12-01,2026-04-10,19.4,255556.0,4.97,-19.42,0.67,0.26,1.86,56.7,5.89,-10.9,2013,13.71,0.213,233
"EEM,GLD,IEF,LQD,SLV,TIP",6,2007-03-01,2026-04-10,19.1,275621.0,5.45,-17.88,0.77,0.3,1.83,55.2,5.83,-7.17,2013,20.29,0.266,230
"DBC,EEM,GLD,IEF,SLV,TIP",6,2007-03-01,2026-04-10,19.1,219029.0,4.19,-30.82,0.51,0.14,1.53,54.8,5.89,-11.46,2013,18.58,0.233,230
"DBC,EEM,GLD,IEF,LQD,SLV",6,2007-03-01,2026-04-10,19.1,254653.0,5.01,-24.11,0.58,0.21,1.65,56.1,5.99,-10.97,2013,19.64,0.23,230
"GLD,IEF,LQD,TIP,TLT,VNQ",6,2005-10-03,2026-04-10,20.5,435262.0,7.43,-12.79,1.0,0.58,2.3,57.9,6.0,-6.13,2013,18.15,0.313,247
"DBC,GLD,IEF,TIP,TLT,VNQ",6,2006-12-01,2026-04-10,19.4,264028.0,5.14,-21.61,0.64,0.24,1.74,57.5,6.03,-18.33,2013,19.9,0.198,233
"GLD,IEF,SLV,TIP,TLT,VNQ",6,2007-03-01,2026-04-10,19.1,283230.0,5.6,-20.58,0.69,0.27,1.69,53.5,6.03,-13.44,2013,19.82,0.264,230
"DBC,GLD,IEF,LQD,TLT,VNQ",6,2006-12-01,2026-04-10,19.4,297467.0,5.79,-22.48,0.68,0.26,1.82,57.9,6.19,-12.6,2013,18.84,0.183,233
"GLD,IEF,LQD,SLV,TLT,VNQ",6,2007-03-01,2026-04-10,19.1,301335.0,5.94,-24.54,0.7,0.24,1.7,57.0,6.49,-7.94,2015,19.97,0.246,230
"DBC,GLD,IEF,SLV,TLT,VNQ",6,2007-03-01,2026-04-10,19.1,279796.0,5.53,-27.99,0.56,0.2,1.56,54.3,6.51,-16.59,2013,21.87,0.181,230
"DBC,GLD,IEF,LQD,TIP,VNQ",6,2006-12-01,2026-04-10,19.4,268012.0,5.23,-21.61,0.7,0.24,1.85,55.8,6.0,-13.54,2013,12.64,0.206,233
"GLD,IEF,LQD,SLV,TIP,VNQ",6,2007-03-01,2026-04-10,19.1,276402.0,5.46,-22.26,0.75,0.25,1.78,56.1,6.03,-8.64,2013,17.82,0.26,230
"DBC,GLD,IEF,SLV,TIP,VNQ",6,2007-03-01,2026-04-10,19.1,239650.0,4.68,-27.57,0.57,0.17,1.59,55.2,6.12,-18.64,2013,15.55,0.216,230
"DBC,GLD,IEF,LQD,SLV,VNQ",6,2007-03-01,2026-04-10,19.1,261746.0,5.16,-25.0,0.6,0.21,1.63,56.5,6.34,-12.92,2013,16.27,0.21,230
"DBC,GLD,IEF,LQD,TIP,TLT",6,2006-12-01,2026-04-10,19.4,268765.0,5.24,-19.42,0.67,0.27,1.86,54.5,5.94,-14.71,2013,20.31,0.325,233
"GLD,IEF,LQD,SLV,TIP,TLT",6,2007-03-01,2026-04-10,19.1,233050.0,4.53,-21.15,0.59,0.21,1.6,53.5,6.07,-15.0,2013,21.11,0.404,230
"DBC,GLD,IEF,SLV,TIP,TLT",6,2007-03-01,2026-04-10,19.1,233744.0,4.54,-23.55,0.54,0.19,1.57,53.0,6.11,-15.24,2013,22.29,0.302,230
"DBC,GLD,IEF,LQD,SLV,TLT",6,2007-03-01,2026-04-10,19.1,247413.0,4.85,-23.37,0.55,0.21,1.6,54.3,6.3,-14.98,2013,22.5,0.27,230
"DBC,GLD,IEF,LQD,SLV,TIP",6,2007-03-01,2026-04-10,19.1,235644.0,4.59,-21.6,0.59,0.21,1.66,53.5,6.06,-15.18,2013,15.35,0.296,230
"EEM,EFA,IEF,SPY,TLT,VNQ",6,2005-08-01,2026-04-10,20.7,397428.0,6.9,-23.38,0.7,0.29,1.83,61.8,5.64,-23.53,2022,16.79,0.24,249
"EEM,EFA,IEF,SPY,TIP,VNQ",6,2005-08-01,2026-04-10,20.7,312774.0,5.67,-23.54,0.7,0.24,1.83,61.4,5.52,-24.76,2022,14.28,0.277,249
"EEM,EFA,IEF,LQD,SPY,VNQ",6,2005-08-01,2026-04-10,20.7,346107.0,6.18,-23.85,0.72,0.26,1.85,62.7,5.53,-23.06,2022,15.26,0.336,249
"DBC,EEM,EFA,IEF,SPY,VNQ",6,2006-12-01,2026-04-10,19.4,298970.0,5.82,-22.56,0.58,0.26,1.68,60.9,5.62,-10.45,2022,16.44,0.338,233
"EEM,EFA,IEF,SLV,SPY,VNQ",6,2007-03-01,2026-04-10,19.1,315321.0,6.19,-27.63,0.62,0.22,1.67,57.8,5.75,-24.66,2022,17.19,0.318,230
"EEM,EFA,IEF,SPY,TIP,TLT",6,2004-10-01,2026-04-10,21.5,296267.0,5.18,-23.98,0.64,0.22,1.76,62.9,5.56,-24.4,2022,16.36,0.204,259
"EEM,EFA,IEF,LQD,SPY,TLT",6,2004-02-02,2026-04-10,22.2,320980.0,5.4,-24.12,0.64,0.22,1.76,62.2,5.78,-22.3,2022,16.15,0.239,267
"DBC,EEM,EFA,IEF,SPY,TLT",6,2006-12-01,2026-04-10,19.4,301150.0,5.86,-20.84,0.59,0.28,1.72,60.9,5.66,-6.97,2022,17.09,0.176,233
"EEM,EFA,IEF,SLV,SPY,TLT",6,2007-03-01,2026-04-10,19.1,291026.0,5.75,-27.68,0.59,0.21,1.63,57.0,5.83,-23.92,2022,19.2,0.18,230
"EEM,EFA,IEF,LQD,SPY,TIP",6,2004-10-01,2026-04-10,21.5,286041.0,5.0,-24.46,0.67,0.2,1.81,62.2,5.56,-23.98,2022,14.48,0.265,259
"DBC,EEM,EFA,IEF,SPY,TIP",6,2006-12-01,2026-04-10,19.4,235459.0,4.52,-19.91,0.57,0.23,1.68,62.7,5.49,-13.26,2022,13.31,0.225,233
"EEM,EFA,IEF,SLV,SPY,TIP",6,2007-03-01,2026-04-10,19.1,245875.0,4.82,-24.96,0.62,0.19,1.65,59.6,5.47,-22.26,2022,15.4,0.222,230
"DBC,EEM,EFA,IEF,LQD,SPY",6,2006-12-01,2026-04-10,19.4,253746.0,4.93,-20.43,0.56,0.24,1.68,63.1,5.63,-6.47,2022,14.34,0.272,233
"EEM,EFA,IEF,LQD,SLV,SPY",6,2007-03-01,2026-04-10,19.1,250040.0,4.91,-28.91,0.58,0.17,1.63,57.4,5.79,-24.05,2022,14.59,0.265,230
"DBC,EEM,EFA,IEF,SLV,SPY",6,2007-03-01,2026-04-10,19.1,277602.0,5.49,-23.55,0.55,0.23,1.61,59.1,5.66,-10.5,2022,16.05,0.28,230
"EFA,IEF,SPY,TIP,TLT,VNQ",6,2005-08-01,2026-04-10,20.7,306997.0,5.57,-24.53,0.7,0.23,1.78,61.0,5.78,-25.62,2022,17.59,0.202,249
"EFA,IEF,LQD,SPY,TLT,VNQ",6,2005-08-01,2026-04-10,20.7,334643.0,6.01,-24.29,0.73,0.25,1.81,61.8,5.85,-23.55,2022,16.34,0.233,249
"DBC,EFA,IEF,SPY,TLT,VNQ",6,2006-12-01,2026-04-10,19.4,324211.0,6.27,-23.24,0.64,0.27,1.76,59.7,5.88,-11.44,2022,20.12,0.163,233
"EFA,IEF,SLV,SPY,TLT,VNQ",6,2007-03-01,2026-04-10,19.1,332684.0,6.49,-28.72,0.68,0.23,1.71,58.7,5.93,-24.86,2022,18.68,0.169,230
"EFA,IEF,LQD,SPY,TIP,VNQ",6,2005-08-01,2026-04-10,20.7,296101.0,5.39,-24.51,0.74,0.22,1.85,62.2,5.75,-24.84,2022,12.15,0.258,249
"DBC,EFA,IEF,SPY,TIP,VNQ",6,2006-12-01,2026-04-10,19.4,244677.0,4.73,-21.82,0.6,0.22,1.7,61.4,5.7,-16.97,2022,14.99,0.208,233
"EFA,IEF,SLV,SPY,TIP,VNQ",6,2007-03-01,2026-04-10,19.1,265927.0,5.25,-26.05,0.68,0.2,1.71,58.7,5.64,-22.81,2022,13.01,0.206,230
"DBC,EFA,IEF,LQD,SPY,VNQ",6,2006-12-01,2026-04-10,19.4,263130.0,5.13,-22.32,0.59,0.23,1.69,60.9,5.84,-10.59,2022,14.68,0.251,233
"EFA,IEF,LQD,SLV,SPY,VNQ",6,2007-03-01,2026-04-10,19.1,268286.0,5.3,-29.5,0.64,0.18,1.66,58.7,5.91,-25.17,2022,13.68,0.246,230
"DBC,EFA,IEF,SLV,SPY,VNQ",6,2007-03-01,2026-04-10,19.1,304641.0,6.0,-25.28,0.61,0.24,1.66,59.1,5.87,-13.11,2022,17.2,0.25,230
"EFA,IEF,LQD,SPY,TIP,TLT",6,2004-10-01,2026-04-10,21.5,282206.0,4.94,-24.82,0.67,0.2,1.78,61.8,5.79,-24.43,2022,17.68,0.27,259
"DBC,EFA,IEF,SPY,TIP,TLT",6,2006-12-01,2026-04-10,19.4,239268.0,4.61,-20.61,0.58,0.22,1.69,60.9,5.7,-14.16,2022,19.36,0.159,233
"EFA,IEF,SLV,SPY,TIP,TLT",6,2007-03-01,2026-04-10,19.1,249712.0,4.91,-26.2,0.62,0.19,1.66,59.6,5.71,-22.37,2022,19.27,0.182,230
"DBC,EFA,IEF,LQD,SPY,TLT",6,2006-12-01,2026-04-10,19.4,278728.0,5.44,-20.59,0.62,0.26,1.81,58.8,5.89,-6.99,2022,17.77,0.176,233
"EFA,IEF,LQD,SLV,SPY,TLT",6,2007-03-01,2026-04-10,19.1,255085.0,5.02,-29.51,0.61,0.17,1.66,58.7,5.97,-24.3,2022,19.31,0.196,230
"DBC,EFA,IEF,SLV,SPY,TLT",6,2007-03-01,2026-04-10,19.1,296896.0,5.86,-24.58,0.6,0.24,1.67,58.3,5.97,-10.8,2022,20.96,0.141,230
"DBC,EFA,IEF,LQD,SPY,TIP",6,2006-12-01,2026-04-10,19.4,234935.0,4.51,-19.66,0.61,0.23,1.75,62.2,5.69,-13.36,2022,11.71,0.213,233
"EFA,IEF,LQD,SLV,SPY,TIP",6,2007-03-01,2026-04-10,19.1,237647.0,4.63,-27.14,0.65,0.17,1.69,59.6,5.69,-22.72,2022,13.07,0.225,230
"DBC,EFA,IEF,SLV,SPY,TIP",6,2007-03-01,2026-04-10,19.1,232534.0,4.51,-22.24,0.57,0.2,1.63,63.0,5.65,-13.98,2022,14.3,0.19,230
"DBC,EFA,IEF,LQD,SLV,SPY",6,2007-03-01,2026-04-10,19.1,251095.0,4.94,-25.24,0.57,0.2,1.65,59.1,5.87,-11.06,2022,11.72,0.216,230
"EEM,IEF,SPY,TIP,TLT,VNQ",6,2005-08-01,2026-04-10,20.7,300956.0,5.47,-24.6,0.67,0.22,1.78,60.6,5.89,-25.53,2022,16.87,0.195,249
"EEM,IEF,LQD,SPY,TLT,VNQ",6,2005-08-01,2026-04-10,20.7,326052.0,5.88,-25.31,0.69,0.23,1.81,61.0,5.99,-24.66,2022,16.03,0.224,249
"DBC,EEM,IEF,SPY,TLT,VNQ",6,2006-12-01,2026-04-10,19.4,311627.0,6.05,-23.01,0.62,0.26,1.75,58.8,5.89,-11.09,2022,20.19,0.157,233
"EEM,IEF,SLV,SPY,TLT,VNQ",6,2007-03-01,2026-04-10,19.1,317027.0,6.22,-29.68,0.64,0.21,1.69,59.6,6.05,-25.89,2022,18.59,0.164,230
"EEM,IEF,LQD,SPY,TIP,VNQ",6,2005-08-01,2026-04-10,20.7,296973.0,5.4,-24.73,0.72,0.22,1.87,62.7,5.85,-24.82,2022,11.91,0.247,249
"DBC,EEM,IEF,SPY,TIP,VNQ",6,2006-12-01,2026-04-10,19.4,240035.0,4.63,-21.59,0.58,0.21,1.69,60.5,5.78,-16.64,2022,14.48,0.199,233
"EEM,IEF,SLV,SPY,TIP,VNQ",6,2007-03-01,2026-04-10,19.1,263613.0,5.2,-26.38,0.66,0.2,1.71,60.0,5.72,-22.7,2022,13.47,0.198,230
"DBC,EEM,IEF,LQD,SPY,VNQ",6,2006-12-01,2026-04-10,19.4,259332.0,5.05,-22.85,0.57,0.22,1.7,60.9,5.84,-10.31,2022,14.28,0.242,233
"EEM,IEF,LQD,SLV,SPY,VNQ",6,2007-03-01,2026-04-10,19.1,263969.0,5.21,-30.51,0.61,0.17,1.66,60.0,6.03,-26.28,2022,13.96,0.237,230
"DBC,EEM,IEF,SLV,SPY,VNQ",6,2007-03-01,2026-04-10,19.1,294167.0,5.81,-26.25,0.58,0.22,1.65,59.1,5.87,-12.73,2022,16.27,0.243,230
"EEM,IEF,LQD,SPY,TIP,TLT",6,2004-10-01,2026-04-10,21.5,281965.0,4.93,-24.82,0.65,0.2,1.79,62.5,5.88,-24.22,2022,17.61,0.262,259
"DBC,EEM,IEF,SPY,TIP,TLT",6,2006-12-01,2026-04-10,19.4,233469.0,4.48,-20.38,0.56,0.22,1.68,61.4,5.76,-13.61,2022,19.36,0.153,233
"EEM,IEF,SLV,SPY,TIP,TLT",6,2007-03-01,2026-04-10,19.1,244662.0,4.79,-25.89,0.6,0.19,1.64,60.9,5.77,-22.07,2022,19.13,0.176,230
"DBC,EEM,IEF,LQD,SPY,TLT",6,2006-12-01,2026-04-10,19.4,276034.0,5.39,-22.08,0.61,0.24,1.83,59.7,5.83,-5.5,2022,17.87,0.169,233
"EEM,IEF,LQD,SLV,SPY,TLT",6,2007-03-01,2026-04-10,19.1,248488.0,4.88,-30.25,0.58,0.16,1.65,59.1,5.98,-25.13,2022,19.23,0.189,230
"DBC,EEM,IEF,SLV,SPY,TLT",6,2007-03-01,2026-04-10,19.1,286359.0,5.66,-25.42,0.58,0.22,1.65,58.7,5.9,-9.21,2022,20.99,0.138,230
"DBC,EEM,IEF,LQD,SPY,TIP",6,2006-12-01,2026-04-10,19.4,233423.0,4.48,-19.52,0.6,0.23,1.77,61.8,5.75,-12.88,2022,11.71,0.203,233
"EEM,IEF,LQD,SLV,SPY,TIP",6,2007-03-01,2026-04-10,19.1,237704.0,4.64,-27.33,0.65,0.17,1.7,61.3,5.76,-22.51,2022,13.15,0.215,230
"DBC,EEM,IEF,SLV,SPY,TIP",6,2007-03-01,2026-04-10,19.1,227758.0,4.4,-22.77,0.55,0.19,1.61,60.9,5.7,-13.4,2022,14.26,0.183,230
"DBC,EEM,IEF,LQD,SLV,SPY",6,2007-03-01,2026-04-10,19.1,249049.0,4.89,-26.29,0.57,0.19,1.66,58.7,5.82,-9.57,2022,12.64,0.208,230
"IEF,LQD,SPY,TIP,TLT,VNQ",6,2005-08-01,2026-04-10,20.7,264063.0,4.81,-31.16,0.65,0.15,1.73,61.0,5.94,-25.38,2022,18.16,0.274,249
"DBC,IEF,SPY,TIP,TLT,VNQ",6,2006-12-01,2026-04-10,19.4,218449.0,4.12,-28.19,0.52,0.15,1.6,59.2,5.95,-18.61,2022,19.97,0.156,233
"IEF,SLV,SPY,TIP,TLT,VNQ",6,2007-03-01,2026-04-10,19.1,252550.0,4.97,-30.45,0.63,0.16,1.66,57.4,5.99,-22.48,2022,19.91,0.18,230
"DBC,IEF,LQD,SPY,TLT,VNQ",6,2006-12-01,2026-04-10,19.4,260724.0,5.08,-29.09,0.59,0.17,1.73,59.2,6.03,-10.94,2022,18.36,0.169,233
"IEF,LQD,SLV,SPY,TLT,VNQ",6,2007-03-01,2026-04-10,19.1,255520.0,5.03,-34.5,0.6,0.15,1.63,56.5,6.24,-26.45,2022,19.88,0.191,230
"DBC,IEF,SLV,SPY,TLT,VNQ",6,2007-03-01,2026-04-10,19.1,297029.0,5.86,-29.87,0.6,0.2,1.67,58.3,6.23,-12.64,2022,21.76,0.127,230
"DBC,IEF,LQD,SPY,TIP,VNQ",6,2006-12-01,2026-04-10,19.4,219892.0,4.15,-27.0,0.57,0.15,1.68,61.8,5.88,-16.55,2022,15.1,0.199,233
"IEF,LQD,SLV,SPY,TIP,VNQ",6,2007-03-01,2026-04-10,19.1,239685.0,4.68,-31.4,0.65,0.15,1.69,57.8,5.96,-23.32,2022,13.64,0.212,230
"DBC,IEF,SLV,SPY,TIP,VNQ",6,2007-03-01,2026-04-10,19.1,229620.0,4.45,-27.31,0.56,0.16,1.61,60.4,5.97,-15.07,2022,15.69,0.168,230
"DBC,IEF,LQD,SLV,SPY,VNQ",6,2007-03-01,2026-04-10,19.1,247380.0,4.85,-30.37,0.57,0.16,1.63,59.1,6.13,-13.42,2022,14.98,0.19,230
"DBC,IEF,LQD,SPY,TIP,TLT",6,2006-12-01,2026-04-10,19.4,219684.0,4.15,-25.58,0.55,0.16,1.69,60.9,5.87,-13.47,2022,20.35,0.24,233
"IEF,LQD,SLV,SPY,TIP,TLT",6,2007-03-01,2026-04-10,19.1,228872.0,4.43,-31.14,0.6,0.14,1.65,59.1,6.0,-22.64,2022,20.69,0.277,230
"DBC,IEF,SLV,SPY,TIP,TLT",6,2007-03-01,2026-04-10,19.1,224813.0,4.33,-25.92,0.53,0.17,1.6,59.1,5.98,-13.22,2022,22.38,0.176,230
"DBC,IEF,LQD,SLV,SPY,TLT",6,2007-03-01,2026-04-10,19.1,250009.0,4.91,-29.87,0.57,0.16,1.68,57.4,6.16,-9.77,2022,22.43,0.172,230
"DBC,IEF,LQD,SLV,SPY,TIP",6,2007-03-01,2026-04-10,19.1,215605.0,4.1,-27.35,0.55,0.15,1.64,58.7,5.95,-14.05,2022,14.84,0.205,230
"EEM,EFA,IEF,TIP,TLT,VNQ",6,2005-08-01,2026-04-10,20.7,288703.0,5.26,-18.91,0.63,0.28,1.74,59.8,5.72,-18.65,2022,15.82,0.201,249
"EEM,EFA,IEF,LQD,TLT,VNQ",6,2005-08-01,2026-04-10,20.7,310986.0,5.64,-21.55,0.65,0.26,1.76,59.8,6.0,-17.85,2022,14.88,0.229,249
"DBC,EEM,EFA,IEF,TLT,VNQ",6,2006-12-01,2026-04-10,19.4,280814.0,5.48,-23.87,0.54,0.23,1.64,61.4,6.12,-3.3,2015,18.47,0.163,233
"EEM,EFA,IEF,SLV,TLT,VNQ",6,2007-03-01,2026-04-10,19.1,280473.0,5.54,-26.45,0.55,0.21,1.58,57.0,6.12,-18.98,2022,22.07,0.172,230
"EEM,EFA,IEF,LQD,TIP,VNQ",6,2005-08-01,2026-04-10,20.7,284091.0,5.18,-19.7,0.69,0.26,1.82,60.2,5.74,-18.64,2022,12.44,0.253,249
"DBC,EEM,EFA,IEF,TIP,VNQ",6,2006-12-01,2026-04-10,19.4,230131.0,4.4,-19.61,0.53,0.22,1.63,61.8,5.89,-6.41,2022,11.02,0.207,233
"EEM,EFA,IEF,SLV,TIP,VNQ",6,2007-03-01,2026-04-10,19.1,244116.0,4.78,-20.9,0.61,0.23,1.64,59.6,5.53,-16.34,2022,12.75,0.208,230
"DBC,EEM,EFA,IEF,LQD,VNQ",6,2006-12-01,2026-04-10,19.4,243482.0,4.7,-22.23,0.52,0.21,1.64,61.8,6.04,-4.03,2015,11.25,0.248,233
"EEM,EFA,IEF,LQD,SLV,VNQ",6,2007-03-01,2026-04-10,19.1,241787.0,4.73,-27.57,0.56,0.17,1.59,57.8,6.09,-19.65,2022,14.14,0.245,230
"DBC,EEM,EFA,IEF,SLV,VNQ",6,2007-03-01,2026-04-10,19.1,258944.0,5.1,-25.5,0.5,0.2,1.54,59.6,6.2,-6.36,2014,18.93,0.253,230
"EEM,EFA,IEF,LQD,TIP,TLT",6,2004-10-01,2026-04-10,21.5,290799.0,5.08,-19.46,0.65,0.26,1.83,58.3,5.68,-9.47,2022,16.27,0.274,259
"DBC,EEM,EFA,IEF,TIP,TLT",6,2006-12-01,2026-04-10,19.4,231620.0,4.43,-19.42,0.52,0.23,1.63,58.4,5.87,-10.71,2018,17.95,0.166,233
"EEM,EFA,IEF,SLV,TIP,TLT",6,2007-03-01,2026-04-10,19.1,229317.0,4.44,-21.27,0.56,0.21,1.58,56.5,5.55,-15.71,2022,17.77,0.191,230
"DBC,EEM,EFA,IEF,LQD,TLT",6,2006-12-01,2026-04-10,19.4,265034.0,5.16,-24.73,0.56,0.21,1.75,57.5,5.88,-6.66,2018,15.9,0.181,233
"EEM,EFA,IEF,LQD,SLV,TLT",6,2007-03-01,2026-04-10,19.1,217020.0,4.14,-29.69,0.49,0.14,1.53,53.5,5.92,-17.87,2022,17.41,0.203,230
"DBC,EEM,EFA,IEF,SLV,TLT",6,2007-03-01,2026-04-10,19.1,224536.0,4.32,-28.42,0.43,0.15,1.45,53.9,6.22,-10.62,2018,21.55,0.153,230
"DBC,EEM,EFA,IEF,LQD,TIP",6,2006-12-01,2026-04-10,19.4,242571.0,4.68,-20.49,0.6,0.23,1.78,60.1,5.86,-4.87,2018,10.69,0.216,233
"EEM,EFA,IEF,LQD,SLV,TIP",6,2007-03-01,2026-04-10,19.1,219049.0,4.19,-22.66,0.59,0.18,1.62,54.8,5.63,-16.5,2022,12.25,0.23,230
"DBC,EEM,EFA,IEF,SLV,TIP",6,2007-03-01,2026-04-10,19.1,208728.0,3.93,-21.36,0.47,0.18,1.51,57.8,5.85,-9.27,2018,14.51,0.2,230
"DBC,EEM,EFA,IEF,LQD,SLV",6,2007-03-01,2026-04-10,19.1,221055.0,4.24,-25.2,0.48,0.17,1.54,54.8,6.05,-5.13,2015,14.21,0.224,230
"EFA,IEF,LQD,TIP,TLT,VNQ",6,2005-08-01,2026-04-10,20.7,284963.0,5.19,-20.55,0.69,0.25,1.78,59.0,6.01,-18.94,2022,16.77,0.278,249
"DBC,EFA,IEF,TIP,TLT,VNQ",6,2006-12-01,2026-04-10,19.4,231609.0,4.43,-19.61,0.53,0.23,1.63,59.7,6.13,-6.88,2022,18.5,0.161,233
"EFA,IEF,SLV,TIP,TLT,VNQ",6,2007-03-01,2026-04-10,19.1,244368.0,4.79,-22.44,0.6,0.21,1.62,57.0,5.81,-15.58,2022,18.5,0.188,230
"DBC,EFA,IEF,LQD,TLT,VNQ",6,2006-12-01,2026-04-10,19.4,267598.0,5.22,-23.15,0.58,0.23,1.73,60.9,6.32,-3.96,2015,16.3,0.173,233
"EFA,IEF,LQD,SLV,TLT,VNQ",6,2007-03-01,2026-04-10,19.1,244672.0,4.79,-28.39,0.58,0.17,1.58,57.0,6.31,-19.66,2022,17.97,0.197,230
"DBC,EFA,IEF,SLV,TLT,VNQ",6,2007-03-01,2026-04-10,19.1,269793.0,5.33,-27.08,0.53,0.2,1.57,58.3,6.55,-5.5,2015,20.26,0.135,230
"DBC,EFA,IEF,LQD,TIP,VNQ",6,2006-12-01,2026-04-10,19.4,234558.0,4.5,-20.26,0.59,0.22,1.73,59.7,6.12,-6.77,2022,11.66,0.204,233
"EFA,IEF,LQD,SLV,TIP,VNQ",6,2007-03-01,2026-04-10,19.1,233614.0,4.54,-23.87,0.65,0.19,1.66,57.8,5.84,-17.18,2022,12.94,0.22,230
"DBC,EFA,IEF,SLV,TIP,VNQ",6,2007-03-01,2026-04-10,19.1,223818.0,4.31,-23.41,0.52,0.18,1.57,60.4,6.11,-5.83,2022,13.58,0.178,230
"DBC,EFA,IEF,LQD,SLV,VNQ",6,2007-03-01,2026-04-10,19.1,237124.0,4.62,-27.3,0.52,0.17,1.59,59.6,6.4,-5.94,2015,12.44,0.199,230
"DBC,EFA,IEF,LQD,TIP,TLT",6,2006-12-01,2026-04-10,19.4,249136.0,4.83,-20.0,0.6,0.24,1.8,58.8,6.08,-6.24,2018,18.49,0.25,233
"EFA,IEF,LQD,SLV,TIP,TLT",6,2007-03-01,2026-04-10,19.1,220296.0,4.22,-24.17,0.57,0.17,1.61,53.5,5.9,-16.47,2022,18.89,0.29,230
"DBC,EFA,IEF,SLV,TIP,TLT",6,2007-03-01,2026-04-10,19.1,212241.0,4.02,-21.73,0.47,0.18,1.53,57.8,6.15,-10.98,2018,20.58,0.19,230
"DBC,EFA,IEF,LQD,SLV,TLT",6,2007-03-01,2026-04-10,19.1,229475.0,4.44,-28.43,0.5,0.16,1.6,54.8,6.38,-5.69,2015,19.59,0.185,230
"DBC,EFA,IEF,LQD,SLV,TIP",6,2007-03-01,2026-04-10,19.1,216677.0,4.13,-23.53,0.53,0.18,1.63,57.0,6.11,-5.58,2015,13.04,0.22,230
"EEM,IEF,LQD,TIP,TLT,VNQ",6,2005-08-01,2026-04-10,20.7,247244.0,4.47,-22.21,0.58,0.2,1.7,56.6,6.03,-18.82,2022,16.62,0.272,249
"DBC,EEM,IEF,TIP,TLT,VNQ",6,2006-12-01,2026-04-10,19.4,200016.0,3.65,-24.37,0.44,0.15,1.51,57.1,6.18,-12.59,2013,18.44,0.158,233
"EEM,IEF,SLV,TIP,TLT,VNQ",6,2007-03-01,2026-04-10,19.1,198877.0,3.66,-23.64,0.46,0.15,1.48,55.2,5.8,-15.21,2022,18.29,0.185,230
"DBC,EEM,IEF,LQD,TLT,VNQ",6,2006-12-01,2026-04-10,19.4,245056.0,4.74,-25.73,0.53,0.18,1.68,57.1,6.28,-10.66,2013,16.25,0.169,233
"EEM,IEF,LQD,SLV,TLT,VNQ",6,2007-03-01,2026-04-10,19.1,204854.0,3.82,-32.43,0.46,0.12,1.49,56.1,6.31,-22.25,2022,17.75,0.193,230
"DBC,EEM,IEF,SLV,TLT,VNQ",6,2007-03-01,2026-04-10,19.1,227623.0,4.4,-29.53,0.44,0.15,1.47,56.5,6.48,-10.93,2013,20.97,0.134,230
"DBC,EEM,IEF,LQD,TIP,VNQ",6,2006-12-01,2026-04-10,19.4,216484.0,4.07,-21.57,0.53,0.19,1.67,58.4,6.15,-11.31,2013,10.92,0.197,233
"EEM,IEF,LQD,SLV,TIP,VNQ",6,2007-03-01,2026-04-10,19.1,204229.0,3.81,-25.54,0.55,0.15,1.58,55.2,5.81,-17.06,2022,12.03,0.213,230
"DBC,EEM,IEF,SLV,TIP,VNQ",6,2007-03-01,2026-04-10,19.1,193709.0,3.52,-28.22,0.43,0.12,1.46,57.4,6.12,-12.59,2013,13.47,0.173,230
"DBC,EEM,IEF,LQD,SLV,VNQ",6,2007-03-01,2026-04-10,19.1,216777.0,4.13,-29.2,0.47,0.14,1.53,57.8,6.33,-10.67,2013,12.83,0.193,230
"DBC,EEM,IEF,LQD,TIP,TLT",6,2006-12-01,2026-04-10,19.4,231672.0,4.44,-21.55,0.56,0.21,1.75,56.7,6.07,-11.4,2013,18.55,0.245,233
"EEM,IEF,LQD,SLV,TIP,TLT",6,2007-03-01,2026-04-10,19.1,188034.0,3.36,-27.59,0.47,0.12,1.5,53.0,5.83,-16.0,2022,18.84,0.286,230
"DBC,EEM,IEF,SLV,TIP,TLT",6,2007-03-01,2026-04-10,19.1,185258.0,3.28,-27.22,0.39,0.12,1.42,55.2,6.1,-12.03,2013,20.61,0.189,230
"DBC,EEM,IEF,LQD,SLV,TLT",6,2007-03-01,2026-04-10,19.1,225006.0,4.33,-30.92,0.49,0.14,1.57,53.5,6.17,-11.6,2013,19.71,0.182,230
"DBC,EEM,IEF,LQD,SLV,TIP",6,2007-03-01,2026-04-10,19.1,202325.0,3.76,-25.26,0.49,0.15,1.57,56.1,6.06,-11.67,2013,13.06,0.214,230
"DBC,IEF,LQD,TIP,TLT,VNQ",6,2006-12-01,2026-04-10,19.4,200505.0,3.66,-28.87,0.48,0.13,1.57,55.4,6.04,-13.96,2013,18.97,0.253,233
"IEF,LQD,SLV,TIP,TLT,VNQ",6,2007-03-01,2026-04-10,19.1,176927.0,3.03,-35.11,0.43,0.09,1.42,52.2,5.91,-20.7,2023,19.37,0.296,230
"DBC,IEF,SLV,TIP,TLT,VNQ",6,2007-03-01,2026-04-10,19.1,185668.0,3.29,-28.54,0.4,0.12,1.42,54.8,6.25,-19.05,2013,21.18,0.187,230
"DBC,IEF,LQD,SLV,TLT,VNQ",6,2007-03-01,2026-04-10,19.1,202783.0,3.77,-35.0,0.44,0.11,1.47,54.8,6.51,-15.82,2023,20.17,0.178,230
"DBC,IEF,LQD,SLV,TIP,VNQ",6,2007-03-01,2026-04-10,19.1,182751.0,3.21,-31.6,0.43,0.1,1.46,53.5,6.21,-14.49,2013,13.59,0.204,230
"DBC,IEF,LQD,SLV,TIP,TLT",6,2007-03-01,2026-04-10,19.1,187041.0,3.33,-30.39,0.43,0.11,1.48,51.3,6.21,-15.66,2013,21.42,0.307,230
"EEM,EFA,GLD,SPY,TLT,VNQ",6,2005-10-03,2026-04-10,20.5,733690.0,10.2,-18.48,0.88,0.55,2.07,61.5,5.44,-12.34,2022,22.81,0.285,247
"EEM,EFA,GLD,SPY,TIP,VNQ",6,2005-10-03,2026-04-10,20.5,410898.0,7.13,-22.48,0.75,0.32,1.9,60.3,5.3,-12.56,2022,25.8,0.34,247
"EEM,EFA,GLD,LQD,SPY,VNQ",6,2005-10-03,2026-04-10,20.5,471670.0,7.85,-20.98,0.73,0.37,1.94,61.1,5.36,-12.33,2022,24.16,0.404,247
"DBC,EEM,EFA,GLD,SPY,VNQ",6,2006-12-01,2026-04-10,19.4,456386.0,8.16,-32.72,0.61,0.25,1.76,63.1,5.63,-12.35,2022,35.56,0.472,233
"EEM,EFA,GLD,SLV,SPY,VNQ",6,2007-03-01,2026-04-10,19.1,560542.0,9.44,-31.14,0.66,0.3,1.79,57.4,5.63,-12.76,2015,37.28,0.462,230
"EEM,EFA,GLD,SPY,TIP,TLT",6,2005-10-03,2026-04-10,20.5,419586.0,7.24,-25.82,0.79,0.28,1.93,59.5,5.46,-19.48,2018,22.57,0.2,247
"EEM,EFA,GLD,LQD,SPY,TLT",6,2005-10-03,2026-04-10,20.5,503341.0,8.2,-22.65,0.84,0.36,2.03,61.1,5.56,-15.09,2018,22.5,0.238,247
"DBC,EEM,EFA,GLD,SPY,TLT",6,2006-12-01,2026-04-10,19.4,445678.0,8.03,-23.75,0.7,0.34,1.82,60.9,5.52,-14.84,2018,25.76,0.246,233
"EEM,EFA,GLD,SLV,SPY,TLT",6,2007-03-01,2026-04-10,19.1,525627.0,9.07,-25.49,0.75,0.36,1.81,59.1,5.69,-17.19,2018,30.92,0.261,230
"EEM,EFA,GLD,LQD,SPY,TIP",6,2005-10-03,2026-04-10,20.5,324588.0,5.91,-22.35,0.74,0.26,1.85,61.5,5.27,-15.5,2018,17.1,0.285,247
"DBC,EEM,EFA,GLD,SPY,TIP",6,2006-12-01,2026-04-10,19.4,251116.0,4.87,-24.14,0.53,0.2,1.59,60.1,5.3,-16.7,2018,23.3,0.312,233
"EEM,EFA,GLD,SLV,SPY,TIP",6,2007-03-01,2026-04-10,19.1,302764.0,5.97,-24.93,0.63,0.24,1.66,58.7,5.28,-18.13,2015,25.63,0.319,230
"DBC,EEM,EFA,GLD,LQD,SPY",6,2006-12-01,2026-04-10,19.4,307953.0,5.98,-22.81,0.61,0.26,1.7,60.5,5.31,-12.72,2008,21.25,0.364,233
"EEM,EFA,GLD,LQD,SLV,SPY",6,2007-03-01,2026-04-10,19.1,377765.0,7.2,-21.02,0.72,0.34,1.79,57.4,5.35,-13.17,2015,26.03,0.368,230
"DBC,EEM,EFA,GLD,SLV,SPY",6,2007-03-01,2026-04-10,19.1,425144.0,7.87,-29.98,0.59,0.26,1.66,57.8,5.59,-15.86,2015,33.59,0.447,230
"EFA,GLD,SPY,TIP,TLT,VNQ",6,2005-10-03,2026-04-10,20.5,465050.0,7.78,-18.39,0.87,0.42,2.02,60.3,5.52,-12.84,2018,23.62,0.184,247
"EFA,GLD,LQD,SPY,TLT,VNQ",6,2005-10-03,2026-04-10,20.5,543537.0,8.6,-17.66,0.91,0.49,2.06,61.1,5.63,-12.69,2022,22.9,0.221,247
"DBC,EFA,GLD,SPY,TLT,VNQ",6,2006-12-01,2026-04-10,19.4,491754.0,8.58,-23.59,0.77,0.36,1.89,60.5,5.61,-13.0,2022,26.36,0.217,233
"EFA,GLD,SLV,SPY,TLT,VNQ",6,2007-03-01,2026-04-10,19.1,611913.0,9.94,-19.45,0.84,0.51,1.91,60.9,5.76,-13.11,2015,27.13,0.234,230
"EFA,GLD,LQD,SPY,TIP,VNQ",6,2005-10-03,2026-04-10,20.5,354441.0,6.36,-20.5,0.81,0.31,1.92,61.1,5.42,-13.0,2022,14.49,0.263,247
"DBC,EFA,GLD,SPY,TIP,VNQ",6,2006-12-01,2026-04-10,19.4,278451.0,5.43,-22.72,0.59,0.24,1.68,60.1,5.49,-15.13,2022,20.63,0.279,233
"EFA,GLD,SLV,SPY,TIP,VNQ",6,2007-03-01,2026-04-10,19.1,347805.0,6.74,-23.58,0.71,0.29,1.77,58.7,5.48,-13.87,2015,23.73,0.288,230
"DBC,EFA,GLD,LQD,SPY,VNQ",6,2006-12-01,2026-04-10,19.4,303357.0,5.9,-25.32,0.57,0.23,1.7,60.5,5.54,-13.07,2022,19.33,0.328,233
"EFA,GLD,LQD,SLV,SPY,VNQ",6,2007-03-01,2026-04-10,19.1,380201.0,7.24,-21.34,0.68,0.34,1.79,57.8,5.6,-12.79,2015,22.66,0.333,230
"DBC,EFA,GLD,SLV,SPY,VNQ",6,2007-03-01,2026-04-10,19.1,481288.0,8.57,-32.04,0.62,0.27,1.74,59.6,5.84,-13.04,2022,30.59,0.401,230
"EFA,GLD,LQD,SPY,TIP,TLT",6,2005-10-03,2026-04-10,20.5,397802.0,6.96,-22.83,0.85,0.3,2.01,59.5,5.64,-17.14,2018,24.75,0.209,247
"DBC,EFA,GLD,SPY,TIP,TLT",6,2006-12-01,2026-04-10,19.4,304162.0,5.92,-24.65,0.66,0.24,1.76,59.2,5.56,-18.57,2018,27.32,0.166,233
"EFA,GLD,SLV,SPY,TIP,TLT",6,2007-03-01,2026-04-10,19.1,369775.0,7.08,-25.49,0.77,0.28,1.82,59.6,5.58,-19.78,2018,26.9,0.199,230
"DBC,EFA,GLD,LQD,SPY,TLT",6,2006-12-01,2026-04-10,19.4,373853.0,7.05,-22.44,0.73,0.31,1.91,60.5,5.58,-13.47,2018,27.38,0.189,233
"EFA,GLD,LQD,SLV,SPY,TLT",6,2007-03-01,2026-04-10,19.1,429378.0,7.92,-22.62,0.81,0.35,1.9,58.7,5.76,-15.87,2018,28.97,0.219,230
"DBC,EFA,GLD,SLV,SPY,TLT",6,2007-03-01,2026-04-10,19.1,468163.0,8.41,-23.58,0.71,0.36,1.79,59.6,5.85,-14.96,2018,31.7,0.229,230
"DBC,EFA,GLD,LQD,SPY,TIP",6,2006-12-01,2026-04-10,19.4,235334.0,4.52,-21.56,0.58,0.21,1.66,61.4,5.35,-14.91,2018,13.32,0.243,233
"EFA,GLD,LQD,SLV,SPY,TIP",6,2007-03-01,2026-04-10,19.1,277793.0,5.49,-22.02,0.7,0.25,1.73,59.1,5.36,-15.74,2018,19.15,0.265,230
"DBC,EFA,GLD,SLV,SPY,TIP",6,2007-03-01,2026-04-10,19.1,258174.0,5.09,-25.89,0.54,0.2,1.57,60.0,5.45,-18.26,2015,21.35,0.294,230
"DBC,EFA,GLD,LQD,SLV,SPY",6,2007-03-01,2026-04-10,19.1,312285.0,6.14,-23.58,0.61,0.26,1.68,58.7,5.55,-12.78,2015,21.45,0.326,230
"EEM,GLD,SPY,TIP,TLT,VNQ",6,2005-10-03,2026-04-10,20.5,464159.0,7.77,-18.07,0.86,0.43,2.03,61.1,5.6,-12.62,2022,23.31,0.179,247
"EEM,GLD,LQD,SPY,TLT,VNQ",6,2005-10-03,2026-04-10,20.5,553497.0,8.7,-17.97,0.9,0.48,2.1,61.5,5.65,-12.72,2022,22.44,0.214,247
"DBC,EEM,GLD,SPY,TLT,VNQ",6,2006-12-01,2026-04-10,19.4,506104.0,8.74,-23.59,0.77,0.37,1.92,60.9,5.61,-12.5,2022,26.33,0.213,233
"EEM,GLD,SLV,SPY,TLT,VNQ",6,2007-03-01,2026-04-10,19.1,627058.0,10.08,-19.76,0.84,0.51,1.94,62.6,5.73,-13.49,2015,28.64,0.23,230
"EEM,GLD,LQD,SPY,TIP,VNQ",6,2005-10-03,2026-04-10,20.5,358838.0,6.43,-20.39,0.8,0.32,1.94,62.3,5.48,-12.85,2022,15.94,0.253,247
"DBC,EEM,GLD,SPY,TIP,VNQ",6,2006-12-01,2026-04-10,19.4,276789.0,5.4,-22.72,0.58,0.24,1.68,59.2,5.54,-14.78,2022,23.39,0.272,233
"EEM,GLD,SLV,SPY,TIP,VNQ",6,2007-03-01,2026-04-10,19.1,350020.0,6.78,-23.64,0.71,0.29,1.78,60.9,5.51,-13.93,2015,26.14,0.281,230
"DBC,EEM,GLD,LQD,SPY,VNQ",6,2006-12-01,2026-04-10,19.4,308288.0,5.99,-24.91,0.57,0.24,1.72,59.7,5.51,-13.09,2008,21.67,0.32,233
"EEM,GLD,LQD,SLV,SPY,VNQ",6,2007-03-01,2026-04-10,19.1,391920.0,7.41,-21.62,0.68,0.34,1.82,59.6,5.57,-13.37,2015,23.9,0.325,230
"DBC,EEM,GLD,SLV,SPY,VNQ",6,2007-03-01,2026-04-10,19.1,500825.0,8.8,-31.43,0.63,0.28,1.76,59.6,5.84,-13.28,2015,35.36,0.396,230
"EEM,GLD,LQD,SPY,TIP,TLT",6,2005-10-03,2026-04-10,20.5,397134.0,6.95,-20.42,0.83,0.34,2.02,62.3,5.7,-14.15,2018,24.76,0.202,247
"DBC,EEM,GLD,SPY,TIP,TLT",6,2006-12-01,2026-04-10,19.4,301358.0,5.86,-23.25,0.65,0.25,1.75,59.2,5.58,-16.79,2018,27.46,0.162,233
"EEM,GLD,SLV,SPY,TIP,TLT",6,2007-03-01,2026-04-10,19.1,368523.0,7.06,-23.28,0.76,0.3,1.81,61.3,5.6,-16.91,2018,26.8,0.196,230
"DBC,EEM,GLD,LQD,SPY,TLT",6,2006-12-01,2026-04-10,19.4,377953.0,7.11,-22.44,0.73,0.32,1.93,59.2,5.51,-12.14,2015,27.86,0.184,233
"EEM,GLD,LQD,SLV,SPY,TLT",6,2007-03-01,2026-04-10,19.1,437783.0,8.03,-19.97,0.81,0.4,1.93,59.1,5.66,-13.67,2015,29.12,0.214,230
"DBC,EEM,GLD,SLV,SPY,TLT",6,2007-03-01,2026-04-10,19.1,478251.0,8.53,-28.16,0.71,0.3,1.8,60.0,5.8,-13.76,2015,32.11,0.226,230
"DBC,EEM,GLD,LQD,SPY,TIP",6,2006-12-01,2026-04-10,19.4,235364.0,4.52,-21.56,0.58,0.21,1.66,59.7,5.36,-13.12,2018,14.19,0.235,233
"EEM,GLD,LQD,SLV,SPY,TIP",6,2007-03-01,2026-04-10,19.1,280379.0,5.54,-19.68,0.7,0.28,1.74,60.0,5.38,-13.52,2015,20.06,0.257,230
"DBC,EEM,GLD,SLV,SPY,TIP",6,2007-03-01,2026-04-10,19.1,255555.0,5.03,-29.95,0.53,0.17,1.56,59.6,5.47,-19.07,2015,23.69,0.289,230
"DBC,EEM,GLD,LQD,SLV,SPY",6,2007-03-01,2026-04-10,19.1,317670.0,6.23,-23.73,0.61,0.26,1.68,59.1,5.48,-13.32,2015,22.82,0.319,230
"GLD,LQD,SPY,TIP,TLT,VNQ",6,2005-10-03,2026-04-10,20.5,435328.0,7.43,-17.1,0.91,0.43,2.09,59.5,5.77,-13.06,2022,25.48,0.2,247
"DBC,GLD,SPY,TIP,TLT,VNQ",6,2006-12-01,2026-04-10,19.4,315658.0,6.12,-22.72,0.69,0.27,1.79,59.2,5.75,-14.94,2022,28.24,0.148,233
"GLD,SLV,SPY,TIP,TLT,VNQ",6,2007-03-01,2026-04-10,19.1,400800.0,7.54,-19.47,0.82,0.39,1.88,59.6,5.74,-13.18,2015,27.86,0.184,230
"DBC,GLD,LQD,SPY,TLT,VNQ",6,2006-12-01,2026-04-10,19.4,391533.0,7.31,-23.59,0.77,0.31,1.93,61.8,5.69,-12.95,2022,28.18,0.167,233
"GLD,LQD,SLV,SPY,TLT,VNQ",6,2007-03-01,2026-04-10,19.1,467308.0,8.4,-21.69,0.86,0.39,1.95,60.9,5.89,-13.0,2015,29.71,0.2,230
"DBC,GLD,SLV,SPY,TLT,VNQ",6,2007-03-01,2026-04-10,19.1,540527.0,9.23,-24.34,0.78,0.38,1.87,60.0,5.97,-13.05,2015,32.84,0.2,230
"DBC,GLD,LQD,SPY,TIP,VNQ",6,2006-12-01,2026-04-10,19.4,246475.0,4.77,-22.72,0.61,0.21,1.68,59.2,5.59,-15.33,2022,15.18,0.214,233
"GLD,LQD,SLV,SPY,TIP,VNQ",6,2007-03-01,2026-04-10,19.1,300814.0,5.93,-21.55,0.75,0.28,1.79,59.6,5.6,-13.34,2015,17.25,0.238,230
"DBC,GLD,SLV,SPY,TIP,VNQ",6,2007-03-01,2026-04-10,19.1,286386.0,5.66,-23.89,0.59,0.24,1.65,59.1,5.73,-14.26,2015,21.58,0.258,230
"DBC,GLD,LQD,SLV,SPY,VNQ",6,2007-03-01,2026-04-10,19.1,317722.0,6.24,-25.03,0.58,0.25,1.69,60.4,5.77,-13.53,2022,19.48,0.286,230
"DBC,GLD,LQD,SPY,TIP,TLT",6,2006-12-01,2026-04-10,19.4,292411.0,5.7,-21.56,0.69,0.26,1.83,58.8,5.72,-14.46,2018,29.23,0.191,233
"GLD,LQD,SLV,SPY,TIP,TLT",6,2007-03-01,2026-04-10,19.1,345384.0,6.7,-19.97,0.8,0.34,1.88,60.9,5.79,-14.32,2018,29.41,0.24,230
"DBC,GLD,SLV,SPY,TIP,TLT",6,2007-03-01,2026-04-10,19.1,311721.0,6.13,-22.82,0.66,0.27,1.71,57.8,5.8,-17.03,2018,31.78,0.202,230
"DBC,GLD,LQD,SLV,SPY,TLT",6,2007-03-01,2026-04-10,19.1,386713.0,7.33,-24.35,0.73,0.3,1.86,59.6,5.86,-12.78,2015,35.84,0.204,230
"DBC,GLD,LQD,SLV,SPY,TIP",6,2007-03-01,2026-04-10,19.1,235290.0,4.58,-22.8,0.57,0.2,1.61,57.8,5.55,-13.63,2015,16.29,0.254,230
"EEM,EFA,GLD,TIP,TLT,VNQ",6,2005-10-03,2026-04-10,20.5,446587.0,7.57,-21.09,0.8,0.36,1.92,60.7,5.6,-11.57,2018,21.89,0.189,247
"EEM,EFA,GLD,LQD,TLT,VNQ",6,2005-10-03,2026-04-10,20.5,523359.0,8.4,-21.75,0.84,0.39,1.98,59.5,5.78,-15.22,2015,21.83,0.223,247
"DBC,EEM,EFA,GLD,TLT,VNQ",6,2006-12-01,2026-04-10,19.4,415268.0,7.63,-25.8,0.65,0.3,1.73,58.8,5.95,-13.16,2015,24.11,0.224,233
"EEM,EFA,GLD,SLV,TLT,VNQ",6,2007-03-01,2026-04-10,19.1,536256.0,9.19,-24.18,0.74,0.38,1.77,59.1,6.02,-14.95,2015,32.84,0.243,230
"EEM,EFA,GLD,LQD,TIP,VNQ",6,2005-10-03,2026-04-10,20.5,340998.0,6.16,-22.93,0.75,0.27,1.85,60.7,5.54,-13.92,2015,18.65,0.264,247
"DBC,EEM,EFA,GLD,TIP,VNQ",6,2006-12-01,2026-04-10,19.4,243067.0,4.7,-27.19,0.5,0.17,1.55,57.9,5.64,-10.82,2018,23.92,0.284,233
"EEM,EFA,GLD,SLV,TIP,VNQ",6,2007-03-01,2026-04-10,19.1,317508.0,6.23,-25.49,0.64,0.24,1.67,57.0,5.43,-11.86,2015,26.56,0.295,230
"DBC,EEM,EFA,GLD,LQD,VNQ",6,2006-12-01,2026-04-10,19.4,263134.0,5.13,-26.33,0.48,0.19,1.58,60.9,5.78,-15.31,2008,22.22,0.331,233
"EEM,EFA,GLD,LQD,SLV,VNQ",6,2007-03-01,2026-04-10,19.1,346991.0,6.73,-24.91,0.62,0.27,1.7,59.1,5.76,-16.5,2015,28.15,0.339,230
"DBC,EEM,EFA,GLD,SLV,VNQ",6,2007-03-01,2026-04-10,19.1,409641.0,7.66,-34.74,0.55,0.22,1.61,59.1,6.14,-13.3,2015,36.38,0.41,230
"EEM,EFA,GLD,LQD,TIP,TLT",6,2005-10-03,2026-04-10,20.5,425551.0,7.31,-19.43,0.85,0.38,2.06,58.3,5.65,-12.86,2015,22.82,0.218,247
"DBC,EEM,EFA,GLD,TIP,TLT",6,2006-12-01,2026-04-10,19.4,297541.0,5.79,-21.0,0.62,0.28,1.72,57.5,5.66,-11.9,2018,25.42,0.179,233
"EEM,EFA,GLD,SLV,TIP,TLT",6,2007-03-01,2026-04-10,19.1,391364.0,7.4,-20.51,0.78,0.36,1.83,57.8,5.47,-10.33,2015,24.85,0.215,230
"DBC,EEM,EFA,GLD,LQD,TLT",6,2006-12-01,2026-04-10,19.4,342612.0,6.57,-20.13,0.67,0.33,1.83,56.7,5.65,-14.21,2015,24.37,0.2,233
"EEM,EFA,GLD,LQD,SLV,TLT",6,2007-03-01,2026-04-10,19.1,403191.0,7.57,-21.39,0.75,0.35,1.83,55.7,5.73,-15.83,2015,27.76,0.233,230
"DBC,EEM,EFA,GLD,SLV,TLT",6,2007-03-01,2026-04-10,19.1,355286.0,6.86,-39.84,0.56,0.17,1.57,55.7,6.15,-13.84,2018,29.5,0.246,230
"DBC,EEM,EFA,GLD,LQD,TIP",6,2006-12-01,2026-04-10,19.4,235244.0,4.52,-19.42,0.57,0.23,1.67,56.7,5.41,-13.35,2015,15.99,0.252,233
"EEM,EFA,GLD,LQD,SLV,TIP",6,2007-03-01,2026-04-10,19.1,281802.0,5.57,-17.65,0.71,0.32,1.73,54.8,5.29,-14.93,2015,23.33,0.277,230
"DBC,EEM,EFA,GLD,SLV,TIP",6,2007-03-01,2026-04-10,19.1,227466.0,4.39,-37.0,0.47,0.12,1.49,55.7,5.51,-17.61,2015,24.06,0.31,230
"DBC,EEM,EFA,GLD,LQD,SLV",6,2007-03-01,2026-04-10,19.1,271315.0,5.36,-25.2,0.53,0.21,1.57,53.5,5.63,-15.86,2015,25.06,0.34,230
"EFA,GLD,LQD,TIP,TLT,VNQ",6,2005-10-03,2026-04-10,20.5,419232.0,7.24,-20.46,0.86,0.35,2.0,58.3,5.84,-13.62,2015,23.44,0.208,247
"DBC,EFA,GLD,TIP,TLT,VNQ",6,2006-12-01,2026-04-10,19.4,279281.0,5.45,-21.61,0.6,0.25,1.66,58.8,5.91,-12.42,2018,26.11,0.158,233
"EFA,GLD,SLV,TIP,TLT,VNQ",6,2007-03-01,2026-04-10,19.1,364198.0,7.0,-22.82,0.74,0.31,1.75,59.1,5.77,-13.25,2015,25.81,0.196,230
"DBC,EFA,GLD,LQD,TLT,VNQ",6,2006-12-01,2026-04-10,19.4,334069.0,6.43,-22.48,0.66,0.29,1.77,60.1,5.92,-14.4,2015,24.46,0.176,233
"EFA,GLD,LQD,SLV,TLT,VNQ",6,2007-03-01,2026-04-10,19.1,411157.0,7.68,-22.75,0.77,0.34,1.8,59.1,6.1,-16.52,2015,26.32,0.211,230
"DBC,EFA,GLD,SLV,TLT,VNQ",6,2007-03-01,2026-04-10,19.1,419965.0,7.8,-29.27,0.64,0.27,1.66,57.4,6.37,-15.38,2015,29.21,0.213,230
"DBC,EFA,GLD,LQD,TIP,VNQ",6,2006-12-01,2026-04-10,19.4,220765.0,4.18,-22.81,0.52,0.18,1.58,57.5,5.79,-13.75,2015,13.06,0.224,233
"EFA,GLD,LQD,SLV,TIP,VNQ",6,2007-03-01,2026-04-10,19.1,272874.0,5.39,-24.41,0.67,0.22,1.68,58.3,5.67,-15.89,2015,20.53,0.251,230
"DBC,EFA,GLD,SLV,TIP,VNQ",6,2007-03-01,2026-04-10,19.1,243841.0,4.77,-30.92,0.5,0.15,1.52,57.4,5.84,-12.63,2015,22.04,0.272,230
"DBC,EFA,GLD,LQD,SLV,VNQ",6,2007-03-01,2026-04-10,19.1,261674.0,5.16,-25.57,0.48,0.2,1.55,57.0,6.09,-16.38,2015,21.08,0.299,230
"DBC,EFA,GLD,LQD,TIP,TLT",6,2006-12-01,2026-04-10,19.4,293658.0,5.72,-19.42,0.68,0.29,1.86,57.1,5.81,-12.7,2015,26.31,0.206,233
"EFA,GLD,LQD,SLV,TIP,TLT",6,2007-03-01,2026-04-10,19.1,346594.0,6.72,-20.54,0.8,0.33,1.87,56.1,5.77,-14.81,2015,26.55,0.257,230
"DBC,EFA,GLD,SLV,TIP,TLT",6,2007-03-01,2026-04-10,19.1,293114.0,5.79,-24.13,0.6,0.24,1.65,57.4,5.91,-12.09,2018,29.03,0.221,230
"DBC,EFA,GLD,LQD,SLV,TLT",6,2007-03-01,2026-04-10,19.1,335991.0,6.55,-23.8,0.65,0.28,1.74,53.9,6.06,-15.73,2015,29.79,0.222,230
"DBC,EFA,GLD,LQD,SLV,TIP",6,2007-03-01,2026-04-10,19.1,227647.0,4.4,-21.78,0.54,0.2,1.59,53.9,5.62,-15.46,2015,18.01,0.273,230
"EEM,GLD,LQD,TIP,TLT,VNQ",6,2005-10-03,2026-04-10,20.5,408533.0,7.1,-14.69,0.85,0.48,2.07,56.3,5.83,-9.93,2018,23.3,0.204,247
"DBC,EEM,GLD,TIP,TLT,VNQ",6,2006-12-01,2026-04-10,19.4,270641.0,5.28,-27.2,0.58,0.19,1.65,57.1,5.93,-12.87,2013,26.12,0.156,233
"EEM,GLD,SLV,TIP,TLT,VNQ",6,2007-03-01,2026-04-10,19.1,334500.0,6.52,-21.88,0.7,0.3,1.74,56.5,5.69,-10.2,2018,25.58,0.195,230
"DBC,EEM,GLD,LQD,TLT,VNQ",6,2006-12-01,2026-04-10,19.4,337974.0,6.49,-22.48,0.67,0.29,1.81,57.1,5.88,-9.83,2013,24.54,0.173,233
"EEM,GLD,LQD,SLV,TLT,VNQ",6,2007-03-01,2026-04-10,19.1,395102.0,7.45,-21.47,0.76,0.35,1.83,56.1,5.97,-10.84,2015,26.07,0.208,230
"DBC,EEM,GLD,SLV,TLT,VNQ",6,2007-03-01,2026-04-10,19.1,411328.0,7.68,-39.2,0.63,0.2,1.65,55.7,6.34,-10.7,2013,29.3,0.213,230
"DBC,EEM,GLD,LQD,TIP,VNQ",6,2006-12-01,2026-04-10,19.4,225713.0,4.3,-21.61,0.54,0.2,1.63,56.7,5.78,-11.29,2013,14.06,0.218,233
"EEM,GLD,LQD,SLV,TIP,VNQ",6,2007-03-01,2026-04-10,19.1,265599.0,5.24,-19.08,0.67,0.27,1.72,57.4,5.58,-8.99,2018,21.54,0.245,230
"DBC,EEM,GLD,SLV,TIP,VNQ",6,2007-03-01,2026-04-10,19.1,237781.0,4.64,-37.34,0.48,0.12,1.51,55.7,5.82,-12.65,2013,24.48,0.269,230
"DBC,EEM,GLD,LQD,SLV,VNQ",6,2007-03-01,2026-04-10,19.1,266064.0,5.25,-28.14,0.49,0.19,1.57,57.4,6.0,-10.7,2015,22.7,0.295,230
"DBC,EEM,GLD,LQD,TIP,TLT",6,2006-12-01,2026-04-10,19.4,303249.0,5.9,-19.42,0.71,0.3,1.94,54.9,5.75,-12.02,2013,26.49,0.203,233
"EEM,GLD,LQD,SLV,TIP,TLT",6,2007-03-01,2026-04-10,19.1,330816.0,6.46,-18.14,0.79,0.36,1.91,53.9,5.65,-8.28,2013,26.59,0.254,230
"DBC,EEM,GLD,SLV,TIP,TLT",6,2007-03-01,2026-04-10,19.1,290438.0,5.74,-32.31,0.6,0.18,1.65,54.8,5.81,-13.12,2013,29.21,0.221,230
"DBC,EEM,GLD,LQD,SLV,TLT",6,2007-03-01,2026-04-10,19.1,342405.0,6.65,-25.79,0.66,0.26,1.78,53.9,5.89,-12.42,2013,30.27,0.22,230
"DBC,EEM,GLD,LQD,SLV,TIP",6,2007-03-01,2026-04-10,19.1,236400.0,4.6,-22.4,0.58,0.21,1.65,53.9,5.52,-12.18,2013,19.12,0.269,230
"DBC,GLD,LQD,TIP,TLT,VNQ",6,2006-12-01,2026-04-10,19.4,282790.0,5.52,-21.61,0.66,0.26,1.79,53.6,5.91,-14.0,2013,27.03,0.195,233
"GLD,LQD,SLV,TIP,TLT,VNQ",6,2007-03-01,2026-04-10,19.1,296309.0,5.85,-22.57,0.7,0.26,1.74,55.2,5.91,-9.85,2015,27.26,0.248,230
"DBC,GLD,SLV,TIP,TLT,VNQ",6,2007-03-01,2026-04-10,19.1,270255.0,5.34,-30.51,0.57,0.18,1.58,54.8,6.1,-19.32,2013,29.92,0.203,230
"DBC,GLD,LQD,SLV,TLT,VNQ",6,2007-03-01,2026-04-10,19.1,331808.0,6.48,-25.61,0.65,0.25,1.7,55.7,6.19,-11.14,2013,30.49,0.2,230
"DBC,GLD,LQD,SLV,TIP,VNQ",6,2007-03-01,2026-04-10,19.1,211697.0,4.0,-25.98,0.49,0.15,1.51,54.8,5.92,-14.44,2013,16.0,0.244,230
"DBC,GLD,LQD,SLV,TIP,TLT",6,2007-03-01,2026-04-10,19.1,281697.0,5.57,-21.61,0.64,0.26,1.74,53.0,5.98,-16.46,2013,30.51,0.282,230
"EEM,EFA,SPY,TIP,TLT,VNQ",6,2005-08-01,2026-04-10,20.7,311193.0,5.64,-23.21,0.6,0.24,1.67,61.0,5.46,-24.91,2022,21.42,0.27,249
"EEM,EFA,LQD,SPY,TLT,VNQ",6,2005-08-01,2026-04-10,20.7,363260.0,6.43,-23.07,0.65,0.28,1.72,61.0,5.53,-23.27,2022,18.88,0.331,249
"DBC,EEM,EFA,SPY,TLT,VNQ",6,2006-12-01,2026-04-10,19.4,377482.0,7.1,-22.56,0.59,0.31,1.67,62.2,5.75,-11.1,2015,23.81,0.333,233
"EEM,EFA,SLV,SPY,TLT,VNQ",6,2007-03-01,2026-04-10,19.1,385228.0,7.31,-26.59,0.6,0.27,1.63,57.0,5.77,-24.94,2022,23.31,0.312,230
"EEM,EFA,LQD,SPY,TIP,VNQ",6,2005-08-01,2026-04-10,20.7,245574.0,4.44,-23.56,0.54,0.19,1.59,63.5,5.39,-24.48,2022,14.67,0.378,249
"DBC,EEM,EFA,SPY,TIP,VNQ",6,2006-12-01,2026-04-10,19.4,214101.0,4.01,-21.91,0.44,0.18,1.49,62.2,5.36,-16.15,2022,19.39,0.4,233
"EEM,EFA,SLV,SPY,TIP,VNQ",6,2007-03-01,2026-04-10,19.1,241243.0,4.72,-24.21,0.51,0.19,1.54,58.3,5.38,-22.78,2022,22.66,0.371,230
"DBC,EEM,EFA,LQD,SPY,VNQ",6,2006-12-01,2026-04-10,19.4,223821.0,4.25,-34.19,0.4,0.12,1.46,62.2,5.53,-21.36,2008,21.7,0.475,233
"EEM,EFA,LQD,SLV,SPY,VNQ",6,2007-03-01,2026-04-10,19.1,240045.0,4.69,-27.2,0.44,0.17,1.48,58.3,5.56,-25.04,2022,23.32,0.443,230
"DBC,EEM,EFA,SLV,SPY,VNQ",6,2007-03-01,2026-04-10,19.1,307687.0,6.06,-34.89,0.43,0.17,1.52,59.1,5.94,-15.92,2011,35.79,0.515,230
"EEM,EFA,LQD,SPY,TIP,TLT",6,2004-10-01,2026-04-10,21.5,291415.0,5.1,-24.67,0.61,0.21,1.69,62.9,5.51,-24.13,2022,22.16,0.257,259
"DBC,EEM,EFA,SPY,TIP,TLT",6,2006-12-01,2026-04-10,19.4,235075.0,4.51,-25.75,0.49,0.18,1.55,60.1,5.53,-19.41,2018,25.24,0.217,233
"EEM,EFA,SLV,SPY,TIP,TLT",6,2007-03-01,2026-04-10,19.1,250423.0,4.92,-27.2,0.53,0.18,1.54,57.8,5.46,-22.43,2022,24.35,0.213,230
"DBC,EEM,EFA,LQD,SPY,TLT",6,2006-12-01,2026-04-10,19.4,298643.0,5.82,-22.77,0.57,0.26,1.69,63.5,5.61,-12.78,2018,22.81,0.266,233
"EEM,EFA,LQD,SLV,SPY,TLT",6,2007-03-01,2026-04-10,19.1,280692.0,5.55,-27.84,0.56,0.2,1.59,57.4,5.72,-24.31,2022,24.16,0.258,230
"DBC,EEM,EFA,SLV,SPY,TLT",6,2007-03-01,2026-04-10,19.1,342631.0,6.66,-27.11,0.55,0.25,1.59,60.0,5.87,-14.07,2018,28.15,0.273,230
"DBC,EEM,EFA,LQD,SPY,TIP",6,2006-12-01,2026-04-10,19.4,190128.0,3.38,-22.6,0.42,0.15,1.47,63.5,5.39,-15.78,2018,13.65,0.325,233
"EEM,EFA,LQD,SLV,SPY,TIP",6,2007-03-01,2026-04-10,19.1,196098.0,3.59,-25.45,0.46,0.14,1.45,59.1,5.32,-22.62,2022,15.87,0.309,230
"DBC,EEM,EFA,SLV,SPY,TIP",6,2007-03-01,2026-04-10,19.1,201983.0,3.75,-26.86,0.41,0.14,1.43,60.4,5.44,-17.69,2018,19.93,0.344,230
"DBC,EEM,EFA,LQD,SLV,SPY",6,2007-03-01,2026-04-10,19.1,220120.0,4.22,-26.57,0.42,0.16,1.44,59.1,5.46,-12.36,2015,20.09,0.401,230
"EFA,LQD,SPY,TIP,TLT,VNQ",6,2005-08-01,2026-04-10,20.7,290369.0,5.29,-24.16,0.64,0.22,1.69,62.2,5.68,-24.97,2022,22.87,0.25,249
"DBC,EFA,SPY,TIP,TLT,VNQ",6,2006-12-01,2026-04-10,19.4,238665.0,4.6,-21.82,0.51,0.21,1.55,58.8,5.68,-17.12,2022,26.04,0.199,233
"EFA,SLV,SPY,TIP,TLT,VNQ",6,2007-03-01,2026-04-10,19.1,266942.0,5.27,-25.84,0.58,0.2,1.59,58.3,5.58,-22.96,2022,25.53,0.197,230
"DBC,EFA,LQD,SPY,TLT,VNQ",6,2006-12-01,2026-04-10,19.4,304285.0,5.92,-22.32,0.6,0.27,1.69,61.8,5.77,-11.66,2015,23.0,0.245,233
"EFA,LQD,SLV,SPY,TLT,VNQ",6,2007-03-01,2026-04-10,19.1,298964.0,5.9,-28.91,0.61,0.2,1.62,57.4,5.79,-25.38,2022,24.67,0.239,230
"DBC,EFA,SLV,SPY,TLT,VNQ",6,2007-03-01,2026-04-10,19.1,382092.0,7.27,-25.74,0.6,0.28,1.64,59.6,6.03,-13.39,2022,28.93,0.242,230
"DBC,EFA,LQD,SPY,TIP,VNQ",6,2006-12-01,2026-04-10,19.4,194789.0,3.5,-20.88,0.44,0.17,1.48,60.1,5.59,-16.31,2022,14.98,0.3,233
"EFA,LQD,SLV,SPY,TIP,VNQ",6,2007-03-01,2026-04-10,19.1,206671.0,3.87,-26.57,0.5,0.15,1.49,58.3,5.51,-23.31,2022,13.16,0.286,230
"DBC,EFA,SLV,SPY,TIP,VNQ",6,2007-03-01,2026-04-10,19.1,219982.0,4.21,-23.27,0.46,0.18,1.49,62.2,5.66,-15.69,2022,17.31,0.308,230
"DBC,EFA,LQD,SLV,SPY,VNQ",6,2007-03-01,2026-04-10,19.1,225785.0,4.35,-28.94,0.41,0.15,1.46,58.7,5.77,-13.61,2022,18.34,0.363,230
"DBC,EFA,LQD,SPY,TIP,TLT",6,2006-12-01,2026-04-10,19.4,235087.0,4.51,-23.08,0.54,0.2,1.63,61.8,5.7,-17.42,2018,26.06,0.204,233
"EFA,LQD,SLV,SPY,TIP,TLT",6,2007-03-01,2026-04-10,19.1,240062.0,4.69,-26.97,0.57,0.17,1.59,58.3,5.66,-22.87,2022,26.2,0.214,230
"DBC,EFA,SLV,SPY,TIP,TLT",6,2007-03-01,2026-04-10,19.1,234711.0,4.57,-25.41,0.5,0.18,1.52,60.9,5.74,-19.74,2018,28.97,0.179,230
"DBC,EFA,LQD,SLV,SPY,TLT",6,2007-03-01,2026-04-10,19.1,291526.0,5.76,-25.65,0.58,0.22,1.65,60.4,5.9,-12.71,2015,29.16,0.207,230
"DBC,EFA,LQD,SLV,SPY,TIP",6,2007-03-01,2026-04-10,19.1,185210.0,3.28,-23.35,0.42,0.14,1.43,61.7,5.54,-16.04,2018,12.75,0.266,230
"EEM,LQD,SPY,TIP,TLT,VNQ",6,2005-08-01,2026-04-10,20.7,291465.0,5.31,-24.86,0.63,0.21,1.71,62.2,5.77,-24.95,2022,22.64,0.24,249
"DBC,EEM,SPY,TIP,TLT,VNQ",6,2006-12-01,2026-04-10,19.4,236754.0,4.55,-21.59,0.5,0.21,1.55,57.9,5.75,-16.79,2022,25.97,0.192,233
"EEM,SLV,SPY,TIP,TLT,VNQ",6,2007-03-01,2026-04-10,19.1,266936.0,5.27,-26.57,0.57,0.2,1.59,58.7,5.64,-22.85,2022,25.17,0.19,230
"DBC,EEM,LQD,SPY,TLT,VNQ",6,2006-12-01,2026-04-10,19.4,302587.0,5.89,-22.93,0.59,0.26,1.7,62.7,5.74,-12.16,2015,22.93,0.237,233
"EEM,LQD,SLV,SPY,TLT,VNQ",6,2007-03-01,2026-04-10,19.1,295562.0,5.83,-30.74,0.59,0.19,1.62,58.3,5.89,-26.49,2022,24.11,0.231,230
"DBC,EEM,SLV,SPY,TLT,VNQ",6,2007-03-01,2026-04-10,19.1,385812.0,7.32,-26.98,0.6,0.27,1.65,58.7,6.0,-13.0,2022,28.82,0.237,230
"DBC,EEM,LQD,SPY,TIP,VNQ",6,2006-12-01,2026-04-10,19.4,194823.0,3.51,-20.77,0.44,0.17,1.48,60.5,5.64,-16.06,2022,14.56,0.289,233
"EEM,LQD,SLV,SPY,TIP,VNQ",6,2007-03-01,2026-04-10,19.1,209419.0,3.94,-27.49,0.5,0.14,1.5,58.3,5.56,-23.28,2022,13.92,0.275,230
"DBC,EEM,SLV,SPY,TIP,VNQ",6,2007-03-01,2026-04-10,19.1,219433.0,4.2,-24.81,0.45,0.17,1.49,58.7,5.71,-15.33,2022,20.3,0.3,230
"DBC,EEM,LQD,SLV,SPY,VNQ",6,2007-03-01,2026-04-10,19.1,226085.0,4.36,-28.54,0.41,0.15,1.46,59.1,5.74,-13.33,2022,20.84,0.353,230
"DBC,EEM,LQD,SPY,TIP,TLT",6,2006-12-01,2026-04-10,19.4,234008.0,4.49,-21.68,0.53,0.21,1.64,60.9,5.74,-15.7,2018,26.24,0.196,233
"EEM,LQD,SLV,SPY,TIP,TLT",6,2007-03-01,2026-04-10,19.1,240421.0,4.7,-27.22,0.57,0.17,1.59,58.7,5.7,-22.66,2022,26.2,0.206,230
"DBC,EEM,SLV,SPY,TIP,TLT",6,2007-03-01,2026-04-10,19.1,232474.0,4.51,-24.16,0.49,0.19,1.51,59.1,5.77,-18.13,2018,29.09,0.174,230
"DBC,EEM,LQD,SLV,SPY,TLT",6,2007-03-01,2026-04-10,19.1,291556.0,5.76,-26.89,0.57,0.21,1.66,57.8,5.82,-13.18,2015,29.71,0.201,230
"DBC,EEM,LQD,SLV,SPY,TIP",6,2007-03-01,2026-04-10,19.1,184944.0,3.27,-24.29,0.41,0.13,1.43,59.1,5.57,-14.41,2018,13.62,0.256,230
"DBC,LQD,SPY,TIP,TLT,VNQ",6,2006-12-01,2026-04-10,19.4,217514.0,4.1,-27.07,0.5,0.15,1.56,61.4,5.82,-16.68,2022,26.86,0.19,233
"LQD,SLV,SPY,TIP,TLT,VNQ",6,2007-03-01,2026-04-10,19.1,240240.0,4.69,-31.61,0.57,0.15,1.58,57.0,5.86,-23.45,2022,26.99,0.203,230
"DBC,SLV,SPY,TIP,TLT,VNQ",6,2007-03-01,2026-04-10,19.1,229717.0,4.45,-27.7,0.48,0.16,1.51,57.0,5.99,-15.22,2022,29.97,0.158,230
"DBC,LQD,SLV,SPY,TLT,VNQ",6,2007-03-01,2026-04-10,19.1,289342.0,5.72,-30.96,0.58,0.18,1.64,60.0,6.08,-13.63,2022,30.15,0.183,230
"DBC,LQD,SLV,SPY,TIP,VNQ",6,2007-03-01,2026-04-10,19.1,183181.0,3.22,-28.46,0.4,0.11,1.42,59.1,5.82,-16.04,2022,15.57,0.234,230
"DBC,LQD,SLV,SPY,TIP,TLT",6,2007-03-01,2026-04-10,19.1,219019.0,4.19,-27.68,0.5,0.15,1.55,59.1,5.97,-16.0,2018,30.74,0.194,230
"EEM,EFA,LQD,TIP,TLT,VNQ",6,2005-08-01,2026-04-10,20.7,267157.0,4.86,-20.4,0.57,0.24,1.64,57.8,5.64,-18.83,2022,21.31,0.245,249
"DBC,EEM,EFA,TIP,TLT,VNQ",6,2006-12-01,2026-04-10,19.4,220126.0,4.16,-20.82,0.45,0.2,1.48,59.2,5.86,-13.53,2018,24.38,0.199,233
"EEM,EFA,SLV,TIP,TLT,VNQ",6,2007-03-01,2026-04-10,19.1,239408.0,4.67,-22.0,0.51,0.21,1.51,56.5,5.44,-16.6,2022,23.7,0.199,230
"DBC,EEM,EFA,LQD,TLT,VNQ",6,2006-12-01,2026-04-10,19.4,269777.0,5.26,-24.68,0.51,0.21,1.61,60.9,5.93,-14.93,2015,20.95,0.243,233
"EEM,EFA,LQD,SLV,TLT,VNQ",6,2007-03-01,2026-04-10,19.1,257413.0,5.07,-26.69,0.51,0.19,1.53,56.5,5.95,-20.04,2022,22.8,0.239,230
"DBC,EEM,EFA,SLV,TLT,VNQ",6,2007-03-01,2026-04-10,19.1,337738.0,6.58,-31.77,0.52,0.21,1.55,58.3,6.37,-14.78,2015,26.47,0.246,230
"DBC,EEM,EFA,LQD,TIP,VNQ",6,2006-12-01,2026-04-10,19.4,180323.0,3.09,-22.65,0.38,0.14,1.42,60.9,5.79,-13.56,2015,11.96,0.295,233
"EEM,EFA,LQD,SLV,TIP,VNQ",6,2007-03-01,2026-04-10,19.1,184850.0,3.27,-23.76,0.42,0.14,1.41,56.5,5.42,-17.36,2022,14.25,0.284,230
"DBC,EEM,EFA,SLV,TIP,VNQ",6,2007-03-01,2026-04-10,19.1,197307.0,3.62,-31.15,0.39,0.12,1.41,58.7,5.74,-11.96,2018,20.94,0.311,230
"DBC,EEM,EFA,LQD,SLV,VNQ",6,2007-03-01,2026-04-10,19.1,195035.0,3.56,-29.96,0.34,0.12,1.37,59.6,6.04,-15.99,2015,21.49,0.363,230
"DBC,EEM,EFA,LQD,TIP,TLT",6,2006-12-01,2026-04-10,19.4,257477.0,5.01,-20.58,0.57,0.24,1.72,59.2,5.75,-12.57,2015,24.06,0.207,233
"EEM,EFA,LQD,SLV,TIP,TLT",6,2007-03-01,2026-04-10,19.1,234370.0,4.56,-22.79,0.56,0.2,1.59,54.8,5.48,-16.73,2022,24.16,0.221,230
"DBC,EEM,EFA,SLV,TIP,TLT",6,2007-03-01,2026-04-10,19.1,233418.0,4.54,-23.62,0.47,0.19,1.5,57.0,5.8,-13.04,2018,26.94,0.189,230
"DBC,EEM,EFA,LQD,SLV,TLT",6,2007-03-01,2026-04-10,19.1,265868.0,5.25,-27.69,0.51,0.19,1.59,55.2,5.99,-15.5,2015,25.89,0.216,230
"DBC,EEM,EFA,LQD,SLV,TIP",6,2007-03-01,2026-04-10,19.1,187889.0,3.36,-23.16,0.41,0.14,1.44,57.0,5.58,-14.51,2015,15.05,0.272,230
"DBC,EFA,LQD,TIP,TLT,VNQ",6,2006-12-01,2026-04-10,19.4,221010.0,4.18,-20.39,0.49,0.21,1.56,60.5,6.04,-13.36,2015,24.59,0.195,233
"EFA,LQD,SLV,TIP,TLT,VNQ",6,2007-03-01,2026-04-10,19.1,222911.0,4.28,-23.93,0.53,0.18,1.52,57.0,5.71,-17.37,2022,24.85,0.21,230
"DBC,EFA,SLV,TIP,TLT,VNQ",6,2007-03-01,2026-04-10,19.1,215611.0,4.1,-25.07,0.44,0.16,1.45,59.6,6.11,-13.72,2018,27.72,0.167,230
"DBC,EFA,LQD,SLV,TLT,VNQ",6,2007-03-01,2026-04-10,19.1,258209.0,5.09,-29.12,0.51,0.17,1.54,59.1,6.35,-16.22,2015,26.07,0.191,230
"DBC,EFA,LQD,SLV,TIP,VNQ",6,2007-03-01,2026-04-10,19.1,173111.0,2.91,-25.45,0.36,0.11,1.37,57.8,5.99,-15.53,2015,12.03,0.242,230
"DBC,EFA,LQD,SLV,TIP,TLT",6,2007-03-01,2026-04-10,19.1,231337.0,4.49,-23.94,0.52,0.19,1.6,56.1,6.03,-14.52,2015,27.61,0.208,230
"DBC,EEM,LQD,TIP,TLT,VNQ",6,2006-12-01,2026-04-10,19.4,222589.0,4.22,-21.77,0.5,0.19,1.6,56.2,6.05,-11.82,2013,24.6,0.189,233
"EEM,LQD,SLV,TIP,TLT,VNQ",6,2007-03-01,2026-04-10,19.1,212581.0,4.03,-25.93,0.5,0.16,1.53,54.8,5.66,-17.25,2022,24.69,0.204,230
"DBC,EEM,SLV,TIP,TLT,VNQ",6,2007-03-01,2026-04-10,19.1,206643.0,3.87,-29.4,0.41,0.13,1.43,55.7,6.09,-13.35,2013,27.7,0.164,230
"DBC,EEM,LQD,SLV,TLT,VNQ",6,2007-03-01,2026-04-10,19.1,254735.0,5.01,-31.45,0.5,0.16,1.55,57.0,6.25,-10.54,2015,26.13,0.186,230
"DBC,EEM,LQD,SLV,TIP,VNQ",6,2007-03-01,2026-04-10,19.1,174680.0,2.96,-27.05,0.37,0.11,1.39,56.1,5.95,-11.95,2013,13.01,0.235,230
"DBC,EEM,LQD,SLV,TIP,TLT",6,2007-03-01,2026-04-10,19.1,235882.0,4.59,-25.84,0.54,0.18,1.64,55.7,5.95,-12.78,2013,27.81,0.204,230
"DBC,LQD,SLV,TIP,TLT,VNQ",6,2007-03-01,2026-04-10,19.1,189472.0,3.4,-32.46,0.41,0.1,1.44,54.3,6.15,-14.95,2013,28.4,0.194,230
